sale_date,category_code,units_sold,granularity
2014-01-02,M01AB,0.0,daily
2014-01-03,M01AB,8.0,daily
2014-01-04,M01AB,2.0,daily
2014-01-05,M01AB,4.0,daily
2014-01-06,M01AB,5.0,daily
2014-01-07,M01AB,0.0,daily
2014-01-08,M01AB,5.33,daily
2014-01-09,M01AB,7.0,daily
2014-01-10,M01AB,5.0,daily
2014-01-11,M01AB,5.0,daily
2014-01-12,M01AB,2.0,daily
2014-01-13,M01AB,7.34,daily
2014-01-14,M01AB,6.0,daily
2014-01-15,M01AB,4.0,daily
2014-01-16,M01AB,6.0,daily
2014-01-17,M01AB,2.0,daily
2014-01-18,M01AB,1.0,daily
2014-01-19,M01AB,4.33,daily
2014-01-20,M01AB,6.0,daily
2014-01-21,M01AB,2.0,daily
2014-01-22,M01AB,7.0,daily
2014-01-23,M01AB,4.0,daily
2014-01-24,M01AB,4.67,daily
2014-01-25,M01AB,6.0,daily
2014-01-26,M01AB,4.33,daily
2014-01-27,M01AB,4.34,daily
2014-01-28,M01AB,6.0,daily
2014-01-29,M01AB,5.33,daily
2014-01-30,M01AB,3.02,daily
2014-01-31,M01AB,1.0,daily
2014-02-01,M01AB,4.33,daily
2014-02-02,M01AB,7.0,daily
2014-02-03,M01AB,5.0,daily
2014-02-04,M01AB,1.33,daily
2014-02-05,M01AB,3.0,daily
2014-02-06,M01AB,3.33,daily
2014-02-07,M01AB,2.66,daily
2014-02-08,M01AB,3.33,daily
2014-02-09,M01AB,4.0,daily
2014-02-10,M01AB,5.0,daily
2014-02-11,M01AB,10.0,daily
2014-02-12,M01AB,9.0,daily
2014-02-13,M01AB,4.33,daily
2014-02-14,M01AB,4.0,daily
2014-02-15,M01AB,1.0,daily
2014-02-16,M01AB,0.0,daily
2014-02-17,M01AB,7.34,daily
2014-02-18,M01AB,7.34,daily
2014-02-19,M01AB,3.33,daily
2014-02-20,M01AB,7.0,daily
2014-02-21,M01AB,6.0,daily
2014-02-22,M01AB,7.0,daily
2014-02-23,M01AB,1.0,daily
2014-02-24,M01AB,7.0,daily
2014-02-25,M01AB,5.0,daily
2014-02-26,M01AB,5.0,daily
2014-02-27,M01AB,3.0,daily
2014-02-28,M01AB,7.0,daily
2014-03-01,M01AB,6.34,daily
2014-03-02,M01AB,3.34,daily
2014-03-03,M01AB,4.0,daily
2014-03-04,M01AB,5.34,daily
2014-03-05,M01AB,3.34,daily
2014-03-06,M01AB,3.0,daily
2014-03-07,M01AB,4.0,daily
2014-03-08,M01AB,4.34,daily
2014-03-09,M01AB,1.0,daily
2014-03-10,M01AB,6.68,daily
2014-03-11,M01AB,6.0,daily
2014-03-12,M01AB,6.34,daily
2014-03-13,M01AB,2.31,daily
2014-03-14,M01AB,4.34,daily
2014-03-15,M01AB,4.0,daily
2014-03-16,M01AB,2.68,daily
2014-03-17,M01AB,8.68,daily
2014-03-18,M01AB,8.0,daily
2014-03-19,M01AB,4.0,daily
2014-03-20,M01AB,3.0,daily
2014-03-21,M01AB,6.0,daily
2014-03-22,M01AB,3.34,daily
2014-03-23,M01AB,6.34,daily
2014-03-24,M01AB,5.68,daily
2014-03-25,M01AB,4.0,daily
2014-03-26,M01AB,2.34,daily
2014-03-27,M01AB,4.0,daily
2014-03-28,M01AB,2.67,daily
2014-03-29,M01AB,4.0,daily
2014-03-30,M01AB,3.0,daily
2014-03-31,M01AB,5.34,daily
2014-04-01,M01AB,4.34,daily
2014-04-02,M01AB,2.0,daily
2014-04-03,M01AB,1.0,daily
2014-04-04,M01AB,3.0,daily
2014-04-05,M01AB,2.0,daily
2014-04-06,M01AB,2.0,daily
2014-04-07,M01AB,6.34,daily
2014-04-08,M01AB,4.34,daily
2014-04-09,M01AB,6.0,daily
2014-04-10,M01AB,3.33,daily
2014-04-11,M01AB,6.0,daily
2014-04-12,M01AB,7.02,daily
2014-04-13,M01AB,3.0,daily
2014-04-14,M01AB,1.34,daily
2014-04-15,M01AB,4.34,daily
2014-04-16,M01AB,2.0,daily
2014-04-17,M01AB,5.34,daily
2014-04-18,M01AB,7.0,daily
2014-04-19,M01AB,7.34,daily
2014-04-20,M01AB,0.0,daily
2014-04-21,M01AB,1.34,daily
2014-04-22,M01AB,5.34,daily
2014-04-23,M01AB,6.34,daily
2014-04-24,M01AB,2.0,daily
2014-04-25,M01AB,3.0,daily
2014-04-26,M01AB,4.34,daily
2014-04-27,M01AB,4.0,daily
2014-04-28,M01AB,1.34,daily
2014-04-29,M01AB,3.33,daily
2014-04-30,M01AB,4.34,daily
2014-05-01,M01AB,0.0,daily
2014-05-02,M01AB,7.34,daily
2014-05-03,M01AB,4.0,daily
2014-05-04,M01AB,1.67,daily
2014-05-05,M01AB,3.0,daily
2014-05-06,M01AB,7.34,daily
2014-05-07,M01AB,3.33,daily
2014-05-08,M01AB,2.0,daily
2014-05-09,M01AB,2.0,daily
2014-05-10,M01AB,5.0,daily
2014-05-11,M01AB,2.0,daily
2014-05-12,M01AB,4.34,daily
2014-05-13,M01AB,3.68,daily
2014-05-14,M01AB,1.0,daily
2014-05-15,M01AB,2.34,daily
2014-05-16,M01AB,5.34,daily
2014-05-17,M01AB,2.34,daily
2014-05-18,M01AB,3.34,daily
2014-05-19,M01AB,8.34,daily
2014-05-20,M01AB,1.0,daily
2014-05-21,M01AB,2.0,daily
2014-05-22,M01AB,3.68,daily
2014-05-23,M01AB,5.0,daily
2014-05-24,M01AB,3.0,daily
2014-05-25,M01AB,2.0,daily
2014-05-26,M01AB,2.68,daily
2014-05-27,M01AB,0.0,daily
2014-05-28,M01AB,1.34,daily
2014-05-29,M01AB,4.0,daily
2014-05-30,M01AB,3.02,daily
2014-05-31,M01AB,5.67,daily
2014-06-01,M01AB,1.0,daily
2014-06-02,M01AB,4.0,daily
2014-06-03,M01AB,3.0,daily
2014-06-04,M01AB,1.0,daily
2014-06-05,M01AB,0.34,daily
2014-06-06,M01AB,5.0,daily
2014-06-07,M01AB,9.0,daily
2014-06-08,M01AB,1.0,daily
2014-06-09,M01AB,6.33,daily
2014-06-10,M01AB,8.68,daily
2014-06-11,M01AB,4.34,daily
2014-06-12,M01AB,4.34,daily
2014-06-13,M01AB,1.0,daily
2014-06-14,M01AB,4.0,daily
2014-06-15,M01AB,0.34,daily
2014-06-16,M01AB,4.34,daily
2014-06-17,M01AB,5.0,daily
2014-06-18,M01AB,2.0,daily
2014-06-19,M01AB,3.0,daily
2014-06-20,M01AB,7.34,daily
2014-06-21,M01AB,6.0,daily
2014-06-22,M01AB,4.0,daily
2014-06-23,M01AB,2.34,daily
2014-06-24,M01AB,3.0,daily
2014-06-25,M01AB,8.0,daily
2014-06-26,M01AB,3.0,daily
2014-06-27,M01AB,4.34,daily
2014-06-28,M01AB,0.34,daily
2014-06-29,M01AB,0.0,daily
2014-06-30,M01AB,6.0,daily
2014-07-01,M01AB,4.34,daily
2014-07-02,M01AB,3.0,daily
2014-07-03,M01AB,2.33,daily
2014-07-04,M01AB,4.34,daily
2014-07-05,M01AB,3.34,daily
2014-07-06,M01AB,4.0,daily
2014-07-07,M01AB,2.0,daily
2014-07-08,M01AB,6.34,daily
2014-07-09,M01AB,3.0,daily
2014-07-10,M01AB,2.33,daily
2014-07-11,M01AB,2.0,daily
2014-07-12,M01AB,8.34,daily
2014-07-13,M01AB,2.0,daily
2014-07-14,M01AB,5.0,daily
2014-07-15,M01AB,3.34,daily
2014-07-16,M01AB,4.0,daily
2014-07-17,M01AB,2.0,daily
2014-07-18,M01AB,9.0,daily
2014-07-19,M01AB,7.33,daily
2014-07-20,M01AB,3.0,daily
2014-07-21,M01AB,3.0,daily
2014-07-22,M01AB,5.0,daily
2014-07-23,M01AB,2.67,daily
2014-07-24,M01AB,5.34,daily
2014-07-25,M01AB,5.0,daily
2014-07-26,M01AB,4.0,daily
2014-07-27,M01AB,3.0,daily
2014-07-28,M01AB,2.0,daily
2014-07-29,M01AB,2.34,daily
2014-07-30,M01AB,0.68,daily
2014-07-31,M01AB,3.0,daily
2014-08-01,M01AB,2.0,daily
2014-08-02,M01AB,5.0,daily
2014-08-03,M01AB,5.0,daily
2014-08-04,M01AB,4.0,daily
2014-08-05,M01AB,2.0,daily
2014-08-06,M01AB,6.0,daily
2014-08-07,M01AB,3.34,daily
2014-08-08,M01AB,5.02,daily
2014-08-09,M01AB,4.0,daily
2014-08-10,M01AB,4.0,daily
2014-08-11,M01AB,8.0,daily
2014-08-12,M01AB,0.0,daily
2014-08-13,M01AB,1.34,daily
2014-08-14,M01AB,4.0,daily
2014-08-15,M01AB,4.34,daily
2014-08-16,M01AB,8.0,daily
2014-08-17,M01AB,0.34,daily
2014-08-18,M01AB,4.34,daily
2014-08-19,M01AB,11.34,daily
2014-08-20,M01AB,5.34,daily
2014-08-21,M01AB,3.0,daily
2014-08-22,M01AB,6.34,daily
2014-08-23,M01AB,3.0,daily
2014-08-24,M01AB,3.0,daily
2014-08-25,M01AB,4.01,daily
2014-08-26,M01AB,2.34,daily
2014-08-27,M01AB,3.34,daily
2014-08-28,M01AB,2.34,daily
2014-08-29,M01AB,6.34,daily
2014-08-30,M01AB,3.68,daily
2014-08-31,M01AB,0.0,daily
2014-09-01,M01AB,3.34,daily
2014-09-02,M01AB,2.34,daily
2014-09-03,M01AB,7.0,daily
2014-09-04,M01AB,5.68,daily
2014-09-05,M01AB,4.0,daily
2014-09-06,M01AB,5.34,daily
2014-09-07,M01AB,2.0,daily
2014-09-08,M01AB,1.0,daily
2014-09-09,M01AB,6.34,daily
2014-09-10,M01AB,4.34,daily
2014-09-11,M01AB,0.0,daily
2014-09-12,M01AB,2.68,daily
2014-09-13,M01AB,3.0,daily
2014-09-14,M01AB,1.34,daily
2014-09-15,M01AB,1.34,daily
2014-09-16,M01AB,4.0,daily
2014-09-17,M01AB,2.34,daily
2014-09-18,M01AB,3.0,daily
2014-09-19,M01AB,2.0,daily
2014-09-20,M01AB,4.34,daily
2014-09-21,M01AB,1.0,daily
2014-09-22,M01AB,3.34,daily
2014-09-23,M01AB,3.0,daily
2014-09-24,M01AB,6.0,daily
2014-09-25,M01AB,4.68,daily
2014-09-26,M01AB,4.0,daily
2014-09-27,M01AB,4.0,daily
2014-09-28,M01AB,0.34,daily
2014-09-29,M01AB,7.0,daily
2014-09-30,M01AB,10.0,daily
2014-10-01,M01AB,2.34,daily
2014-10-02,M01AB,2.0,daily
2014-10-03,M01AB,4.33,daily
2014-10-04,M01AB,4.68,daily
2014-10-05,M01AB,2.0,daily
2014-10-06,M01AB,5.34,daily
2014-10-07,M01AB,3.0,daily
2014-10-08,M01AB,3.68,daily
2014-10-09,M01AB,1.0,daily
2014-10-10,M01AB,4.34,daily
2014-10-11,M01AB,3.34,daily
2014-10-12,M01AB,3.0,daily
2014-10-13,M01AB,1.68,daily
2014-10-14,M01AB,3.0,daily
2014-10-15,M01AB,1.33,daily
2014-10-16,M01AB,6.775,daily
2014-10-17,M01AB,3.0,daily
2014-10-18,M01AB,4.0,daily
2014-10-19,M01AB,3.33,daily
2014-10-20,M01AB,3.34,daily
2014-10-21,M01AB,2.34,daily
2014-10-22,M01AB,3.33,daily
2014-10-23,M01AB,1.34,daily
2014-10-24,M01AB,3.67,daily
2014-10-25,M01AB,2.33,daily
2014-10-26,M01AB,3.34,daily
2014-10-27,M01AB,8.34,daily
2014-10-28,M01AB,4.0,daily
2014-10-29,M01AB,5.0,daily
2014-10-30,M01AB,0.0,daily
2014-10-31,M01AB,2.0,daily
2014-11-01,M01AB,2.33,daily
2014-11-02,M01AB,4.0,daily
2014-11-03,M01AB,7.0,daily
2014-11-04,M01AB,6.33,daily
2014-11-05,M01AB,0.0,daily
2014-11-06,M01AB,6.0,daily
2014-11-07,M01AB,6.0,daily
2014-11-08,M01AB,12.0,daily
2014-11-09,M01AB,3.34,daily
2014-11-10,M01AB,1.0,daily
2014-11-11,M01AB,8.0,daily
2014-11-12,M01AB,3.0,daily
2014-11-13,M01AB,8.0,daily
2014-11-14,M01AB,5.34,daily
2014-11-15,M01AB,4.33,daily
2014-11-16,M01AB,2.0,daily
2014-11-17,M01AB,9.0,daily
2014-11-18,M01AB,2.67,daily
2014-11-19,M01AB,1.34,daily
2014-11-20,M01AB,4.0,daily
2014-11-21,M01AB,1.34,daily
2014-11-22,M01AB,6.0,daily
2014-11-23,M01AB,4.0,daily
2014-11-24,M01AB,4.0,daily
2014-11-25,M01AB,5.36,daily
2014-11-26,M01AB,3.0,daily
2014-11-27,M01AB,7.0,daily
2014-11-28,M01AB,3.02,daily
2014-11-29,M01AB,3.0,daily
2014-11-30,M01AB,5.68,daily
2014-12-01,M01AB,4.34,daily
2014-12-02,M01AB,6.99,daily
2014-12-03,M01AB,4.0,daily
2014-12-04,M01AB,3.0,daily
2014-12-05,M01AB,2.02,daily
2014-12-06,M01AB,3.34,daily
2014-12-07,M01AB,5.0,daily
2014-12-08,M01AB,1.0,daily
2014-12-09,M01AB,1.0,daily
2014-12-10,M01AB,3.34,daily
2014-12-11,M01AB,2.34,daily
2014-12-12,M01AB,6.34,daily
2014-12-13,M01AB,1.0,daily
2014-12-14,M01AB,10.0,daily
2014-12-15,M01AB,5.34,daily
2014-12-16,M01AB,6.34,daily
2014-12-17,M01AB,3.0,daily
2014-12-18,M01AB,5.0,daily
2014-12-19,M01AB,0.0,daily
2014-12-20,M01AB,1.0,daily
2014-12-21,M01AB,4.33,daily
2014-12-22,M01AB,3.34,daily
2014-12-23,M01AB,10.5,daily
2014-12-24,M01AB,1.0,daily
2014-12-25,M01AB,8.34,daily
2014-12-26,M01AB,3.33,daily
2014-12-27,M01AB,7.33,daily
2014-12-28,M01AB,2.34,daily
2014-12-29,M01AB,2.33,daily
2014-12-30,M01AB,9.0,daily
2014-12-31,M01AB,5.67,daily
2015-01-01,M01AB,0.0,daily
2015-01-02,M01AB,6.0,daily
2015-01-03,M01AB,9.0,daily
2015-01-04,M01AB,4.68,daily
2015-01-05,M01AB,2.34,daily
2015-01-06,M01AB,3.0,daily
2015-01-07,M01AB,0.0,daily
2015-01-08,M01AB,2.0,daily
2015-01-09,M01AB,3.0,daily
2015-01-10,M01AB,6.0,daily
2015-01-11,M01AB,3.0,daily
2015-01-12,M01AB,2.33,daily
2015-01-13,M01AB,10.34,daily
2015-01-14,M01AB,3.0,daily
2015-01-15,M01AB,6.67,daily
2015-01-16,M01AB,6.33,daily
2015-01-17,M01AB,6.68,daily
2015-01-18,M01AB,4.0,daily
2015-01-19,M01AB,5.34,daily
2015-01-20,M01AB,4.34,daily
2015-01-21,M01AB,4.0,daily
2015-01-22,M01AB,4.0,daily
2015-01-23,M01AB,3.67,daily
2015-01-24,M01AB,4.34,daily
2015-01-25,M01AB,4.0,daily
2015-01-26,M01AB,8.5,daily
2015-01-27,M01AB,2.67,daily
2015-01-28,M01AB,3.0,daily
2015-01-29,M01AB,4.34,daily
2015-01-30,M01AB,1.0,daily
2015-01-31,M01AB,8.34,daily
2015-02-01,M01AB,4.34,daily
2015-02-02,M01AB,6.0,daily
2015-02-03,M01AB,3.33,daily
2015-02-04,M01AB,2.34,daily
2015-02-05,M01AB,2.0,daily
2015-02-06,M01AB,3.33,daily
2015-02-07,M01AB,2.0,daily
2015-02-08,M01AB,1.34,daily
2015-02-09,M01AB,3.33,daily
2015-02-10,M01AB,3.66,daily
2015-02-11,M01AB,3.0,daily
2015-02-12,M01AB,3.0,daily
2015-02-13,M01AB,6.01,daily
2015-02-14,M01AB,4.33,daily
2015-02-15,M01AB,11.68,daily
2015-02-16,M01AB,3.01,daily
2015-02-17,M01AB,5.33,daily
2015-02-18,M01AB,1.0,daily
2015-02-19,M01AB,2.0,daily
2015-02-20,M01AB,5.33,daily
2015-02-21,M01AB,3.0,daily
2015-02-22,M01AB,2.0,daily
2015-02-23,M01AB,5.0,daily
2015-02-24,M01AB,3.68,daily
2015-02-25,M01AB,7.0,daily
2015-02-26,M01AB,6.0,daily
2015-02-27,M01AB,6.33,daily
2015-02-28,M01AB,6.34,daily
2015-03-01,M01AB,9.0,daily
2015-03-02,M01AB,6.67,daily
2015-03-03,M01AB,8.0,daily
2015-03-04,M01AB,9.68,daily
2015-03-05,M01AB,6.0,daily
2015-03-06,M01AB,2.0,daily
2015-03-07,M01AB,3.33,daily
2015-03-08,M01AB,6.0,daily
2015-03-09,M01AB,2.0,daily
2015-03-10,M01AB,1.34,daily
2015-03-11,M01AB,11.0,daily
2015-03-12,M01AB,2.68,daily
2015-03-13,M01AB,4.0,daily
2015-03-14,M01AB,2.66,daily
2015-03-15,M01AB,3.34,daily
2015-03-16,M01AB,8.0,daily
2015-03-17,M01AB,5.0,daily
2015-03-18,M01AB,7.33,daily
2015-03-19,M01AB,2.0,daily
2015-03-20,M01AB,1.0,daily
2015-03-21,M01AB,10.33,daily
2015-03-22,M01AB,8.34,daily
2015-03-23,M01AB,2.0,daily
2015-03-24,M01AB,4.0,daily
2015-03-25,M01AB,3.68,daily
2015-03-26,M01AB,5.0,daily
2015-03-27,M01AB,3.0,daily
2015-03-28,M01AB,1.33,daily
2015-03-29,M01AB,6.0,daily
2015-03-30,M01AB,6.33,daily
2015-03-31,M01AB,5.0,daily
2015-04-01,M01AB,6.34,daily
2015-04-02,M01AB,5.0,daily
2015-04-03,M01AB,5.33,daily
2015-04-04,M01AB,3.67,daily
2015-04-05,M01AB,3.34,daily
2015-04-06,M01AB,7.33,daily
2015-04-07,M01AB,6.0,daily
2015-04-08,M01AB,4.0,daily
2015-04-09,M01AB,1.33,daily
2015-04-10,M01AB,9.84,daily
2015-04-11,M01AB,11.68,daily
2015-04-12,M01AB,0.0,daily
2015-04-13,M01AB,6.67,daily
2015-04-14,M01AB,4.66,daily
2015-04-15,M01AB,2.0,daily
2015-04-16,M01AB,2.34,daily
2015-04-17,M01AB,9.33,daily
2015-04-18,M01AB,7.33,daily
2015-04-19,M01AB,9.32,daily
2015-04-20,M01AB,3.0,daily
2015-04-21,M01AB,6.33,daily
2015-04-22,M01AB,1.33,daily
2015-04-23,M01AB,4.0,daily
2015-04-24,M01AB,10.0,daily
2015-04-25,M01AB,5.0,daily
2015-04-26,M01AB,7.0,daily
2015-04-27,M01AB,3.0,daily
2015-04-28,M01AB,4.33,daily
2015-04-29,M01AB,2.0,daily
2015-04-30,M01AB,3.0,daily
2015-05-01,M01AB,5.34,daily
2015-05-02,M01AB,5.0,daily
2015-05-03,M01AB,6.67,daily
2015-05-04,M01AB,4.0,daily
2015-05-05,M01AB,3.34,daily
2015-05-06,M01AB,4.66,daily
2015-05-07,M01AB,2.0,daily
2015-05-08,M01AB,1.0,daily
2015-05-09,M01AB,3.66,daily
2015-05-10,M01AB,3.34,daily
2015-05-11,M01AB,3.33,daily
2015-05-12,M01AB,7.33,daily
2015-05-13,M01AB,8.0,daily
2015-05-14,M01AB,3.0,daily
2015-05-15,M01AB,3.34,daily
2015-05-16,M01AB,5.0,daily
2015-05-17,M01AB,5.0,daily
2015-05-18,M01AB,7.0,daily
2015-05-19,M01AB,3.0,daily
2015-05-20,M01AB,5.67,daily
2015-05-21,M01AB,6.0,daily
2015-05-22,M01AB,3.0,daily
2015-05-23,M01AB,5.68,daily
2015-05-24,M01AB,5.33,daily
2015-05-25,M01AB,9.66,daily
2015-05-26,M01AB,7.34,daily
2015-05-27,M01AB,4.0,daily
2015-05-28,M01AB,6.0,daily
2015-05-29,M01AB,6.33,daily
2015-05-30,M01AB,14.0,daily
2015-05-31,M01AB,3.0,daily
2015-06-01,M01AB,4.66,daily
2015-06-02,M01AB,8.33,daily
2015-06-03,M01AB,5.0,daily
2015-06-04,M01AB,2.33,daily
2015-06-05,M01AB,5.0,daily
2015-06-06,M01AB,3.68,daily
2015-06-07,M01AB,6.34,daily
2015-06-08,M01AB,6.0,daily
2015-06-09,M01AB,3.0,daily
2015-06-10,M01AB,4.34,daily
2015-06-11,M01AB,6.0,daily
2015-06-12,M01AB,1.67,daily
2015-06-13,M01AB,2.33,daily
2015-06-14,M01AB,5.0,daily
2015-06-15,M01AB,4.0,daily
2015-06-16,M01AB,7.0,daily
2015-06-17,M01AB,3.66,daily
2015-06-18,M01AB,3.0,daily
2015-06-19,M01AB,5.33,daily
2015-06-20,M01AB,9.34,daily
2015-06-21,M01AB,9.34,daily
2015-06-22,M01AB,5.17,daily
2015-06-23,M01AB,4.67,daily
2015-06-24,M01AB,3.83,daily
2015-06-25,M01AB,6.33,daily
2015-06-26,M01AB,7.17,daily
2015-06-27,M01AB,7.33,daily
2015-06-28,M01AB,5.34,daily
2015-06-29,M01AB,5.68,daily
2015-06-30,M01AB,1.0,daily
2015-07-01,M01AB,8.83,daily
2015-07-02,M01AB,3.0,daily
2015-07-03,M01AB,5.5,daily
2015-07-04,M01AB,7.35,daily
2015-07-05,M01AB,5.0,daily
2015-07-06,M01AB,5.5,daily
2015-07-07,M01AB,4.84,daily
2015-07-08,M01AB,2.0,daily
2015-07-09,M01AB,2.34,daily
2015-07-10,M01AB,5.5,daily
2015-07-11,M01AB,4.0,daily
2015-07-12,M01AB,6.33,daily
2015-07-13,M01AB,3.68,daily
2015-07-14,M01AB,0.34,daily
2015-07-15,M01AB,8.49,daily
2015-07-16,M01AB,8.34,daily
2015-07-17,M01AB,2.5,daily
2015-07-18,M01AB,3.68,daily
2015-07-19,M01AB,11.68,daily
2015-07-20,M01AB,5.84,daily
2015-07-21,M01AB,4.68,daily
2015-07-22,M01AB,9.33,daily
2015-07-23,M01AB,1.5,daily
2015-07-24,M01AB,6.0,daily
2015-07-25,M01AB,4.0,daily
2015-07-26,M01AB,5.0,daily
2015-07-27,M01AB,7.34,daily
2015-07-28,M01AB,14.18,daily
2015-07-29,M01AB,10.34,daily
2015-07-30,M01AB,3.0,daily
2015-07-31,M01AB,5.5,daily
2015-08-01,M01AB,5.0,daily
2015-08-02,M01AB,5.0,daily
2015-08-03,M01AB,1.5,daily
2015-08-04,M01AB,6.34,daily
2015-08-05,M01AB,5.0,daily
2015-08-06,M01AB,5.33,daily
2015-08-07,M01AB,4.33,daily
2015-08-08,M01AB,6.33,daily
2015-08-09,M01AB,5.0,daily
2015-08-10,M01AB,3.67,daily
2015-08-11,M01AB,12.33,daily
2015-08-12,M01AB,8.67,daily
2015-08-13,M01AB,8.0,daily
2015-08-14,M01AB,3.0,daily
2015-08-15,M01AB,3.34,daily
2015-08-16,M01AB,2.0,daily
2015-08-17,M01AB,8.0,daily
2015-08-18,M01AB,6.01,daily
2015-08-19,M01AB,6.33,daily
2015-08-20,M01AB,3.5,daily
2015-08-21,M01AB,6.0,daily
2015-08-22,M01AB,2.34,daily
2015-08-23,M01AB,8.99,daily
2015-08-24,M01AB,8.5,daily
2015-08-25,M01AB,2.34,daily
2015-08-26,M01AB,2.67,daily
2015-08-27,M01AB,9.33,daily
2015-08-28,M01AB,7.0,daily
2015-08-29,M01AB,10.84,daily
2015-08-30,M01AB,11.0,daily
2015-08-31,M01AB,4.0,daily
2015-09-01,M01AB,8.18,daily
2015-09-02,M01AB,5.33,daily
2015-09-03,M01AB,1.34,daily
2015-09-04,M01AB,3.34,daily
2015-09-05,M01AB,8.83,daily
2015-09-06,M01AB,8.33,daily
2015-09-07,M01AB,4.34,daily
2015-09-08,M01AB,2.67,daily
2015-09-09,M01AB,2.0,daily
2015-09-10,M01AB,6.0,daily
2015-09-11,M01AB,11.33,daily
2015-09-12,M01AB,4.66,daily
2015-09-13,M01AB,7.33,daily
2015-09-14,M01AB,4.68,daily
2015-09-15,M01AB,3.33,daily
2015-09-16,M01AB,0.67,daily
2015-09-17,M01AB,9.83,daily
2015-09-18,M01AB,3.34,daily
2015-09-19,M01AB,6.83,daily
2015-09-20,M01AB,9.99,daily
2015-09-21,M01AB,2.0,daily
2015-09-22,M01AB,6.99,daily
2015-09-23,M01AB,6.16,daily
2015-09-24,M01AB,2.99,daily
2015-09-25,M01AB,4.83,daily
2015-09-26,M01AB,12.42,daily
2015-09-27,M01AB,5.83,daily
2015-09-28,M01AB,1.0,daily
2015-09-29,M01AB,6.33,daily
2015-09-30,M01AB,5.32,daily
2015-10-01,M01AB,9.66,daily
2015-10-02,M01AB,5.0,daily
2015-10-03,M01AB,10.34,daily
2015-10-04,M01AB,7.0,daily
2015-10-05,M01AB,5.0,daily
2015-10-06,M01AB,5.69,daily
2015-10-07,M01AB,7.33,daily
2015-10-08,M01AB,8.82,daily
2015-10-09,M01AB,2.0,daily
2015-10-10,M01AB,6.16,daily
2015-10-11,M01AB,10.33,daily
2015-10-12,M01AB,9.66,daily
2015-10-13,M01AB,3.83,daily
2015-10-14,M01AB,4.66,daily
2015-10-15,M01AB,5.16,daily
2015-10-16,M01AB,1.67,daily
2015-10-17,M01AB,10.34,daily
2015-10-18,M01AB,7.34,daily
2015-10-19,M01AB,12.0,daily
2015-10-20,M01AB,3.34,daily
2015-10-21,M01AB,8.66,daily
2015-10-22,M01AB,4.33,daily
2015-10-23,M01AB,7.0,daily
2015-10-24,M01AB,9.84,daily
2015-10-25,M01AB,3.0,daily
2015-10-26,M01AB,9.0,daily
2015-10-27,M01AB,4.33,daily
2015-10-28,M01AB,1.0,daily
2015-10-29,M01AB,2.33,daily
2015-10-30,M01AB,5.33,daily
2015-10-31,M01AB,5.66,daily
2015-11-01,M01AB,2.33,daily
2015-11-02,M01AB,4.66,daily
2015-11-03,M01AB,1.34,daily
2015-11-04,M01AB,8.5,daily
2015-11-05,M01AB,4.33,daily
2015-11-06,M01AB,3.33,daily
2015-11-07,M01AB,4.0,daily
2015-11-08,M01AB,6.33,daily
2015-11-09,M01AB,3.66,daily
2015-11-10,M01AB,6.33,daily
2015-11-11,M01AB,9.66,daily
2015-11-12,M01AB,6.0,daily
2015-11-13,M01AB,5.0,daily
2015-11-14,M01AB,4.99,daily
2015-11-15,M01AB,1.33,daily
2015-11-16,M01AB,5.67,daily
2015-11-17,M01AB,6.34,daily
2015-11-18,M01AB,6.34,daily
2015-11-19,M01AB,2.0,daily
2015-11-20,M01AB,5.66,daily
2015-11-21,M01AB,4.0,daily
2015-11-22,M01AB,2.0,daily
2015-11-23,M01AB,3.0,daily
2015-11-24,M01AB,5.0,daily
2015-11-25,M01AB,5.66,daily
2015-11-26,M01AB,4.33,daily
2015-11-27,M01AB,0.67,daily
2015-11-28,M01AB,6.33,daily
2015-11-29,M01AB,6.66,daily
2015-11-30,M01AB,7.33,daily
2015-12-01,M01AB,1.99,daily
2015-12-02,M01AB,1.0,daily
2015-12-03,M01AB,4.0,daily
2015-12-04,M01AB,3.33,daily
2015-12-05,M01AB,8.0,daily
2015-12-06,M01AB,5.67,daily
2015-12-07,M01AB,3.0,daily
2015-12-08,M01AB,2.0,daily
2015-12-09,M01AB,3.34,daily
2015-12-10,M01AB,11.66,daily
2015-12-11,M01AB,5.84,daily
2015-12-12,M01AB,6.34,daily
2015-12-13,M01AB,9.33,daily
2015-12-14,M01AB,5.0,daily
2015-12-15,M01AB,4.99,daily
2015-12-16,M01AB,6.67,daily
2015-12-17,M01AB,9.0,daily
2015-12-18,M01AB,4.33,daily
2015-12-19,M01AB,0.0,daily
2015-12-20,M01AB,3.0,daily
2015-12-21,M01AB,5.0,daily
2015-12-22,M01AB,5.66,daily
2015-12-23,M01AB,3.33,daily
2015-12-24,M01AB,7.33,daily
2015-12-25,M01AB,0.66,daily
2015-12-26,M01AB,4.67,daily
2015-12-27,M01AB,5.33,daily
2015-12-28,M01AB,4.0,daily
2015-12-29,M01AB,10.67,daily
2015-12-30,M01AB,6.66,daily
2015-12-31,M01AB,7.66,daily
2016-01-01,M01AB,0.0,daily
2016-01-02,M01AB,0.34,daily
2016-01-03,M01AB,4.0,daily
2016-01-04,M01AB,7.33,daily
2016-01-05,M01AB,5.33,daily
2016-01-06,M01AB,6.66,daily
2016-01-07,M01AB,0.0,daily
2016-01-08,M01AB,8.0,daily
2016-01-09,M01AB,7.33,daily
2016-01-10,M01AB,7.0,daily
2016-01-11,M01AB,9.34,daily
2016-01-12,M01AB,12.0,daily
2016-01-13,M01AB,9.0,daily
2016-01-14,M01AB,2.0,daily
2016-01-15,M01AB,8.98,daily
2016-01-16,M01AB,3.34,daily
2016-01-17,M01AB,7.01,daily
2016-01-18,M01AB,3.5,daily
2016-01-19,M01AB,6.0,daily
2016-01-20,M01AB,2.32,daily
2016-01-21,M01AB,5.0,daily
2016-01-22,M01AB,0.83,daily
2016-01-23,M01AB,6.33,daily
2016-01-24,M01AB,4.0,daily
2016-01-25,M01AB,10.33,daily
2016-01-26,M01AB,5.68,daily
2016-01-27,M01AB,4.34,daily
2016-01-28,M01AB,7.33,daily
2016-01-29,M01AB,5.0,daily
2016-01-30,M01AB,9.0,daily
2016-01-31,M01AB,4.33,daily
2016-02-01,M01AB,6.34,daily
2016-02-02,M01AB,14.33,daily
2016-02-03,M01AB,8.0,daily
2016-02-04,M01AB,8.34,daily
2016-02-05,M01AB,5.66,daily
2016-02-06,M01AB,5.33,daily
2016-02-07,M01AB,3.66,daily
2016-02-08,M01AB,6.33,daily
2016-02-09,M01AB,7.0,daily
2016-02-10,M01AB,4.34,daily
2016-02-11,M01AB,1.66,daily
2016-02-12,M01AB,5.99,daily
2016-02-13,M01AB,2.67,daily
2016-02-14,M01AB,5.84,daily
2016-02-15,M01AB,5.33,daily
2016-02-16,M01AB,7.33,daily
2016-02-17,M01AB,3.0,daily
2016-02-18,M01AB,2.34,daily
2016-02-19,M01AB,4.0,daily
2016-02-20,M01AB,10.33,daily
2016-02-21,M01AB,6.34,daily
2016-02-22,M01AB,3.0,daily
2016-02-23,M01AB,3.0,daily
2016-02-24,M01AB,7.66,daily
2016-02-25,M01AB,7.99,daily
2016-02-26,M01AB,5.0,daily
2016-02-27,M01AB,8.0,daily
2016-02-28,M01AB,8.0,daily
2016-02-29,M01AB,7.0,daily
2016-03-01,M01AB,10.0,daily
2016-03-02,M01AB,3.33,daily
2016-03-03,M01AB,2.83,daily
2016-03-04,M01AB,5.0,daily
2016-03-05,M01AB,5.0,daily
2016-03-06,M01AB,5.0,daily
2016-03-07,M01AB,5.33,daily
2016-03-08,M01AB,4.0,daily
2016-03-09,M01AB,4.34,daily
2016-03-10,M01AB,6.33,daily
2016-03-11,M01AB,3.33,daily
2016-03-12,M01AB,3.0,daily
2016-03-13,M01AB,2.5,daily
2016-03-14,M01AB,4.33,daily
2016-03-15,M01AB,5.33,daily
2016-03-16,M01AB,5.33,daily
2016-03-17,M01AB,5.66,daily
2016-03-18,M01AB,3.34,daily
2016-03-19,M01AB,10.66,daily
2016-03-20,M01AB,7.99,daily
2016-03-21,M01AB,5.0,daily
2016-03-22,M01AB,2.33,daily
2016-03-23,M01AB,4.0,daily
2016-03-24,M01AB,6.84,daily
2016-03-25,M01AB,7.0,daily
2016-03-26,M01AB,2.5,daily
2016-03-27,M01AB,7.83,daily
2016-03-28,M01AB,3.34,daily
2016-03-29,M01AB,5.68,daily
2016-03-30,M01AB,7.16,daily
2016-03-31,M01AB,2.33,daily
2016-04-01,M01AB,6.33,daily
2016-04-02,M01AB,3.67,daily
2016-04-03,M01AB,9.67,daily
2016-04-04,M01AB,7.0,daily
2016-04-05,M01AB,6.0,daily
2016-04-06,M01AB,6.66,daily
2016-04-07,M01AB,6.33,daily
2016-04-08,M01AB,7.67,daily
2016-04-09,M01AB,9.0,daily
2016-04-10,M01AB,5.0,daily
2016-04-11,M01AB,0.33,daily
2016-04-12,M01AB,4.34,daily
2016-04-13,M01AB,6.33,daily
2016-04-14,M01AB,2.66,daily
2016-04-15,M01AB,4.33,daily
2016-04-16,M01AB,5.34,daily
2016-04-17,M01AB,4.33,daily
2016-04-18,M01AB,3.66,daily
2016-04-19,M01AB,3.0,daily
2016-04-20,M01AB,2.66,daily
2016-04-21,M01AB,3.0,daily
2016-04-22,M01AB,6.0,daily
2016-04-23,M01AB,13.66,daily
2016-04-24,M01AB,1.0,daily
2016-04-25,M01AB,6.67,daily
2016-04-26,M01AB,5.33,daily
2016-04-27,M01AB,5.66,daily
2016-04-28,M01AB,4.66,daily
2016-04-29,M01AB,6.66,daily
2016-04-30,M01AB,9.66,daily
2016-05-01,M01AB,0.0,daily
2016-05-02,M01AB,4.0,daily
2016-05-03,M01AB,6.33,daily
2016-05-04,M01AB,7.34,daily
2016-05-05,M01AB,4.66,daily
2016-05-06,M01AB,4.0,daily
2016-05-07,M01AB,3.99,daily
2016-05-08,M01AB,5.0,daily
2016-05-09,M01AB,5.67,daily
2016-05-10,M01AB,7.33,daily
2016-05-11,M01AB,5.33,daily
2016-05-12,M01AB,3.01,daily
2016-05-13,M01AB,2.33,daily
2016-05-14,M01AB,5.34,daily
2016-05-15,M01AB,5.33,daily
2016-05-16,M01AB,5.0,daily
2016-05-17,M01AB,4.0,daily
2016-05-18,M01AB,4.0,daily
2016-05-19,M01AB,6.34,daily
2016-05-20,M01AB,3.0,daily
2016-05-21,M01AB,2.0,daily
2016-05-22,M01AB,4.34,daily
2016-05-23,M01AB,5.0,daily
2016-05-24,M01AB,12.0,daily
2016-05-25,M01AB,8.34,daily
2016-05-26,M01AB,4.67,daily
2016-05-27,M01AB,8.67,daily
2016-05-28,M01AB,12.33,daily
2016-05-29,M01AB,8.67,daily
2016-05-30,M01AB,3.34,daily
2016-05-31,M01AB,6.0,daily
2016-06-01,M01AB,9.0,daily
2016-06-02,M01AB,2.33,daily
2016-06-03,M01AB,7.33,daily
2016-06-04,M01AB,3.33,daily
2016-06-05,M01AB,10.34,daily
2016-06-06,M01AB,5.33,daily
2016-06-07,M01AB,6.0,daily
2016-06-08,M01AB,8.66,daily
2016-06-09,M01AB,8.67,daily
2016-06-10,M01AB,8.33,daily
2016-06-11,M01AB,10.66,daily
2016-06-12,M01AB,8.34,daily
2016-06-13,M01AB,5.66,daily
2016-06-14,M01AB,2.33,daily
2016-06-15,M01AB,5.0,daily
2016-06-16,M01AB,4.0,daily
2016-06-17,M01AB,3.34,daily
2016-06-18,M01AB,2.0,daily
2016-06-19,M01AB,6.34,daily
2016-06-20,M01AB,7.34,daily
2016-06-21,M01AB,7.33,daily
2016-06-22,M01AB,2.0,daily
2016-06-23,M01AB,3.0,daily
2016-06-24,M01AB,6.0,daily
2016-06-25,M01AB,5.68,daily
2016-06-26,M01AB,3.0,daily
2016-06-27,M01AB,6.0,daily
2016-06-28,M01AB,1.33,daily
2016-06-29,M01AB,7.0,daily
2016-06-30,M01AB,4.0,daily
2016-07-01,M01AB,4.0,daily
2016-07-02,M01AB,4.66,daily
2016-07-03,M01AB,6.67,daily
2016-07-04,M01AB,8.34,daily
2016-07-05,M01AB,6.0,daily
2016-07-06,M01AB,9.33,daily
2016-07-07,M01AB,7.34,daily
2016-07-08,M01AB,1.34,daily
2016-07-09,M01AB,3.33,daily
2016-07-10,M01AB,5.66,daily
2016-07-11,M01AB,6.33,daily
2016-07-12,M01AB,5.67,daily
2016-07-13,M01AB,6.218333333,daily
2016-07-14,M01AB,2.34,daily
2016-07-15,M01AB,3.0,daily
2016-07-16,M01AB,9.33,daily
2016-07-17,M01AB,9.01,daily
2016-07-18,M01AB,6.0,daily
2016-07-19,M01AB,7.34,daily
2016-07-20,M01AB,10.33,daily
2016-07-21,M01AB,5.66,daily
2016-07-22,M01AB,3.33,daily
2016-07-23,M01AB,4.66,daily
2016-07-24,M01AB,2.33,daily
2016-07-25,M01AB,13.0,daily
2016-07-26,M01AB,8.32,daily
2016-07-27,M01AB,3.0,daily
2016-07-28,M01AB,9.67,daily
2016-07-29,M01AB,9.99,daily
2016-07-30,M01AB,6.33,daily
2016-07-31,M01AB,6.0,daily
2016-08-01,M01AB,8.33,daily
2016-08-02,M01AB,8.33,daily
2016-08-03,M01AB,8.0,daily
2016-08-04,M01AB,8.0,daily
2016-08-05,M01AB,10.33,daily
2016-08-06,M01AB,3.0,daily
2016-08-07,M01AB,8.0,daily
2016-08-08,M01AB,8.34,daily
2016-08-09,M01AB,6.33,daily
2016-08-10,M01AB,11.34,daily
2016-08-11,M01AB,5.67,daily
2016-08-12,M01AB,8.66,daily
2016-08-13,M01AB,8.0,daily
2016-08-14,M01AB,5.0,daily
2016-08-15,M01AB,5.0,daily
2016-08-16,M01AB,10.0,daily
2016-08-17,M01AB,8.66,daily
2016-08-18,M01AB,6.99,daily
2016-08-19,M01AB,1.0,daily
2016-08-20,M01AB,4.33,daily
2016-08-21,M01AB,8.0,daily
2016-08-22,M01AB,3.34,daily
2016-08-23,M01AB,3.0,daily
2016-08-24,M01AB,9.33,daily
2016-08-25,M01AB,4.33,daily
2016-08-26,M01AB,4.0,daily
2016-08-27,M01AB,8.83,daily
2016-08-28,M01AB,7.33,daily
2016-08-29,M01AB,9.0,daily
2016-08-30,M01AB,4.66,daily
2016-08-31,M01AB,6.0,daily
2016-09-01,M01AB,5.0,daily
2016-09-02,M01AB,9.34,daily
2016-09-03,M01AB,5.33,daily
2016-09-04,M01AB,8.33,daily
2016-09-05,M01AB,3.32,daily
2016-09-06,M01AB,5.0,daily
2016-09-07,M01AB,2.33,daily
2016-09-08,M01AB,6.0,daily
2016-09-09,M01AB,4.99,daily
2016-09-10,M01AB,8.33,daily
2016-09-11,M01AB,2.66,daily
2016-09-12,M01AB,7.0,daily
2016-09-13,M01AB,7.0,daily
2016-09-14,M01AB,6.0,daily
2016-09-15,M01AB,3.0,daily
2016-09-16,M01AB,2.0,daily
2016-09-17,M01AB,6.67,daily
2016-09-18,M01AB,5.99,daily
2016-09-19,M01AB,4.0,daily
2016-09-20,M01AB,4.67,daily
2016-09-21,M01AB,8.34,daily
2016-09-22,M01AB,6.33,daily
2016-09-23,M01AB,2.33,daily
2016-09-24,M01AB,2.0,daily
2016-09-25,M01AB,6.0,daily
2016-09-26,M01AB,5.99,daily
2016-09-27,M01AB,7.0,daily
2016-09-28,M01AB,13.68,daily
2016-09-29,M01AB,7.33,daily
2016-09-30,M01AB,7.0,daily
2016-10-01,M01AB,7.33,daily
2016-10-02,M01AB,17.0,daily
2016-10-03,M01AB,3.33,daily
2016-10-04,M01AB,6.33,daily
2016-10-05,M01AB,4.0,daily
2016-10-06,M01AB,4.33,daily
2016-10-07,M01AB,4.34,daily
2016-10-08,M01AB,7.34,daily
2016-10-09,M01AB,6.68,daily
2016-10-10,M01AB,2.0,daily
2016-10-11,M01AB,7.33,daily
2016-10-12,M01AB,8.33,daily
2016-10-13,M01AB,4.66,daily
2016-10-14,M01AB,7.0,daily
2016-10-15,M01AB,4.0,daily
2016-10-16,M01AB,8.33,daily
2016-10-17,M01AB,2.0,daily
2016-10-18,M01AB,3.0,daily
2016-10-19,M01AB,4.33,daily
2016-10-20,M01AB,1.64,daily
2016-10-21,M01AB,8.66,daily
2016-10-22,M01AB,7.0,daily
2016-10-23,M01AB,12.33,daily
2016-10-24,M01AB,2.66,daily
2016-10-25,M01AB,4.33,daily
2016-10-26,M01AB,2.33,daily
2016-10-27,M01AB,6.5,daily
2016-10-28,M01AB,7.0,daily
2016-10-29,M01AB,15.33,daily
2016-10-30,M01AB,4.66,daily
2016-10-31,M01AB,2.66,daily
2016-11-01,M01AB,2.33,daily
2016-11-02,M01AB,4.0,daily
2016-11-03,M01AB,2.0,daily
2016-11-04,M01AB,8.33,daily
2016-11-05,M01AB,7.666666667,daily
2016-11-06,M01AB,8.0,daily
2016-11-07,M01AB,5.0,daily
2016-11-08,M01AB,7.0,daily
2016-11-09,M01AB,2.34,daily
2016-11-10,M01AB,7.33,daily
2016-11-11,M01AB,10.66,daily
2016-11-12,M01AB,8.0,daily
2016-11-13,M01AB,6.0,daily
2016-11-14,M01AB,10.0,daily
2016-11-15,M01AB,5.33,daily
2016-11-16,M01AB,4.0,daily
2016-11-17,M01AB,5.0,daily
2016-11-18,M01AB,1.33,daily
2016-11-19,M01AB,5.0,daily
2016-11-20,M01AB,7.0,daily
2016-11-21,M01AB,1.34,daily
2016-11-22,M01AB,4.01,daily
2016-11-23,M01AB,3.0,daily
2016-11-24,M01AB,8.67,daily
2016-11-25,M01AB,7.34,daily
2016-11-26,M01AB,3.33,daily
2016-11-27,M01AB,9.33,daily
2016-11-28,M01AB,4.5,daily
2016-11-29,M01AB,5.68,daily
2016-11-30,M01AB,3.33,daily
2016-12-01,M01AB,4.5,daily
2016-12-02,M01AB,6.0,daily
2016-12-03,M01AB,3.17,daily
2016-12-04,M01AB,7.0,daily
2016-12-05,M01AB,9.5,daily
2016-12-06,M01AB,6.0,daily
2016-12-07,M01AB,4.34,daily
2016-12-08,M01AB,5.67,daily
2016-12-09,M01AB,5.66,daily
2016-12-10,M01AB,7.34,daily
2016-12-11,M01AB,3.34,daily
2016-12-12,M01AB,3.66,daily
2016-12-13,M01AB,1.0,daily
2016-12-14,M01AB,5.83,daily
2016-12-15,M01AB,9.66,daily
2016-12-16,M01AB,7.33,daily
2016-12-17,M01AB,5.99,daily
2016-12-18,M01AB,1.67,daily
2016-12-19,M01AB,0.0,daily
2016-12-20,M01AB,6.33,daily
2016-12-21,M01AB,1.34,daily
2016-12-22,M01AB,4.34,daily
2016-12-23,M01AB,5.33,daily
2016-12-24,M01AB,6.33,daily
2016-12-25,M01AB,2.33,daily
2016-12-26,M01AB,10.33,daily
2016-12-27,M01AB,6.0,daily
2016-12-28,M01AB,4.34,daily
2016-12-29,M01AB,11.0,daily
2016-12-30,M01AB,5.66,daily
2016-12-31,M01AB,8.33,daily
2017-01-01,M01AB,3.54375,daily
2017-01-02,M01AB,0.2125,daily
2017-01-03,M01AB,6.25,daily
2017-01-04,M01AB,6.804166667,daily
2017-01-05,M01AB,7.504166667,daily
2017-01-06,M01AB,4.583333333,daily
2017-01-07,M01AB,2.916666667,daily
2017-01-08,M01AB,5.416666667,daily
2017-01-09,M01AB,3.8875,daily
2017-01-10,M01AB,6.3875,daily
2017-01-11,M01AB,9.308333333,daily
2017-01-12,M01AB,8.333333333,daily
2017-01-13,M01AB,6.804166667,daily
2017-01-14,M01AB,5.975,daily
2017-01-15,M01AB,8.05,daily
2017-01-16,M01AB,6.670833333,daily
2017-01-17,M01AB,7.225,daily
2017-01-18,M01AB,6.741666667,daily
2017-01-19,M01AB,5.0,daily
2017-01-20,M01AB,3.608333333,daily
2017-01-21,M01AB,5.695833333,daily
2017-01-22,M01AB,4.5125,daily
2017-01-23,M01AB,5.1375,daily
2017-01-24,M01AB,6.1125,daily
2017-01-25,M01AB,7.779166667,daily
2017-01-26,M01AB,5.979166667,daily
2017-01-27,M01AB,7.85,daily
2017-01-28,M01AB,5.970833333,daily
2017-01-29,M01AB,5.141666667,daily
2017-01-30,M01AB,8.058333333,daily
2017-01-31,M01AB,4.441666667,daily
2017-02-01,M01AB,7.375,daily
2017-02-02,M01AB,8.195833333,daily
2017-02-03,M01AB,7.6375,daily
2017-02-04,M01AB,7.779166667,daily
2017-02-05,M01AB,10.67,daily
2017-02-06,M01AB,10.0,daily
2017-02-07,M01AB,3.0,daily
2017-02-08,M01AB,11.0,daily
2017-02-09,M01AB,3.9825,daily
2017-02-10,M01AB,4.01,daily
2017-02-11,M01AB,5.33,daily
2017-02-12,M01AB,10.0,daily
2017-02-13,M01AB,0.0,daily
2017-02-14,M01AB,4.33,daily
2017-02-15,M01AB,6.0,daily
2017-02-16,M01AB,3.66,daily
2017-02-17,M01AB,3.0,daily
2017-02-18,M01AB,7.0,daily
2017-02-19,M01AB,3.34,daily
2017-02-20,M01AB,5.0,daily
2017-02-21,M01AB,5.0,daily
2017-02-22,M01AB,3.67,daily
2017-02-23,M01AB,6.67,daily
2017-02-24,M01AB,1.0,daily
2017-02-25,M01AB,6.0,daily
2017-02-26,M01AB,5.33,daily
2017-02-27,M01AB,5.67,daily
2017-02-28,M01AB,5.34,daily
2017-03-01,M01AB,4.0,daily
2017-03-02,M01AB,5.0,daily
2017-03-03,M01AB,9.0,daily
2017-03-04,M01AB,5.01,daily
2017-03-05,M01AB,12.33,daily
2017-03-06,M01AB,6.83,daily
2017-03-07,M01AB,2.34,daily
2017-03-08,M01AB,1.0,daily
2017-03-09,M01AB,11.33,daily
2017-03-10,M01AB,2.0,daily
2017-03-11,M01AB,6.33,daily
2017-03-12,M01AB,7.68,daily
2017-03-13,M01AB,2.33,daily
2017-03-14,M01AB,2.67,daily
2017-03-15,M01AB,3.66,daily
2017-03-16,M01AB,6.0,daily
2017-03-17,M01AB,4.33,daily
2017-03-18,M01AB,5.0,daily
2017-03-19,M01AB,10.0,daily
2017-03-20,M01AB,1.66,daily
2017-03-21,M01AB,9.16,daily
2017-03-22,M01AB,1.66,daily
2017-03-23,M01AB,7.34,daily
2017-03-24,M01AB,1.67,daily
2017-03-25,M01AB,10.0,daily
2017-03-26,M01AB,5.34,daily
2017-03-27,M01AB,4.84,daily
2017-03-28,M01AB,2.67,daily
2017-03-29,M01AB,6.34,daily
2017-03-30,M01AB,1.33,daily
2017-03-31,M01AB,4.0,daily
2017-04-01,M01AB,2.33,daily
2017-04-02,M01AB,6.67,daily
2017-04-03,M01AB,6.33,daily
2017-04-04,M01AB,0.33,daily
2017-04-05,M01AB,5.0,daily
2017-04-06,M01AB,5.0,daily
2017-04-07,M01AB,3.5,daily
2017-04-08,M01AB,7.51,daily
2017-04-09,M01AB,4.99,daily
2017-04-10,M01AB,8.66,daily
2017-04-11,M01AB,4.0,daily
2017-04-12,M01AB,11.99,daily
2017-04-13,M01AB,5.0,daily
2017-04-14,M01AB,7.34,daily
2017-04-15,M01AB,11.67,daily
2017-04-16,M01AB,0.0,daily
2017-04-17,M01AB,4.0,daily
2017-04-18,M01AB,7.33,daily
2017-04-19,M01AB,1.0,daily
2017-04-20,M01AB,4.66,daily
2017-04-21,M01AB,3.67,daily
2017-04-22,M01AB,2.64,daily
2017-04-23,M01AB,9.0,daily
2017-04-24,M01AB,9.33,daily
2017-04-25,M01AB,8.0,daily
2017-04-26,M01AB,3.0,daily
2017-04-27,M01AB,3.33,daily
2017-04-28,M01AB,3.33,daily
2017-04-29,M01AB,5.0,daily
2017-04-30,M01AB,1.0,daily
2017-05-01,M01AB,0.34,daily
2017-05-02,M01AB,2.0,daily
2017-05-03,M01AB,1.33,daily
2017-05-04,M01AB,5.67,daily
2017-05-05,M01AB,2.34,daily
2017-05-06,M01AB,7.33,daily
2017-05-07,M01AB,6.33,daily
2017-05-08,M01AB,2.33,daily
2017-05-09,M01AB,7.33,daily
2017-05-10,M01AB,8.66,daily
2017-05-11,M01AB,6.0,daily
2017-05-12,M01AB,4.99,daily
2017-05-13,M01AB,5.0,daily
2017-05-14,M01AB,4.67,daily
2017-05-15,M01AB,5.34,daily
2017-05-16,M01AB,2.33,daily
2017-05-17,M01AB,6.34,daily
2017-05-18,M01AB,3.33,daily
2017-05-19,M01AB,4.34,daily
2017-05-20,M01AB,3.99,daily
2017-05-21,M01AB,6.0,daily
2017-05-22,M01AB,5.33,daily
2017-05-23,M01AB,3.0,daily
2017-05-24,M01AB,6.68,daily
2017-05-25,M01AB,5.66,daily
2017-05-26,M01AB,2.34,daily
2017-05-27,M01AB,7.33,daily
2017-05-28,M01AB,1.99,daily
2017-05-29,M01AB,3.34,daily
2017-05-30,M01AB,8.0,daily
2017-05-31,M01AB,4.0,daily
2017-06-01,M01AB,1.34,daily
2017-06-02,M01AB,2.33,daily
2017-06-03,M01AB,5.0,daily
2017-06-04,M01AB,7.0,daily
2017-06-05,M01AB,3.33,daily
2017-06-06,M01AB,1.0,daily
2017-06-07,M01AB,5.33,daily
2017-06-08,M01AB,5.0,daily
2017-06-09,M01AB,1.33,daily
2017-06-10,M01AB,9.0,daily
2017-06-11,M01AB,5.5,daily
2017-06-12,M01AB,4.34,daily
2017-06-13,M01AB,2.99,daily
2017-06-14,M01AB,1.33,daily
2017-06-15,M01AB,3.0,daily
2017-06-16,M01AB,4.0,daily
2017-06-17,M01AB,2.0,daily
2017-06-18,M01AB,4.0,daily
2017-06-19,M01AB,1.33,daily
2017-06-20,M01AB,9.33,daily
2017-06-21,M01AB,4.0,daily
2017-06-22,M01AB,1.0,daily
2017-06-23,M01AB,1.0,daily
2017-06-24,M01AB,5.0,daily
2017-06-25,M01AB,6.5,daily
2017-06-26,M01AB,7.68,daily
2017-06-27,M01AB,4.0,daily
2017-06-28,M01AB,4.0,daily
2017-06-29,M01AB,4.0,daily
2017-06-30,M01AB,6.67,daily
2017-07-01,M01AB,3.33,daily
2017-07-02,M01AB,5.0,daily
2017-07-03,M01AB,3.67,daily
2017-07-04,M01AB,10.67,daily
2017-07-05,M01AB,4.5,daily
2017-07-06,M01AB,4.33,daily
2017-07-07,M01AB,5.0,daily
2017-07-08,M01AB,4.99,daily
2017-07-09,M01AB,2.33,daily
2017-07-10,M01AB,2.0,daily
2017-07-11,M01AB,3.34,daily
2017-07-12,M01AB,2.0,daily
2017-07-13,M01AB,3.33,daily
2017-07-14,M01AB,2.33,daily
2017-07-15,M01AB,3.33,daily
2017-07-16,M01AB,11.34,daily
2017-07-17,M01AB,9.0,daily
2017-07-18,M01AB,9.67,daily
2017-07-19,M01AB,6.33,daily
2017-07-20,M01AB,5.0,daily
2017-07-21,M01AB,2.33,daily
2017-07-22,M01AB,3.0,daily
2017-07-23,M01AB,6.5,daily
2017-07-24,M01AB,3.84,daily
2017-07-25,M01AB,6.34,daily
2017-07-26,M01AB,3.33,daily
2017-07-27,M01AB,5.0,daily
2017-07-28,M01AB,4.0,daily
2017-07-29,M01AB,3.0,daily
2017-07-30,M01AB,4.125,daily
2017-07-31,M01AB,7.34,daily
2017-08-01,M01AB,7.33,daily
2017-08-02,M01AB,6.0,daily
2017-08-03,M01AB,6.33,daily
2017-08-04,M01AB,8.0,daily
2017-08-05,M01AB,4.66,daily
2017-08-06,M01AB,2.0,daily
2017-08-07,M01AB,1.0,daily
2017-08-08,M01AB,6.0,daily
2017-08-09,M01AB,2.33,daily
2017-08-10,M01AB,0.0,daily
2017-08-11,M01AB,4.33,daily
2017-08-12,M01AB,2.69,daily
2017-08-13,M01AB,3.66,daily
2017-08-14,M01AB,11.34,daily
2017-08-15,M01AB,2.33,daily
2017-08-16,M01AB,5.33,daily
2017-08-17,M01AB,5.16,daily
2017-08-18,M01AB,2.33,daily
2017-08-19,M01AB,5.0,daily
2017-08-20,M01AB,4.33,daily
2017-08-21,M01AB,9.33,daily
2017-08-22,M01AB,6.0,daily
2017-08-23,M01AB,3.33,daily
2017-08-24,M01AB,8.0,daily
2017-08-25,M01AB,6.0,daily
2017-08-26,M01AB,4.99,daily
2017-08-27,M01AB,3.0,daily
2017-08-28,M01AB,8.0,daily
2017-08-29,M01AB,7.0,daily
2017-08-30,M01AB,7.67,daily
2017-08-31,M01AB,16.68,daily
2017-09-01,M01AB,3.34,daily
2017-09-02,M01AB,6.34,daily
2017-09-03,M01AB,6.83,daily
2017-09-04,M01AB,6.5,daily
2017-09-05,M01AB,6.17,daily
2017-09-06,M01AB,4.33,daily
2017-09-07,M01AB,3.0,daily
2017-09-08,M01AB,8.83,daily
2017-09-09,M01AB,6.0,daily
2017-09-10,M01AB,3.34,daily
2017-09-11,M01AB,2.0,daily
2017-09-12,M01AB,1.0,daily
2017-09-13,M01AB,4.0,daily
2017-09-14,M01AB,5.0,daily
2017-09-15,M01AB,3.0,daily
2017-09-16,M01AB,7.0,daily
2017-09-17,M01AB,5.0,daily
2017-09-18,M01AB,9.0,daily
2017-09-19,M01AB,3.33,daily
2017-09-20,M01AB,2.0,daily
2017-09-21,M01AB,7.34,daily
2017-09-22,M01AB,4.66,daily
2017-09-23,M01AB,9.99,daily
2017-09-24,M01AB,3.66,daily
2017-09-25,M01AB,1.0,daily
2017-09-26,M01AB,2.0,daily
2017-09-27,M01AB,4.0,daily
2017-09-28,M01AB,3.34,daily
2017-09-29,M01AB,1.0,daily
2017-09-30,M01AB,5.33,daily
2017-10-01,M01AB,4.0,daily
2017-10-02,M01AB,8.33,daily
2017-10-03,M01AB,0.34,daily
2017-10-04,M01AB,2.0,daily
2017-10-05,M01AB,5.33,daily
2017-10-06,M01AB,3.99,daily
2017-10-07,M01AB,4.0,daily
2017-10-08,M01AB,8.67,daily
2017-10-09,M01AB,0.0,daily
2017-10-10,M01AB,10.0,daily
2017-10-11,M01AB,3.5,daily
2017-10-12,M01AB,4.0,daily
2017-10-13,M01AB,5.33,daily
2017-10-14,M01AB,4.84,daily
2017-10-15,M01AB,6.0,daily
2017-10-16,M01AB,2.33,daily
2017-10-17,M01AB,3.34,daily
2017-10-18,M01AB,5.34,daily
2017-10-19,M01AB,4.33,daily
2017-10-20,M01AB,2.83,daily
2017-10-21,M01AB,3.33,daily
2017-10-22,M01AB,8.0,daily
2017-10-23,M01AB,3.33,daily
2017-10-24,M01AB,2.0,daily
2017-10-25,M01AB,6.34,daily
2017-10-26,M01AB,1.33,daily
2017-10-27,M01AB,6.32,daily
2017-10-28,M01AB,5.0,daily
2017-10-29,M01AB,7.66,daily
2017-10-30,M01AB,1.5,daily
2017-10-31,M01AB,4.33,daily
2017-11-01,M01AB,0.67,daily
2017-11-02,M01AB,4.0,daily
2017-11-03,M01AB,2.33,daily
2017-11-04,M01AB,10.34,daily
2017-11-05,M01AB,6.33,daily
2017-11-06,M01AB,8.34,daily
2017-11-07,M01AB,0.67,daily
2017-11-08,M01AB,6.0,daily
2017-11-09,M01AB,2.67,daily
2017-11-10,M01AB,9.34,daily
2017-11-11,M01AB,8.5,daily
2017-11-12,M01AB,5.0,daily
2017-11-13,M01AB,9.33,daily
2017-11-14,M01AB,3.0,daily
2017-11-15,M01AB,5.33,daily
2017-11-16,M01AB,5.33,daily
2017-11-17,M01AB,3.0,daily
2017-11-18,M01AB,5.33,daily
2017-11-19,M01AB,4.0,daily
2017-11-20,M01AB,2.34,daily
2017-11-21,M01AB,13.33,daily
2017-11-22,M01AB,2.0,daily
2017-11-23,M01AB,9.33,daily
2017-11-24,M01AB,8.0,daily
2017-11-25,M01AB,5.33,daily
2017-11-26,M01AB,5.66,daily
2017-11-27,M01AB,1.34,daily
2017-11-28,M01AB,5.0,daily
2017-11-29,M01AB,6.34,daily
2017-11-30,M01AB,5.67,daily
2017-12-01,M01AB,10.33,daily
2017-12-02,M01AB,4.33,daily
2017-12-03,M01AB,5.33,daily
2017-12-04,M01AB,1.0,daily
2017-12-05,M01AB,3.68,daily
2017-12-06,M01AB,4.0,daily
2017-12-07,M01AB,3.0,daily
2017-12-08,M01AB,5.33,daily
2017-12-09,M01AB,5.0,daily
2017-12-10,M01AB,5.0,daily
2017-12-11,M01AB,8.0,daily
2017-12-12,M01AB,1.33,daily
2017-12-13,M01AB,4.0,daily
2017-12-14,M01AB,3.0,daily
2017-12-15,M01AB,4.18,daily
2017-12-16,M01AB,11.0,daily
2017-12-17,M01AB,7.0,daily
2017-12-18,M01AB,0.66,daily
2017-12-19,M01AB,0.0,daily
2017-12-20,M01AB,2.0,daily
2017-12-21,M01AB,2.02,daily
2017-12-22,M01AB,5.99,daily
2017-12-23,M01AB,6.0,daily
2017-12-24,M01AB,7.66,daily
2017-12-25,M01AB,1.0,daily
2017-12-26,M01AB,2.99,daily
2017-12-27,M01AB,7.0,daily
2017-12-28,M01AB,7.33,daily
2017-12-29,M01AB,9.34,daily
2017-12-30,M01AB,8.68,daily
2017-12-31,M01AB,13.83,daily
2018-01-01,M01AB,0.0,daily
2018-01-02,M01AB,1.0,daily
2018-01-03,M01AB,4.67,daily
2018-01-04,M01AB,6.0,daily
2018-01-05,M01AB,12.0,daily
2018-01-06,M01AB,4.66,daily
2018-01-07,M01AB,0.0,daily
2018-01-08,M01AB,2.33,daily
2018-01-09,M01AB,5.33,daily
2018-01-10,M01AB,9.33,daily
2018-01-11,M01AB,4.0,daily
2018-01-12,M01AB,5.66,daily
2018-01-13,M01AB,3.5,daily
2018-01-14,M01AB,4.33,daily
2018-01-15,M01AB,6.99,daily
2018-01-16,M01AB,6.34,daily
2018-01-17,M01AB,6.67,daily
2018-01-18,M01AB,4.33,daily
2018-01-19,M01AB,6.33,daily
2018-01-20,M01AB,2.66,daily
2018-01-21,M01AB,3.33,daily
2018-01-22,M01AB,6.0,daily
2018-01-23,M01AB,1.0,daily
2018-01-24,M01AB,7.33,daily
2018-01-25,M01AB,3.66,daily
2018-01-26,M01AB,3.0,daily
2018-01-27,M01AB,3.34,daily
2018-01-28,M01AB,1.5,daily
2018-01-29,M01AB,2.33,daily
2018-01-30,M01AB,4.33,daily
2018-01-31,M01AB,0.33,daily
2018-02-01,M01AB,5.34,daily
2018-02-02,M01AB,2.33,daily
2018-02-03,M01AB,4.33,daily
2018-02-04,M01AB,7.99,daily
2018-02-05,M01AB,7.33,daily
2018-02-06,M01AB,4.34,daily
2018-02-07,M01AB,4.84,daily
2018-02-08,M01AB,6.33,daily
2018-02-09,M01AB,3.0,daily
2018-02-10,M01AB,10.01,daily
2018-02-11,M01AB,6.33,daily
2018-02-12,M01AB,8.0,daily
2018-02-13,M01AB,6.0,daily
2018-02-14,M01AB,1.0,daily
2018-02-15,M01AB,1.5,daily
2018-02-16,M01AB,7.68,daily
2018-02-17,M01AB,1.33,daily
2018-02-18,M01AB,6.0,daily
2018-02-19,M01AB,1.0,daily
2018-02-20,M01AB,4.18,daily
2018-02-21,M01AB,1.34,daily
2018-02-22,M01AB,5.0,daily
2018-02-23,M01AB,5.83,daily
2018-02-24,M01AB,8.0,daily
2018-02-25,M01AB,4.0,daily
2018-02-26,M01AB,1.0,daily
2018-02-27,M01AB,3.33,daily
2018-02-28,M01AB,1.0,daily
2018-03-01,M01AB,1.0,daily
2018-03-02,M01AB,4.0,daily
2018-03-03,M01AB,8.0,daily
2018-03-04,M01AB,1.0,daily
2018-03-05,M01AB,4.33,daily
2018-03-06,M01AB,9.5,daily
2018-03-07,M01AB,4.5,daily
2018-03-08,M01AB,1.33,daily
2018-03-09,M01AB,6.33,daily
2018-03-10,M01AB,6.0,daily
2018-03-11,M01AB,4.66,daily
2018-03-12,M01AB,9.0,daily
2018-03-13,M01AB,2.0,daily
2018-03-14,M01AB,2.34,daily
2018-03-15,M01AB,3.34,daily
2018-03-16,M01AB,3.33,daily
2018-03-17,M01AB,3.99,daily
2018-03-18,M01AB,7.33,daily
2018-03-19,M01AB,4.34,daily
2018-03-20,M01AB,2.67,daily
2018-03-21,M01AB,2.0,daily
2018-03-22,M01AB,3.0,daily
2018-03-23,M01AB,5.0,daily
2018-03-24,M01AB,7.0,daily
2018-03-25,M01AB,4.0,daily
2018-03-26,M01AB,5.0,daily
2018-03-27,M01AB,4.34,daily
2018-03-28,M01AB,5.5,daily
2018-03-29,M01AB,7.0,daily
2018-03-30,M01AB,5.33,daily
2018-03-31,M01AB,9.0,daily
2018-04-01,M01AB,6.83,daily
2018-04-02,M01AB,5.66,daily
2018-04-03,M01AB,1.0,daily
2018-04-04,M01AB,6.01,daily
2018-04-05,M01AB,6.33,daily
2018-04-06,M01AB,3.67,daily
2018-04-07,M01AB,16.18,daily
2018-04-08,M01AB,0.0,daily
2018-04-09,M01AB,5.0,daily
2018-04-10,M01AB,2.0,daily
2018-04-11,M01AB,6.67,daily
2018-04-12,M01AB,5.0,daily
2018-04-13,M01AB,4.5,daily
2018-04-14,M01AB,8.0,daily
2018-04-15,M01AB,7.66,daily
2018-04-16,M01AB,2.0,daily
2018-04-17,M01AB,3.34,daily
2018-04-18,M01AB,5.0,daily
2018-04-19,M01AB,5.0,daily
2018-04-20,M01AB,5.0,daily
2018-04-21,M01AB,3.5,daily
2018-04-22,M01AB,6.0,daily
2018-04-23,M01AB,7.0,daily
2018-04-24,M01AB,6.0,daily
2018-04-25,M01AB,9.0,daily
2018-04-26,M01AB,5.33,daily
2018-04-27,M01AB,6.68,daily
2018-04-28,M01AB,9.33,daily
2018-04-29,M01AB,7.33,daily
2018-04-30,M01AB,5.0,daily
2018-05-01,M01AB,2.34,daily
2018-05-02,M01AB,6.0,daily
2018-05-03,M01AB,2.33,daily
2018-05-04,M01AB,1.0,daily
2018-05-05,M01AB,9.0,daily
2018-05-06,M01AB,3.34,daily
2018-05-07,M01AB,9.66,daily
2018-05-08,M01AB,10.5,daily
2018-05-09,M01AB,9.34,daily
2018-05-10,M01AB,8.5,daily
2018-05-11,M01AB,9.33,daily
2018-05-12,M01AB,1.33,daily
2018-05-13,M01AB,5.16,daily
2018-05-14,M01AB,6.0,daily
2018-05-15,M01AB,4.0,daily
2018-05-16,M01AB,4.01,daily
2018-05-17,M01AB,2.0,daily
2018-05-18,M01AB,2.34,daily
2018-05-19,M01AB,2.34,daily
2018-05-20,M01AB,7.0,daily
2018-05-21,M01AB,12.0,daily
2018-05-22,M01AB,3.67,daily
2018-05-23,M01AB,1.5,daily
2018-05-24,M01AB,2.0,daily
2018-05-25,M01AB,2.33,daily
2018-05-26,M01AB,3.33,daily
2018-05-27,M01AB,6.33,daily
2018-05-28,M01AB,7.0,daily
2018-05-29,M01AB,9.0,daily
2018-05-30,M01AB,4.34,daily
2018-05-31,M01AB,3.5,daily
2018-06-01,M01AB,12.33,daily
2018-06-02,M01AB,8.0,daily
2018-06-03,M01AB,5.0,daily
2018-06-04,M01AB,3.33,daily
2018-06-05,M01AB,4.33,daily
2018-06-06,M01AB,6.0,daily
2018-06-07,M01AB,2.0,daily
2018-06-08,M01AB,4.0,daily
2018-06-09,M01AB,8.0,daily
2018-06-10,M01AB,2.66,daily
2018-06-11,M01AB,8.0,daily
2018-06-12,M01AB,2.34,daily
2018-06-13,M01AB,12.0,daily
2018-06-14,M01AB,0.0,daily
2018-06-15,M01AB,1.0,daily
2018-06-16,M01AB,3.34,daily
2018-06-17,M01AB,4.84,daily
2018-06-18,M01AB,4.5,daily
2018-06-19,M01AB,4.0,daily
2018-06-20,M01AB,3.66,daily
2018-06-21,M01AB,3.35,daily
2018-06-22,M01AB,5.0,daily
2018-06-23,M01AB,5.33,daily
2018-06-24,M01AB,1.67,daily
2018-06-25,M01AB,3.33,daily
2018-06-26,M01AB,10.33,daily
2018-06-27,M01AB,2.0,daily
2018-06-28,M01AB,3.0,daily
2018-06-29,M01AB,1.0,daily
2018-06-30,M01AB,6.84,daily
2018-07-01,M01AB,2.0,daily
2018-07-02,M01AB,3.33,daily
2018-07-03,M01AB,6.34,daily
2018-07-04,M01AB,1.0,daily
2018-07-05,M01AB,4.33,daily
2018-07-06,M01AB,2.33,daily
2018-07-07,M01AB,6.33,daily
2018-07-08,M01AB,7.33,daily
2018-07-09,M01AB,3.33,daily
2018-07-10,M01AB,6.0,daily
2018-07-11,M01AB,10.0,daily
2018-07-12,M01AB,3.0,daily
2018-07-13,M01AB,1.34,daily
2018-07-14,M01AB,0.0,daily
2018-07-15,M01AB,10.0,daily
2018-07-16,M01AB,9.33,daily
2018-07-17,M01AB,2.33,daily
2018-07-18,M01AB,2.5,daily
2018-07-19,M01AB,6.84,daily
2018-07-20,M01AB,5.0,daily
2018-07-21,M01AB,4.0,daily
2018-07-22,M01AB,3.66,daily
2018-07-23,M01AB,8.68,daily
2018-07-24,M01AB,9.68,daily
2018-07-25,M01AB,5.0,daily
2018-07-26,M01AB,4.33,daily
2018-07-27,M01AB,2.34,daily
2018-07-28,M01AB,6.0,daily
2018-07-29,M01AB,3.5,daily
2018-07-30,M01AB,3.0,daily
2018-07-31,M01AB,7.33,daily
2018-08-01,M01AB,1.0,daily
2018-08-02,M01AB,0.0,daily
2018-08-03,M01AB,4.01,daily
2018-08-04,M01AB,5.0,daily
2018-08-05,M01AB,6.0,daily
2018-08-06,M01AB,8.33,daily
2018-08-07,M01AB,2.33,daily
2018-08-08,M01AB,4.33,daily
2018-08-09,M01AB,2.67,daily
2018-08-10,M01AB,6.0,daily
2018-08-11,M01AB,4.0,daily
2018-08-12,M01AB,10.99,daily
2018-08-13,M01AB,3.33,daily
2018-08-14,M01AB,1.33,daily
2018-08-15,M01AB,8.34,daily
2018-08-16,M01AB,3.33,daily
2018-08-17,M01AB,2.33,daily
2018-08-18,M01AB,6.33,daily
2018-08-19,M01AB,6.33,daily
2018-08-20,M01AB,4.0,daily
2018-08-21,M01AB,2.34,daily
2018-08-22,M01AB,5.0,daily
2018-08-23,M01AB,5.0,daily
2018-08-24,M01AB,4.0,daily
2018-08-25,M01AB,3.67,daily
2018-08-26,M01AB,11.33,daily
2018-08-27,M01AB,3.34,daily
2018-08-28,M01AB,2.0,daily
2018-08-29,M01AB,6.67,daily
2018-08-30,M01AB,2.33,daily
2018-08-31,M01AB,4.34,daily
2018-09-01,M01AB,2.34,daily
2018-09-02,M01AB,6.68,daily
2018-09-03,M01AB,1.0,daily
2018-09-04,M01AB,4.0,daily
2018-09-05,M01AB,6.5,daily
2018-09-06,M01AB,6.66,daily
2018-09-07,M01AB,2.0,daily
2018-09-08,M01AB,10.0,daily
2018-09-09,M01AB,4.0,daily
2018-09-10,M01AB,7.0,daily
2018-09-11,M01AB,9.0,daily
2018-09-12,M01AB,4.0,daily
2018-09-13,M01AB,2.83,daily
2018-09-14,M01AB,8.0,daily
2018-09-15,M01AB,6.0,daily
2018-09-16,M01AB,3.33,daily
2018-09-17,M01AB,3.0,daily
2018-09-18,M01AB,4.34,daily
2018-09-19,M01AB,6.0,daily
2018-09-20,M01AB,2.0,daily
2018-09-21,M01AB,4.66,daily
2018-09-22,M01AB,6.0,daily
2018-09-23,M01AB,7.34,daily
2018-09-24,M01AB,7.33,daily
2018-09-25,M01AB,6.0,daily
2018-09-26,M01AB,3.0,daily
2018-09-27,M01AB,4.0,daily
2018-09-28,M01AB,2.0,daily
2018-09-29,M01AB,3.5,daily
2018-09-30,M01AB,11.01,daily
2018-10-01,M01AB,3.0,daily
2018-10-02,M01AB,6.0,daily
2018-10-03,M01AB,6.0,daily
2018-10-04,M01AB,6.0,daily
2018-10-05,M01AB,4.84,daily
2018-10-06,M01AB,2.0,daily
2018-10-07,M01AB,2.68,daily
2018-10-08,M01AB,4.0,daily
2018-10-09,M01AB,2.0,daily
2018-10-10,M01AB,9.0,daily
2018-10-11,M01AB,2.0,daily
2018-10-12,M01AB,6.33,daily
2018-10-13,M01AB,6.99,daily
2018-10-14,M01AB,2.34,daily
2018-10-15,M01AB,7.17,daily
2018-10-16,M01AB,6.0,daily
2018-10-17,M01AB,2.33,daily
2018-10-18,M01AB,4.34,daily
2018-10-19,M01AB,4.0,daily
2018-10-20,M01AB,2.34,daily
2018-10-21,M01AB,6.67,daily
2018-10-22,M01AB,2.66,daily
2018-10-23,M01AB,2.34,daily
2018-10-24,M01AB,4.0,daily
2018-10-25,M01AB,5.33,daily
2018-10-26,M01AB,4.0,daily
2018-10-27,M01AB,8.34,daily
2018-10-28,M01AB,5.33,daily
2018-10-29,M01AB,5.35,daily
2018-10-30,M01AB,9.33,daily
2018-10-31,M01AB,2.0,daily
2018-11-01,M01AB,7.84,daily
2018-11-02,M01AB,5.14,daily
2018-11-03,M01AB,3.0,daily
2018-11-04,M01AB,13.99,daily
2018-11-05,M01AB,6.33,daily
2018-11-06,M01AB,3.33,daily
2018-11-07,M01AB,7.0,daily
2018-11-08,M01AB,3.0,daily
2018-11-09,M01AB,5.0,daily
2018-11-10,M01AB,4.33,daily
2018-11-11,M01AB,11.0,daily
2018-11-12,M01AB,2.34,daily
2018-11-13,M01AB,6.33,daily
2018-11-14,M01AB,5.66,daily
2018-11-15,M01AB,2.0,daily
2018-11-16,M01AB,8.33,daily
2018-11-17,M01AB,8.0,daily
2018-11-18,M01AB,4.68,daily
2018-11-19,M01AB,6.01,daily
2018-11-20,M01AB,5.33,daily
2018-11-21,M01AB,7.0,daily
2018-11-22,M01AB,8.0,daily
2018-11-23,M01AB,6.0,daily
2018-11-24,M01AB,5.66,daily
2018-11-25,M01AB,5.33,daily
2018-11-26,M01AB,5.33,daily
2018-11-27,M01AB,8.0,daily
2018-11-28,M01AB,3.0,daily
2018-11-29,M01AB,4.33,daily
2018-11-30,M01AB,1.0,daily
2018-12-01,M01AB,7.0,daily
2018-12-02,M01AB,3.17,daily
2018-12-03,M01AB,6.0,daily
2018-12-04,M01AB,2.5,daily
2018-12-05,M01AB,5.33,daily
2018-12-06,M01AB,0.0,daily
2018-12-07,M01AB,5.0,daily
2018-12-08,M01AB,0.0,daily
2018-12-09,M01AB,4.66,daily
2018-12-10,M01AB,4.0,daily
2018-12-11,M01AB,4.0,daily
2018-12-12,M01AB,4.33,daily
2018-12-13,M01AB,3.68,daily
2018-12-14,M01AB,2.0,daily
2018-12-15,M01AB,4.0,daily
2018-12-16,M01AB,1.33,daily
2018-12-17,M01AB,6.34,daily
2018-12-18,M01AB,0.33,daily
2018-12-19,M01AB,0.0,daily
2018-12-20,M01AB,8.34,daily
2018-12-21,M01AB,2.0,daily
2018-12-22,M01AB,8.34,daily
2018-12-23,M01AB,12.33,daily
2018-12-24,M01AB,8.67,daily
2018-12-25,M01AB,8.0,daily
2018-12-26,M01AB,1.0,daily
2018-12-27,M01AB,3.68,daily
2018-12-28,M01AB,11.67,daily
2018-12-29,M01AB,6.68,daily
2018-12-30,M01AB,5.33,daily
2018-12-31,M01AB,8.0,daily
2019-01-01,M01AB,0.0,daily
2019-01-02,M01AB,5.33,daily
2019-01-03,M01AB,4.33,daily
2019-01-04,M01AB,7.0,daily
2019-01-05,M01AB,8.01,daily
2019-01-06,M01AB,8.33,daily
2019-01-07,M01AB,0.0,daily
2019-01-08,M01AB,4.34,daily
2019-01-09,M01AB,3.0,daily
2019-01-10,M01AB,8.0,daily
2019-01-11,M01AB,5.33,daily
2019-01-12,M01AB,6.66,daily
2019-01-13,M01AB,8.33,daily
2019-01-14,M01AB,9.0,daily
2019-01-15,M01AB,4.33,daily
2019-01-16,M01AB,7.5,daily
2019-01-17,M01AB,5.34,daily
2019-01-18,M01AB,6.33,daily
2019-01-19,M01AB,7.02,daily
2019-01-20,M01AB,11.67,daily
2019-01-21,M01AB,4.34,daily
2019-01-22,M01AB,6.83,daily
2019-01-23,M01AB,3.33,daily
2019-01-24,M01AB,4.0,daily
2019-01-25,M01AB,2.33,daily
2019-01-26,M01AB,7.0,daily
2019-01-27,M01AB,10.52,daily
2019-01-28,M01AB,8.5,daily
2019-01-29,M01AB,5.0,daily
2019-01-30,M01AB,6.33,daily
2019-01-31,M01AB,1.67,daily
2019-02-01,M01AB,11.34,daily
2019-02-02,M01AB,13.34,daily
2019-02-03,M01AB,6.0,daily
2019-02-04,M01AB,6.33,daily
2019-02-05,M01AB,5.33,daily
2019-02-06,M01AB,6.34,daily
2019-02-07,M01AB,2.33,daily
2019-02-08,M01AB,2.0,daily
2019-02-09,M01AB,6.68,daily
2019-02-10,M01AB,3.34,daily
2019-02-11,M01AB,8.0,daily
2019-02-12,M01AB,6.66,daily
2019-02-13,M01AB,4.0,daily
2019-02-14,M01AB,2.33,daily
2019-02-15,M01AB,5.34,daily
2019-02-16,M01AB,6.34,daily
2019-02-17,M01AB,2.34,daily
2019-02-18,M01AB,3.34,daily
2019-02-19,M01AB,3.33,daily
2019-02-20,M01AB,2.34,daily
2019-02-21,M01AB,1.66,daily
2019-02-22,M01AB,2.33,daily
2019-02-23,M01AB,5.01,daily
2019-02-24,M01AB,4.34,daily
2019-02-25,M01AB,5.34,daily
2019-02-26,M01AB,2.33,daily
2019-02-27,M01AB,5.0,daily
2019-02-28,M01AB,0.67,daily
2019-03-01,M01AB,1.33,daily
2019-03-02,M01AB,4.01,daily
2019-03-03,M01AB,8.0,daily
2019-03-04,M01AB,5.33,daily
2019-03-05,M01AB,3.01,daily
2019-03-06,M01AB,0.34,daily
2019-03-07,M01AB,7.33,daily
2019-03-08,M01AB,2.33,daily
2019-03-09,M01AB,6.34,daily
2019-03-10,M01AB,5.83,daily
2019-03-11,M01AB,14.66,daily
2019-03-12,M01AB,4.33,daily
2019-03-13,M01AB,2.67,daily
2019-03-14,M01AB,4.0,daily
2019-03-15,M01AB,2.83,daily
2019-03-16,M01AB,8.34,daily
2019-03-17,M01AB,6.68,daily
2019-03-18,M01AB,2.33,daily
2019-03-19,M01AB,9.0,daily
2019-03-20,M01AB,5.67,daily
2019-03-21,M01AB,2.33,daily
2019-03-22,M01AB,4.66,daily
2019-03-23,M01AB,6.0,daily
2019-03-24,M01AB,6.0,daily
2019-03-25,M01AB,4.84,daily
2019-03-26,M01AB,4.0,daily
2019-03-27,M01AB,6.34,daily
2019-03-28,M01AB,1.33,daily
2019-03-29,M01AB,3.0,daily
2019-03-30,M01AB,4.66,daily
2019-03-31,M01AB,7.0,daily
2019-04-01,M01AB,3.01,daily
2019-04-02,M01AB,7.67,daily
2019-04-03,M01AB,5.33,daily
2019-04-04,M01AB,4.5,daily
2019-04-05,M01AB,6.34,daily
2019-04-06,M01AB,3.34,daily
2019-04-07,M01AB,6.0,daily
2019-04-08,M01AB,5.0,daily
2019-04-09,M01AB,2.83,daily
2019-04-10,M01AB,2.34,daily
2019-04-11,M01AB,7.33,daily
2019-04-12,M01AB,4.33,daily
2019-04-13,M01AB,4.5,daily
2019-04-14,M01AB,4.0,daily
2019-04-15,M01AB,4.66,daily
2019-04-16,M01AB,2.0,daily
2019-04-17,M01AB,7.0,daily
2019-04-18,M01AB,0.0,daily
2019-04-19,M01AB,3.34,daily
2019-04-20,M01AB,9.0,daily
2019-04-21,M01AB,3.84,daily
2019-04-22,M01AB,8.67,daily
2019-04-23,M01AB,9.0,daily
2019-04-24,M01AB,2.34,daily
2019-04-25,M01AB,14.01,daily
2019-04-26,M01AB,6.34,daily
2019-04-27,M01AB,17.34,daily
2019-04-28,M01AB,0.0,daily
2019-04-29,M01AB,5.33,daily
2019-04-30,M01AB,2.0,daily
2019-05-01,M01AB,2.34,daily
2019-05-02,M01AB,1.68,daily
2019-05-03,M01AB,4.01,daily
2019-05-04,M01AB,9.0,daily
2019-05-05,M01AB,7.0,daily
2019-05-06,M01AB,4.68,daily
2019-05-07,M01AB,2.66,daily
2019-05-08,M01AB,9.0,daily
2019-05-09,M01AB,5.0,daily
2019-05-10,M01AB,5.0,daily
2019-05-11,M01AB,5.34,daily
2019-05-12,M01AB,4.67,daily
2019-05-13,M01AB,5.0,daily
2019-05-14,M01AB,6.67,daily
2019-05-15,M01AB,4.0,daily
2019-05-16,M01AB,5.0,daily
2019-05-17,M01AB,2.66,daily
2019-05-18,M01AB,10.0,daily
2019-05-19,M01AB,6.67,daily
2019-05-20,M01AB,3.67,daily
2019-05-21,M01AB,5.34,daily
2019-05-22,M01AB,8.16,daily
2019-05-23,M01AB,2.33,daily
2019-05-24,M01AB,5.34,daily
2019-05-25,M01AB,11.0,daily
2019-05-26,M01AB,6.33,daily
2019-05-27,M01AB,4.67,daily
2019-05-28,M01AB,4.33,daily
2019-05-29,M01AB,5.5,daily
2019-05-30,M01AB,5.0,daily
2019-05-31,M01AB,5.99,daily
2019-06-01,M01AB,3.0,daily
2019-06-02,M01AB,4.0,daily
2019-06-03,M01AB,0.33,daily
2019-06-04,M01AB,6.34,daily
2019-06-05,M01AB,5.0,daily
2019-06-06,M01AB,7.67,daily
2019-06-07,M01AB,6.0,daily
2019-06-08,M01AB,3.0,daily
2019-06-09,M01AB,9.33,daily
2019-06-10,M01AB,3.0,daily
2019-06-11,M01AB,11.34,daily
2019-06-12,M01AB,8.0,daily
2019-06-13,M01AB,0.68,daily
2019-06-14,M01AB,3.18,daily
2019-06-15,M01AB,7.0,daily
2019-06-16,M01AB,4.0,daily
2019-06-17,M01AB,6.66,daily
2019-06-18,M01AB,5.0,daily
2019-06-19,M01AB,3.67,daily
2019-06-20,M01AB,5.0,daily
2019-06-21,M01AB,3.0,daily
2019-06-22,M01AB,3.0,daily
2019-06-23,M01AB,9.33,daily
2019-06-24,M01AB,10.0,daily
2019-06-25,M01AB,2.34,daily
2019-06-26,M01AB,2.0,daily
2019-06-27,M01AB,8.16,daily
2019-06-28,M01AB,4.33,daily
2019-06-29,M01AB,1.18,daily
2019-06-30,M01AB,6.0,daily
2019-07-01,M01AB,5.33,daily
2019-07-02,M01AB,5.66,daily
2019-07-03,M01AB,4.0,daily
2019-07-04,M01AB,5.33,daily
2019-07-05,M01AB,4.33,daily
2019-07-06,M01AB,4.34,daily
2019-07-07,M01AB,5.66,daily
2019-07-08,M01AB,6.0,daily
2019-07-09,M01AB,2.67,daily
2019-07-10,M01AB,10.0,daily
2019-07-11,M01AB,3.33,daily
2019-07-12,M01AB,11.0,daily
2019-07-13,M01AB,5.0,daily
2019-07-14,M01AB,6.0,daily
2019-07-15,M01AB,7.33,daily
2019-07-16,M01AB,7.0,daily
2019-07-17,M01AB,3.99,daily
2019-07-18,M01AB,11.0,daily
2019-07-19,M01AB,7.33,daily
2019-07-20,M01AB,4.34,daily
2019-07-21,M01AB,6.34,daily
2019-07-22,M01AB,1.0,daily
2019-07-23,M01AB,1.34,daily
2019-07-24,M01AB,8.0,daily
2019-07-25,M01AB,6.0,daily
2019-07-26,M01AB,12.5,daily
2019-07-27,M01AB,3.34,daily
2019-07-28,M01AB,4.34,daily
2019-07-29,M01AB,9.0,daily
2019-07-30,M01AB,9.5,daily
2019-07-31,M01AB,0.0,daily
2019-08-01,M01AB,8.67,daily
2019-08-02,M01AB,5.0,daily
2019-08-03,M01AB,5.34,daily
2019-08-04,M01AB,6.5,daily
2019-08-05,M01AB,4.0,daily
2019-08-06,M01AB,10.0,daily
2019-08-07,M01AB,6.0,daily
2019-08-08,M01AB,7.66,daily
2019-08-09,M01AB,3.0,daily
2019-08-10,M01AB,3.33,daily
2019-08-11,M01AB,7.0,daily
2019-08-12,M01AB,8.33,daily
2019-08-13,M01AB,8.0,daily
2019-08-14,M01AB,4.34,daily
2019-08-15,M01AB,8.67,daily
2019-08-16,M01AB,3.33,daily
2019-08-17,M01AB,7.67,daily
2019-08-18,M01AB,4.84,daily
2019-08-19,M01AB,3.68,daily
2019-08-20,M01AB,2.0,daily
2019-08-21,M01AB,4.34,daily
2019-08-22,M01AB,5.34,daily
2019-08-23,M01AB,9.67,daily
2019-08-24,M01AB,13.84,daily
2019-08-25,M01AB,3.0,daily
2019-08-26,M01AB,2.67,daily
2019-08-27,M01AB,2.34,daily
2019-08-28,M01AB,3.33,daily
2019-08-29,M01AB,9.0,daily
2019-08-30,M01AB,6.34,daily
2019-08-31,M01AB,4.68,daily
2019-09-01,M01AB,2.0,daily
2019-09-02,M01AB,5.33,daily
2019-09-03,M01AB,9.36,daily
2019-09-04,M01AB,2.0,daily
2019-09-05,M01AB,7.0,daily
2019-09-06,M01AB,1.68,daily
2019-09-07,M01AB,8.33,daily
2019-09-08,M01AB,7.01,daily
2019-09-09,M01AB,1.18,daily
2019-09-10,M01AB,8.66,daily
2019-09-11,M01AB,2.67,daily
2019-09-12,M01AB,2.33,daily
2019-09-13,M01AB,6.34,daily
2019-09-14,M01AB,8.99,daily
2019-09-15,M01AB,5.34,daily
2019-09-16,M01AB,9.33,daily
2019-09-17,M01AB,4.5,daily
2019-09-18,M01AB,6.33,daily
2019-09-19,M01AB,7.33,daily
2019-09-20,M01AB,5.34,daily
2019-09-21,M01AB,10.68,daily
2019-09-22,M01AB,3.33,daily
2019-09-23,M01AB,5.34,daily
2019-09-24,M01AB,2.0,daily
2019-09-25,M01AB,6.0,daily
2019-09-26,M01AB,5.5,daily
2019-09-27,M01AB,4.66,daily
2019-09-28,M01AB,7.0,daily
2019-09-29,M01AB,3.51,daily
2019-09-30,M01AB,2.0,daily
2019-10-01,M01AB,11.34,daily
2019-10-02,M01AB,5.18,daily
2019-10-03,M01AB,5.0,daily
2019-10-04,M01AB,7.34,daily
2019-10-05,M01AB,3.84,daily
2019-10-06,M01AB,4.0,daily
2019-10-07,M01AB,7.34,daily
2019-10-08,M01AB,0.33,daily
2014-01-02,M01AE,3.67,daily
2014-01-03,M01AE,4.0,daily
2014-01-04,M01AE,1.0,daily
2014-01-05,M01AE,3.0,daily
2014-01-06,M01AE,1.0,daily
2014-01-07,M01AE,0.0,daily
2014-01-08,M01AE,3.0,daily
2014-01-09,M01AE,1.68,daily
2014-01-10,M01AE,2.0,daily
2014-01-11,M01AE,4.34,daily
2014-01-12,M01AE,0.66,daily
2014-01-13,M01AE,7.66,daily
2014-01-14,M01AE,1.33,daily
2014-01-15,M01AE,2.34,daily
2014-01-16,M01AE,2.0,daily
2014-01-17,M01AE,3.68,daily
2014-01-18,M01AE,5.33,daily
2014-01-19,M01AE,4.0,daily
2014-01-20,M01AE,3.34,daily
2014-01-21,M01AE,3.34,daily
2014-01-22,M01AE,3.0,daily
2014-01-23,M01AE,4.67,daily
2014-01-24,M01AE,7.34,daily
2014-01-25,M01AE,9.0,daily
2014-01-26,M01AE,1.68,daily
2014-01-27,M01AE,4.67,daily
2014-01-28,M01AE,3.34,daily
2014-01-29,M01AE,4.0,daily
2014-01-30,M01AE,1.34,daily
2014-01-31,M01AE,2.68,daily
2014-02-01,M01AE,4.32,daily
2014-02-02,M01AE,3.0,daily
2014-02-03,M01AE,1.0,daily
2014-02-04,M01AE,3.0,daily
2014-02-05,M01AE,4.02,daily
2014-02-06,M01AE,6.68,daily
2014-02-07,M01AE,8.67,daily
2014-02-08,M01AE,3.35,daily
2014-02-09,M01AE,3.0,daily
2014-02-10,M01AE,10.33,daily
2014-02-11,M01AE,6.99,daily
2014-02-12,M01AE,1.67,daily
2014-02-13,M01AE,3.67,daily
2014-02-14,M01AE,4.01,daily
2014-02-15,M01AE,2.34,daily
2014-02-16,M01AE,1.68,daily
2014-02-17,M01AE,4.0,daily
2014-02-18,M01AE,7.36,daily
2014-02-19,M01AE,5.02,daily
2014-02-20,M01AE,7.02,daily
2014-02-21,M01AE,4.34,daily
2014-02-22,M01AE,3.17,daily
2014-02-23,M01AE,3.34,daily
2014-02-24,M01AE,4.68,daily
2014-02-25,M01AE,1.68,daily
2014-02-26,M01AE,4.01,daily
2014-02-27,M01AE,6.34,daily
2014-02-28,M01AE,7.36,daily
2014-03-01,M01AE,3.68,daily
2014-03-02,M01AE,1.0,daily
2014-03-03,M01AE,3.68,daily
2014-03-04,M01AE,7.02,daily
2014-03-05,M01AE,1.0,daily
2014-03-06,M01AE,2.0,daily
2014-03-07,M01AE,4.34,daily
2014-03-08,M01AE,3.07,daily
2014-03-09,M01AE,0.0,daily
2014-03-10,M01AE,5.35,daily
2014-03-11,M01AE,5.7,daily
2014-03-12,M01AE,2.68,daily
2014-03-13,M01AE,4.36,daily
2014-03-14,M01AE,1.68,daily
2014-03-15,M01AE,2.0,daily
2014-03-16,M01AE,2.0,daily
2014-03-17,M01AE,3.34,daily
2014-03-18,M01AE,4.0,daily
2014-03-19,M01AE,3.02,daily
2014-03-20,M01AE,5.34,daily
2014-03-21,M01AE,3.68,daily
2014-03-22,M01AE,2.34,daily
2014-03-23,M01AE,2.0,daily
2014-03-24,M01AE,1.0,daily
2014-03-25,M01AE,1.34,daily
2014-03-26,M01AE,3.99,daily
2014-03-27,M01AE,0.33,daily
2014-03-28,M01AE,2.0,daily
2014-03-29,M01AE,6.33,daily
2014-03-30,M01AE,2.34,daily
2014-03-31,M01AE,2.34,daily
2014-04-01,M01AE,1.34,daily
2014-04-02,M01AE,4.68,daily
2014-04-03,M01AE,1.34,daily
2014-04-04,M01AE,3.67,daily
2014-04-05,M01AE,7.68,daily
2014-04-06,M01AE,1.0,daily
2014-04-07,M01AE,6.0,daily
2014-04-08,M01AE,2.34,daily
2014-04-09,M01AE,1.02,daily
2014-04-10,M01AE,1.68,daily
2014-04-11,M01AE,4.0,daily
2014-04-12,M01AE,3.34,daily
2014-04-13,M01AE,2.0,daily
2014-04-14,M01AE,4.68,daily
2014-04-15,M01AE,3.0,daily
2014-04-16,M01AE,1.01,daily
2014-04-17,M01AE,0.34,daily
2014-04-18,M01AE,7.0,daily
2014-04-19,M01AE,3.35,daily
2014-04-20,M01AE,0.0,daily
2014-04-21,M01AE,1.68,daily
2014-04-22,M01AE,7.165,daily
2014-04-23,M01AE,2.34,daily
2014-04-24,M01AE,2.0,daily
2014-04-25,M01AE,2.02,daily
2014-04-26,M01AE,2.67,daily
2014-04-27,M01AE,2.34,daily
2014-04-28,M01AE,3.09,daily
2014-04-29,M01AE,4.02,daily
2014-04-30,M01AE,2.68,daily
2014-05-01,M01AE,0.0,daily
2014-05-02,M01AE,7.34,daily
2014-05-03,M01AE,5.34,daily
2014-05-04,M01AE,4.69,daily
2014-05-05,M01AE,5.785,daily
2014-05-06,M01AE,4.36,daily
2014-05-07,M01AE,6.32,daily
2014-05-08,M01AE,2.34,daily
2014-05-09,M01AE,5.0,daily
2014-05-10,M01AE,6.0,daily
2014-05-11,M01AE,2.68,daily
2014-05-12,M01AE,3.34,daily
2014-05-13,M01AE,0.34,daily
2014-05-14,M01AE,4.02,daily
2014-05-15,M01AE,2.02,daily
2014-05-16,M01AE,7.0,daily
2014-05-17,M01AE,7.68,daily
2014-05-18,M01AE,2.0,daily
2014-05-19,M01AE,3.84,daily
2014-05-20,M01AE,2.375,daily
2014-05-21,M01AE,4.68,daily
2014-05-22,M01AE,1.33,daily
2014-05-23,M01AE,2.34,daily
2014-05-24,M01AE,4.713,daily
2014-05-25,M01AE,3.0,daily
2014-05-26,M01AE,3.34,daily
2014-05-27,M01AE,2.34,daily
2014-05-28,M01AE,5.02,daily
2014-05-29,M01AE,5.34,daily
2014-05-30,M01AE,2.02,daily
2014-05-31,M01AE,3.34,daily
2014-06-01,M01AE,0.68,daily
2014-06-02,M01AE,4.34,daily
2014-06-03,M01AE,2.0,daily
2014-06-04,M01AE,4.68,daily
2014-06-05,M01AE,4.68,daily
2014-06-06,M01AE,1.68,daily
2014-06-07,M01AE,3.68,daily
2014-06-08,M01AE,2.0,daily
2014-06-09,M01AE,1.34,daily
2014-06-10,M01AE,2.68,daily
2014-06-11,M01AE,0.68,daily
2014-06-12,M01AE,3.0,daily
2014-06-13,M01AE,2.68,daily
2014-06-14,M01AE,5.02,daily
2014-06-15,M01AE,2.0,daily
2014-06-16,M01AE,4.34,daily
2014-06-17,M01AE,2.34,daily
2014-06-18,M01AE,2.0,daily
2014-06-19,M01AE,3.33,daily
2014-06-20,M01AE,2.02,daily
2014-06-21,M01AE,5.68,daily
2014-06-22,M01AE,1.02,daily
2014-06-23,M01AE,7.68,daily
2014-06-24,M01AE,5.14,daily
2014-06-25,M01AE,5.34,daily
2014-06-26,M01AE,2.0,daily
2014-06-27,M01AE,1.0,daily
2014-06-28,M01AE,5.34,daily
2014-06-29,M01AE,1.0,daily
2014-06-30,M01AE,5.34,daily
2014-07-01,M01AE,2.34,daily
2014-07-02,M01AE,0.34,daily
2014-07-03,M01AE,5.68,daily
2014-07-04,M01AE,4.7,daily
2014-07-05,M01AE,4.34,daily
2014-07-06,M01AE,2.0,daily
2014-07-07,M01AE,3.34,daily
2014-07-08,M01AE,2.34,daily
2014-07-09,M01AE,6.34,daily
2014-07-10,M01AE,4.66,daily
2014-07-11,M01AE,1.68,daily
2014-07-12,M01AE,2.68,daily
2014-07-13,M01AE,1.34,daily
2014-07-14,M01AE,3.04,daily
2014-07-15,M01AE,1.68,daily
2014-07-16,M01AE,3.34,daily
2014-07-17,M01AE,3.0,daily
2014-07-18,M01AE,2.34,daily
2014-07-19,M01AE,7.02,daily
2014-07-20,M01AE,0.34,daily
2014-07-21,M01AE,4.68,daily
2014-07-22,M01AE,5.68,daily
2014-07-23,M01AE,6.37,daily
2014-07-24,M01AE,2.0,daily
2014-07-25,M01AE,2.02,daily
2014-07-26,M01AE,6.68,daily
2014-07-27,M01AE,1.34,daily
2014-07-28,M01AE,1.34,daily
2014-07-29,M01AE,0.68,daily
2014-07-30,M01AE,1.34,daily
2014-07-31,M01AE,0.34,daily
2014-08-01,M01AE,1.0,daily
2014-08-02,M01AE,2.01,daily
2014-08-03,M01AE,1.0,daily
2014-08-04,M01AE,5.02,daily
2014-08-05,M01AE,1.34,daily
2014-08-06,M01AE,5.0,daily
2014-08-07,M01AE,2.68,daily
2014-08-08,M01AE,4.02,daily
2014-08-09,M01AE,1.34,daily
2014-08-10,M01AE,0.34,daily
2014-08-11,M01AE,5.36,daily
2014-08-12,M01AE,1.36,daily
2014-08-13,M01AE,3.34,daily
2014-08-14,M01AE,2.34,daily
2014-08-15,M01AE,4.02,daily
2014-08-16,M01AE,2.43,daily
2014-08-17,M01AE,0.68,daily
2014-08-18,M01AE,6.0,daily
2014-08-19,M01AE,6.35,daily
2014-08-20,M01AE,5.34,daily
2014-08-21,M01AE,1.0,daily
2014-08-22,M01AE,1.34,daily
2014-08-23,M01AE,3.02,daily
2014-08-24,M01AE,2.175,daily
2014-08-25,M01AE,3.175,daily
2014-08-26,M01AE,5.34,daily
2014-08-27,M01AE,8.02,daily
2014-08-28,M01AE,5.36,daily
2014-08-29,M01AE,3.68,daily
2014-08-30,M01AE,3.02,daily
2014-08-31,M01AE,2.68,daily
2014-09-01,M01AE,1.715,daily
2014-09-02,M01AE,4.68,daily
2014-09-03,M01AE,6.34,daily
2014-09-04,M01AE,5.34,daily
2014-09-05,M01AE,0.779,daily
2014-09-06,M01AE,5.0,daily
2014-09-07,M01AE,5.515,daily
2014-09-08,M01AE,5.36,daily
2014-09-09,M01AE,2.34,daily
2014-09-10,M01AE,3.34,daily
2014-09-11,M01AE,1.34,daily
2014-09-12,M01AE,2.67,daily
2014-09-13,M01AE,5.36,daily
2014-09-14,M01AE,2.0,daily
2014-09-15,M01AE,3.0,daily
2014-09-16,M01AE,2.68,daily
2014-09-17,M01AE,6.0,daily
2014-09-18,M01AE,2.02,daily
2014-09-19,M01AE,4.34,daily
2014-09-20,M01AE,1.855,daily
2014-09-21,M01AE,3.02,daily
2014-09-22,M01AE,4.0,daily
2014-09-23,M01AE,3.34,daily
2014-09-24,M01AE,3.34,daily
2014-09-25,M01AE,6.34,daily
2014-09-26,M01AE,3.68,daily
2014-09-27,M01AE,2.0,daily
2014-09-28,M01AE,2.68,daily
2014-09-29,M01AE,3.68,daily
2014-09-30,M01AE,5.34,daily
2014-10-01,M01AE,0.0,daily
2014-10-02,M01AE,4.99,daily
2014-10-03,M01AE,1.34,daily
2014-10-04,M01AE,7.766,daily
2014-10-05,M01AE,3.34,daily
2014-10-06,M01AE,1.365,daily
2014-10-07,M01AE,4.34,daily
2014-10-08,M01AE,6.0,daily
2014-10-09,M01AE,4.69,daily
2014-10-10,M01AE,2.68,daily
2014-10-11,M01AE,3.68,daily
2014-10-12,M01AE,0.33,daily
2014-10-13,M01AE,4.0,daily
2014-10-14,M01AE,5.41,daily
2014-10-15,M01AE,6.35,daily
2014-10-16,M01AE,3.5103125,daily
2014-10-17,M01AE,2.34,daily
2014-10-18,M01AE,6.0,daily
2014-10-19,M01AE,3.0,daily
2014-10-20,M01AE,5.66,daily
2014-10-21,M01AE,4.34,daily
2014-10-22,M01AE,2.0,daily
2014-10-23,M01AE,4.33,daily
2014-10-24,M01AE,2.67,daily
2014-10-25,M01AE,5.14,daily
2014-10-26,M01AE,1.0,daily
2014-10-27,M01AE,4.55,daily
2014-10-28,M01AE,3.48,daily
2014-10-29,M01AE,1.0,daily
2014-10-30,M01AE,1.0,daily
2014-10-31,M01AE,2.45,daily
2014-11-01,M01AE,2.34,daily
2014-11-02,M01AE,0.0,daily
2014-11-03,M01AE,4.33,daily
2014-11-04,M01AE,1.0,daily
2014-11-05,M01AE,1.68,daily
2014-11-06,M01AE,2.34,daily
2014-11-07,M01AE,10.34,daily
2014-11-08,M01AE,7.02,daily
2014-11-09,M01AE,4.34,daily
2014-11-10,M01AE,5.32,daily
2014-11-11,M01AE,4.0,daily
2014-11-12,M01AE,5.0,daily
2014-11-13,M01AE,2.0,daily
2014-11-14,M01AE,0.0,daily
2014-11-15,M01AE,5.34,daily
2014-11-16,M01AE,2.68,daily
2014-11-17,M01AE,5.01,daily
2014-11-18,M01AE,2.0,daily
2014-11-19,M01AE,3.67,daily
2014-11-20,M01AE,7.0,daily
2014-11-21,M01AE,1.34,daily
2014-11-22,M01AE,2.34,daily
2014-11-23,M01AE,3.68,daily
2014-11-24,M01AE,3.0,daily
2014-11-25,M01AE,1.68,daily
2014-11-26,M01AE,5.0,daily
2014-11-27,M01AE,3.67,daily
2014-11-28,M01AE,1.4,daily
2014-11-29,M01AE,2.01,daily
2014-11-30,M01AE,1.33,daily
2014-12-01,M01AE,4.01,daily
2014-12-02,M01AE,4.33,daily
2014-12-03,M01AE,3.33,daily
2014-12-04,M01AE,4.34,daily
2014-12-05,M01AE,5.68,daily
2014-12-06,M01AE,3.68,daily
2014-12-07,M01AE,4.911,daily
2014-12-08,M01AE,3.33,daily
2014-12-09,M01AE,2.34,daily
2014-12-10,M01AE,3.0,daily
2014-12-11,M01AE,5.33,daily
2014-12-12,M01AE,2.34,daily
2014-12-13,M01AE,3.34,daily
2014-12-14,M01AE,2.34,daily
2014-12-15,M01AE,4.02,daily
2014-12-16,M01AE,1.34,daily
2014-12-17,M01AE,3.67,daily
2014-12-18,M01AE,3.67,daily
2014-12-19,M01AE,0.0,daily
2014-12-20,M01AE,3.66,daily
2014-12-21,M01AE,4.33,daily
2014-12-22,M01AE,4.68,daily
2014-12-23,M01AE,3.0,daily
2014-12-24,M01AE,3.0,daily
2014-12-25,M01AE,2.0,daily
2014-12-26,M01AE,4.01,daily
2014-12-27,M01AE,5.34,daily
2014-12-28,M01AE,10.76,daily
2014-12-29,M01AE,3.66,daily
2014-12-30,M01AE,5.63,daily
2014-12-31,M01AE,6.33,daily
2015-01-01,M01AE,0.0,daily
2015-01-02,M01AE,5.33,daily
2015-01-03,M01AE,4.67,daily
2015-01-04,M01AE,8.92,daily
2015-01-05,M01AE,3.32,daily
2015-01-06,M01AE,9.37,daily
2015-01-07,M01AE,0.0,daily
2015-01-08,M01AE,7.077,daily
2015-01-09,M01AE,4.34,daily
2015-01-10,M01AE,5.864,daily
2015-01-11,M01AE,7.34,daily
2015-01-12,M01AE,3.34,daily
2015-01-13,M01AE,4.66,daily
2015-01-14,M01AE,3.34,daily
2015-01-15,M01AE,3.0,daily
2015-01-16,M01AE,5.99,daily
2015-01-17,M01AE,5.68,daily
2015-01-18,M01AE,4.34,daily
2015-01-19,M01AE,2.68,daily
2015-01-20,M01AE,0.33,daily
2015-01-21,M01AE,1.0,daily
2015-01-22,M01AE,1.34,daily
2015-01-23,M01AE,4.728,daily
2015-01-24,M01AE,3.33,daily
2015-01-25,M01AE,1.13,daily
2015-01-26,M01AE,4.67,daily
2015-01-27,M01AE,6.33,daily
2015-01-28,M01AE,5.34,daily
2015-01-29,M01AE,5.71,daily
2015-01-30,M01AE,1.068,daily
2015-01-31,M01AE,6.112,daily
2015-02-01,M01AE,7.35,daily
2015-02-02,M01AE,4.0,daily
2015-02-03,M01AE,3.0,daily
2015-02-04,M01AE,2.67,daily
2015-02-05,M01AE,5.57,daily
2015-02-06,M01AE,3.33,daily
2015-02-07,M01AE,5.0,daily
2015-02-08,M01AE,7.759,daily
2015-02-09,M01AE,3.54,daily
2015-02-10,M01AE,8.67,daily
2015-02-11,M01AE,5.14,daily
2015-02-12,M01AE,4.0,daily
2015-02-13,M01AE,4.23,daily
2015-02-14,M01AE,1.736,daily
2015-02-15,M01AE,2.33,daily
2015-02-16,M01AE,3.75,daily
2015-02-17,M01AE,8.693,daily
2015-02-18,M01AE,2.66,daily
2015-02-19,M01AE,3.332,daily
2015-02-20,M01AE,4.66,daily
2015-02-21,M01AE,5.347,daily
2015-02-22,M01AE,4.34,daily
2015-02-23,M01AE,3.16,daily
2015-02-24,M01AE,3.34,daily
2015-02-25,M01AE,6.33,daily
2015-02-26,M01AE,2.0,daily
2015-02-27,M01AE,4.473,daily
2015-02-28,M01AE,3.33,daily
2015-03-01,M01AE,7.893,daily
2015-03-02,M01AE,4.68,daily
2015-03-03,M01AE,6.03,daily
2015-03-04,M01AE,5.67,daily
2015-03-05,M01AE,2.33,daily
2015-03-06,M01AE,2.67,daily
2015-03-07,M01AE,1.0,daily
2015-03-08,M01AE,3.397,daily
2015-03-09,M01AE,3.0,daily
2015-03-10,M01AE,3.66,daily
2015-03-11,M01AE,5.0,daily
2015-03-12,M01AE,6.387,daily
2015-03-13,M01AE,3.33,daily
2015-03-14,M01AE,4.33,daily
2015-03-15,M01AE,4.16,daily
2015-03-16,M01AE,3.01,daily
2015-03-17,M01AE,3.0,daily
2015-03-18,M01AE,2.0,daily
2015-03-19,M01AE,2.33,daily
2015-03-20,M01AE,7.0,daily
2015-03-21,M01AE,3.34,daily
2015-03-22,M01AE,6.67,daily
2015-03-23,M01AE,4.34,daily
2015-03-24,M01AE,5.472,daily
2015-03-25,M01AE,8.66,daily
2015-03-26,M01AE,1.747,daily
2015-03-27,M01AE,2.67,daily
2015-03-28,M01AE,3.056,daily
2015-03-29,M01AE,5.727,daily
2015-03-30,M01AE,4.827,daily
2015-03-31,M01AE,2.0,daily
2015-04-01,M01AE,1.33,daily
2015-04-02,M01AE,3.99,daily
2015-04-03,M01AE,2.32,daily
2015-04-04,M01AE,4.33,daily
2015-04-05,M01AE,5.01,daily
2015-04-06,M01AE,3.33,daily
2015-04-07,M01AE,3.66,daily
2015-04-08,M01AE,2.33,daily
2015-04-09,M01AE,6.0,daily
2015-04-10,M01AE,6.505,daily
2015-04-11,M01AE,3.0,daily
2015-04-12,M01AE,0.0,daily
2015-04-13,M01AE,1.34,daily
2015-04-14,M01AE,6.01,daily
2015-04-15,M01AE,2.33,daily
2015-04-16,M01AE,1.0,daily
2015-04-17,M01AE,3.66,daily
2015-04-18,M01AE,3.0,daily
2015-04-19,M01AE,5.528,daily
2015-04-20,M01AE,5.043,daily
2015-04-21,M01AE,1.0,daily
2015-04-22,M01AE,4.627,daily
2015-04-23,M01AE,1.0,daily
2015-04-24,M01AE,1.0,daily
2015-04-25,M01AE,3.165,daily
2015-04-26,M01AE,6.0,daily
2015-04-27,M01AE,0.78,daily
2015-04-28,M01AE,4.67,daily
2015-04-29,M01AE,0.43,daily
2015-04-30,M01AE,8.727,daily
2015-05-01,M01AE,1.68,daily
2015-05-02,M01AE,3.66,daily
2015-05-03,M01AE,1.066,daily
2015-05-04,M01AE,4.723,daily
2015-05-05,M01AE,3.462,daily
2015-05-06,M01AE,6.497,daily
2015-05-07,M01AE,3.34,daily
2015-05-08,M01AE,6.34,daily
2015-05-09,M01AE,4.34,daily
2015-05-10,M01AE,5.427,daily
2015-05-11,M01AE,6.66,daily
2015-05-12,M01AE,1.99,daily
2015-05-13,M01AE,3.44,daily
2015-05-14,M01AE,5.067,daily
2015-05-15,M01AE,6.53,daily
2015-05-16,M01AE,4.066,daily
2015-05-17,M01AE,3.33,daily
2015-05-18,M01AE,2.713,daily
2015-05-19,M01AE,1.66,daily
2015-05-20,M01AE,6.465,daily
2015-05-21,M01AE,1.957,daily
2015-05-22,M01AE,0.198,daily
2015-05-23,M01AE,2.69,daily
2015-05-24,M01AE,7.769,daily
2015-05-25,M01AE,3.33,daily
2015-05-26,M01AE,3.34,daily
2015-05-27,M01AE,2.66,daily
2015-05-28,M01AE,2.33,daily
2015-05-29,M01AE,5.01,daily
2015-05-30,M01AE,2.68,daily
2015-05-31,M01AE,4.697,daily
2015-06-01,M01AE,5.0,daily
2015-06-02,M01AE,8.0,daily
2015-06-03,M01AE,1.66,daily
2015-06-04,M01AE,4.0,daily
2015-06-05,M01AE,0.67,daily
2015-06-06,M01AE,3.68,daily
2015-06-07,M01AE,5.01,daily
2015-06-08,M01AE,5.66,daily
2015-06-09,M01AE,4.0,daily
2015-06-10,M01AE,3.01,daily
2015-06-11,M01AE,2.33,daily
2015-06-12,M01AE,1.66,daily
2015-06-13,M01AE,4.66,daily
2015-06-14,M01AE,3.67,daily
2015-06-15,M01AE,3.36,daily
2015-06-16,M01AE,3.34,daily
2015-06-17,M01AE,3.32,daily
2015-06-18,M01AE,5.33,daily
2015-06-19,M01AE,4.01,daily
2015-06-20,M01AE,3.0,daily
2015-06-21,M01AE,0.68,daily
2015-06-22,M01AE,6.99,daily
2015-06-23,M01AE,5.67,daily
2015-06-24,M01AE,4.0,daily
2015-06-25,M01AE,4.34,daily
2015-06-26,M01AE,0.33,daily
2015-06-27,M01AE,3.33,daily
2015-06-28,M01AE,4.65,daily
2015-06-29,M01AE,3.66,daily
2015-06-30,M01AE,4.67,daily
2015-07-01,M01AE,5.68,daily
2015-07-02,M01AE,2.0,daily
2015-07-03,M01AE,4.33,daily
2015-07-04,M01AE,2.34,daily
2015-07-05,M01AE,4.34,daily
2015-07-06,M01AE,4.68,daily
2015-07-07,M01AE,4.68,daily
2015-07-08,M01AE,1.35,daily
2015-07-09,M01AE,1.67,daily
2015-07-10,M01AE,6.34,daily
2015-07-11,M01AE,2.33,daily
2015-07-12,M01AE,5.33,daily
2015-07-13,M01AE,0.66,daily
2015-07-14,M01AE,4.33,daily
2015-07-15,M01AE,1.66,daily
2015-07-16,M01AE,3.33,daily
2015-07-17,M01AE,1.33,daily
2015-07-18,M01AE,7.38,daily
2015-07-19,M01AE,1.68,daily
2015-07-20,M01AE,4.67,daily
2015-07-21,M01AE,1.0,daily
2015-07-22,M01AE,0.34,daily
2015-07-23,M01AE,4.0,daily
2015-07-24,M01AE,6.34,daily
2015-07-25,M01AE,4.0,daily
2015-07-26,M01AE,2.99,daily
2015-07-27,M01AE,3.34,daily
2015-07-28,M01AE,6.02,daily
2015-07-29,M01AE,3.34,daily
2015-07-30,M01AE,3.33,daily
2015-07-31,M01AE,9.0,daily
2015-08-01,M01AE,5.0,daily
2015-08-02,M01AE,6.7,daily
2015-08-03,M01AE,2.33,daily
2015-08-04,M01AE,2.33,daily
2015-08-05,M01AE,3.33,daily
2015-08-06,M01AE,1.67,daily
2015-08-07,M01AE,4.0,daily
2015-08-08,M01AE,5.33,daily
2015-08-09,M01AE,3.66,daily
2015-08-10,M01AE,5.68,daily
2015-08-11,M01AE,6.66,daily
2015-08-12,M01AE,7.693,daily
2015-08-13,M01AE,2.0,daily
2015-08-14,M01AE,4.66,daily
2015-08-15,M01AE,6.34,daily
2015-08-16,M01AE,4.67,daily
2015-08-17,M01AE,3.0,daily
2015-08-18,M01AE,2.67,daily
2015-08-19,M01AE,2.66,daily
2015-08-20,M01AE,3.68,daily
2015-08-21,M01AE,0.67,daily
2015-08-22,M01AE,6.736,daily
2015-08-23,M01AE,5.33,daily
2015-08-24,M01AE,3.66,daily
2015-08-25,M01AE,2.67,daily
2015-08-26,M01AE,4.02,daily
2015-08-27,M01AE,3.0,daily
2015-08-28,M01AE,8.67,daily
2015-08-29,M01AE,10.34,daily
2015-08-30,M01AE,6.02,daily
2015-08-31,M01AE,9.34,daily
2015-09-01,M01AE,2.84,daily
2015-09-02,M01AE,7.0,daily
2015-09-03,M01AE,3.68,daily
2015-09-04,M01AE,2.68,daily
2015-09-05,M01AE,6.01,daily
2015-09-06,M01AE,9.67,daily
2015-09-07,M01AE,6.124,daily
2015-09-08,M01AE,1.693,daily
2015-09-09,M01AE,3.0,daily
2015-09-10,M01AE,3.99,daily
2015-09-11,M01AE,5.0,daily
2015-09-12,M01AE,7.66,daily
2015-09-13,M01AE,6.165,daily
2015-09-14,M01AE,5.0,daily
2015-09-15,M01AE,5.076,daily
2015-09-16,M01AE,4.835,daily
2015-09-17,M01AE,6.33,daily
2015-09-18,M01AE,1.33,daily
2015-09-19,M01AE,0.99,daily
2015-09-20,M01AE,3.99,daily
2015-09-21,M01AE,10.0,daily
2015-09-22,M01AE,1.33,daily
2015-09-23,M01AE,4.056,daily
2015-09-24,M01AE,4.34,daily
2015-09-25,M01AE,4.98,daily
2015-09-26,M01AE,3.33,daily
2015-09-27,M01AE,3.0,daily
2015-09-28,M01AE,1.33,daily
2015-09-29,M01AE,4.363,daily
2015-09-30,M01AE,4.33,daily
2015-10-01,M01AE,5.99,daily
2015-10-02,M01AE,4.726,daily
2015-10-03,M01AE,5.34,daily
2015-10-04,M01AE,4.0,daily
2015-10-05,M01AE,2.373,daily
2015-10-06,M01AE,3.66,daily
2015-10-07,M01AE,2.66,daily
2015-10-08,M01AE,4.33,daily
2015-10-09,M01AE,2.769,daily
2015-10-10,M01AE,5.66,daily
2015-10-11,M01AE,2.792,daily
2015-10-12,M01AE,7.33,daily
2015-10-13,M01AE,7.0,daily
2015-10-14,M01AE,7.33,daily
2015-10-15,M01AE,5.726,daily
2015-10-16,M01AE,3.33,daily
2015-10-17,M01AE,2.837,daily
2015-10-18,M01AE,6.54,daily
2015-10-19,M01AE,3.802,daily
2015-10-20,M01AE,1.99,daily
2015-10-21,M01AE,2.363,daily
2015-10-22,M01AE,0.34,daily
2015-10-23,M01AE,1.66,daily
2015-10-24,M01AE,8.35,daily
2015-10-25,M01AE,3.33,daily
2015-10-26,M01AE,5.33,daily
2015-10-27,M01AE,2.0,daily
2015-10-28,M01AE,1.66,daily
2015-10-29,M01AE,3.693,daily
2015-10-30,M01AE,3.67,daily
2015-10-31,M01AE,4.65,daily
2015-11-01,M01AE,7.99,daily
2015-11-02,M01AE,4.33,daily
2015-11-03,M01AE,4.35,daily
2015-11-04,M01AE,2.34,daily
2015-11-05,M01AE,3.561,daily
2015-11-06,M01AE,6.736,daily
2015-11-07,M01AE,3.11,daily
2015-11-08,M01AE,3.67,daily
2015-11-09,M01AE,6.198,daily
2015-11-10,M01AE,7.482,daily
2015-11-11,M01AE,5.34,daily
2015-11-12,M01AE,4.33,daily
2015-11-13,M01AE,2.44,daily
2015-11-14,M01AE,0.33,daily
2015-11-15,M01AE,11.99,daily
2015-11-16,M01AE,3.67,daily
2015-11-17,M01AE,4.693,daily
2015-11-18,M01AE,5.33,daily
2015-11-19,M01AE,2.99,daily
2015-11-20,M01AE,1.66,daily
2015-11-21,M01AE,2.01,daily
2015-11-22,M01AE,3.439,daily
2015-11-23,M01AE,1.0,daily
2015-11-24,M01AE,6.33,daily
2015-11-25,M01AE,5.33,daily
2015-11-26,M01AE,4.0,daily
2015-11-27,M01AE,4.373,daily
2015-11-28,M01AE,3.66,daily
2015-11-29,M01AE,3.726,daily
2015-11-30,M01AE,1.825,daily
2015-12-01,M01AE,2.023,daily
2015-12-02,M01AE,3.33,daily
2015-12-03,M01AE,3.0,daily
2015-12-04,M01AE,4.759,daily
2015-12-05,M01AE,3.033,daily
2015-12-06,M01AE,7.0,daily
2015-12-07,M01AE,2.099,daily
2015-12-08,M01AE,6.34,daily
2015-12-09,M01AE,3.472,daily
2015-12-10,M01AE,10.69,daily
2015-12-11,M01AE,6.165,daily
2015-12-12,M01AE,3.2,daily
2015-12-13,M01AE,4.32,daily
2015-12-14,M01AE,3.0,daily
2015-12-15,M01AE,2.0,daily
2015-12-16,M01AE,4.0,daily
2015-12-17,M01AE,3.01,daily
2015-12-18,M01AE,8.901,daily
2015-12-19,M01AE,0.0,daily
2015-12-20,M01AE,3.474,daily
2015-12-21,M01AE,6.34,daily
2015-12-22,M01AE,0.0,daily
2015-12-23,M01AE,4.01,daily
2015-12-24,M01AE,3.396,daily
2015-12-25,M01AE,4.66,daily
2015-12-26,M01AE,1.66,daily
2015-12-27,M01AE,6.792,daily
2015-12-28,M01AE,5.099,daily
2015-12-29,M01AE,2.33,daily
2015-12-30,M01AE,7.089,daily
2015-12-31,M01AE,6.099,daily
2016-01-01,M01AE,0.0,daily
2016-01-02,M01AE,1.02,daily
2016-01-03,M01AE,4.0,daily
2016-01-04,M01AE,5.99,daily
2016-01-05,M01AE,5.99,daily
2016-01-06,M01AE,3.0,daily
2016-01-07,M01AE,0.0,daily
2016-01-08,M01AE,3.463,daily
2016-01-09,M01AE,2.66,daily
2016-01-10,M01AE,4.033,daily
2016-01-11,M01AE,5.66,daily
2016-01-12,M01AE,3.132,daily
2016-01-13,M01AE,1.66,daily
2016-01-14,M01AE,5.155,daily
2016-01-15,M01AE,4.66,daily
2016-01-16,M01AE,5.34,daily
2016-01-17,M01AE,1.604,daily
2016-01-18,M01AE,2.99,daily
2016-01-19,M01AE,5.66,daily
2016-01-20,M01AE,3.363,daily
2016-01-21,M01AE,1.43,daily
2016-01-22,M01AE,7.678,daily
2016-01-23,M01AE,6.132,daily
2016-01-24,M01AE,6.122,daily
2016-01-25,M01AE,4.26,daily
2016-01-26,M01AE,4.069,daily
2016-01-27,M01AE,4.429,daily
2016-01-28,M01AE,6.66,daily
2016-01-29,M01AE,8.67,daily
2016-01-30,M01AE,4.429,daily
2016-01-31,M01AE,5.143,daily
2016-02-01,M01AE,5.0,daily
2016-02-02,M01AE,4.878,daily
2016-02-03,M01AE,6.693,daily
2016-02-04,M01AE,4.0,daily
2016-02-05,M01AE,2.0,daily
2016-02-06,M01AE,10.33,daily
2016-02-07,M01AE,6.056,daily
2016-02-08,M01AE,6.99,daily
2016-02-09,M01AE,3.33,daily
2016-02-10,M01AE,4.703,daily
2016-02-11,M01AE,4.156,daily
2016-02-12,M01AE,6.429,daily
2016-02-13,M01AE,3.67,daily
2016-02-14,M01AE,7.34,daily
2016-02-15,M01AE,5.33,daily
2016-02-16,M01AE,2.32,daily
2016-02-17,M01AE,5.0,daily
2016-02-18,M01AE,1.0,daily
2016-02-19,M01AE,1.67,daily
2016-02-20,M01AE,4.122,daily
2016-02-21,M01AE,4.0,daily
2016-02-22,M01AE,5.32,daily
2016-02-23,M01AE,2.33,daily
2016-02-24,M01AE,2.33,daily
2016-02-25,M01AE,3.99,daily
2016-02-26,M01AE,5.848,daily
2016-02-27,M01AE,7.0,daily
2016-02-28,M01AE,4.033,daily
2016-02-29,M01AE,7.66,daily
2016-03-01,M01AE,4.0,daily
2016-03-02,M01AE,10.396,daily
2016-03-03,M01AE,2.0,daily
2016-03-04,M01AE,0.99,daily
2016-03-05,M01AE,4.891,daily
2016-03-06,M01AE,8.145,daily
2016-03-07,M01AE,7.34,daily
2016-03-08,M01AE,6.66,daily
2016-03-09,M01AE,5.67,daily
2016-03-10,M01AE,10.33,daily
2016-03-11,M01AE,4.363,daily
2016-03-12,M01AE,6.373,daily
2016-03-13,M01AE,4.134,daily
2016-03-14,M01AE,3.32,daily
2016-03-15,M01AE,3.32,daily
2016-03-16,M01AE,13.34,daily
2016-03-17,M01AE,5.396,daily
2016-03-18,M01AE,5.353,daily
2016-03-19,M01AE,8.33,daily
2016-03-20,M01AE,9.693,daily
2016-03-21,M01AE,8.056,daily
2016-03-22,M01AE,0.0,daily
2016-03-23,M01AE,3.0,daily
2016-03-24,M01AE,2.0,daily
2016-03-25,M01AE,7.35,daily
2016-03-26,M01AE,0.66,daily
2016-03-27,M01AE,5.449,daily
2016-03-28,M01AE,2.34,daily
2016-03-29,M01AE,1.33,daily
2016-03-30,M01AE,2.68,daily
2016-03-31,M01AE,8.68,daily
2016-04-01,M01AE,3.01,daily
2016-04-02,M01AE,2.0,daily
2016-04-03,M01AE,7.396,daily
2016-04-04,M01AE,5.231,daily
2016-04-05,M01AE,5.33,daily
2016-04-06,M01AE,5.363,daily
2016-04-07,M01AE,5.98,daily
2016-04-08,M01AE,3.66,daily
2016-04-09,M01AE,9.01,daily
2016-04-10,M01AE,6.67,daily
2016-04-11,M01AE,4.99,daily
2016-04-12,M01AE,4.65,daily
2016-04-13,M01AE,3.066,daily
2016-04-14,M01AE,2.32,daily
2016-04-15,M01AE,3.056,daily
2016-04-16,M01AE,6.66,daily
2016-04-17,M01AE,8.175,daily
2016-04-18,M01AE,2.0,daily
2016-04-19,M01AE,1.34,daily
2016-04-20,M01AE,3.33,daily
2016-04-21,M01AE,3.464,daily
2016-04-22,M01AE,5.67,daily
2016-04-23,M01AE,3.69,daily
2016-04-24,M01AE,6.66,daily
2016-04-25,M01AE,1.66,daily
2016-04-26,M01AE,4.99,daily
2016-04-27,M01AE,7.495,daily
2016-04-28,M01AE,6.34,daily
2016-04-29,M01AE,3.0,daily
2016-04-30,M01AE,10.32,daily
2016-05-01,M01AE,0.0,daily
2016-05-02,M01AE,1.02,daily
2016-05-03,M01AE,5.99,daily
2016-05-04,M01AE,3.0,daily
2016-05-05,M01AE,3.0,daily
2016-05-06,M01AE,2.99,daily
2016-05-07,M01AE,8.34,daily
2016-05-08,M01AE,10.66,daily
2016-05-09,M01AE,6.363,daily
2016-05-10,M01AE,3.67,daily
2016-05-11,M01AE,4.66,daily
2016-05-12,M01AE,1.759,daily
2016-05-13,M01AE,2.33,daily
2016-05-14,M01AE,4.67,daily
2016-05-15,M01AE,8.188,daily
2016-05-16,M01AE,3.66,daily
2016-05-17,M01AE,2.33,daily
2016-05-18,M01AE,5.33,daily
2016-05-19,M01AE,5.66,daily
2016-05-20,M01AE,1.132,daily
2016-05-21,M01AE,5.34,daily
2016-05-22,M01AE,4.51,daily
2016-05-23,M01AE,2.363,daily
2016-05-24,M01AE,3.167,daily
2016-05-25,M01AE,1.67,daily
2016-05-26,M01AE,5.33,daily
2016-05-27,M01AE,2.683,daily
2016-05-28,M01AE,0.363,daily
2016-05-29,M01AE,4.33,daily
2016-05-30,M01AE,3.023,daily
2016-05-31,M01AE,3.33,daily
2016-06-01,M01AE,1.1,daily
2016-06-02,M01AE,6.0,daily
2016-06-03,M01AE,3.0,daily
2016-06-04,M01AE,3.34,daily
2016-06-05,M01AE,3.066,daily
2016-06-06,M01AE,2.802,daily
2016-06-07,M01AE,3.363,daily
2016-06-08,M01AE,1.33,daily
2016-06-09,M01AE,4.33,daily
2016-06-10,M01AE,4.0,daily
2016-06-11,M01AE,2.825,daily
2016-06-12,M01AE,7.353,daily
2016-06-13,M01AE,4.736,daily
2016-06-14,M01AE,6.0,daily
2016-06-15,M01AE,5.495,daily
2016-06-16,M01AE,0.33,daily
2016-06-17,M01AE,3.67,daily
2016-06-18,M01AE,4.33,daily
2016-06-19,M01AE,6.01,daily
2016-06-20,M01AE,3.34,daily
2016-06-21,M01AE,4.66,daily
2016-06-22,M01AE,6.067,daily
2016-06-23,M01AE,0.33,daily
2016-06-24,M01AE,2.34,daily
2016-06-25,M01AE,4.99,daily
2016-06-26,M01AE,3.845,daily
2016-06-27,M01AE,3.067,daily
2016-06-28,M01AE,1.429,daily
2016-06-29,M01AE,8.01,daily
2016-06-30,M01AE,3.803,daily
2016-07-01,M01AE,2.01,daily
2016-07-02,M01AE,5.132,daily
2016-07-03,M01AE,4.165,daily
2016-07-04,M01AE,5.34,daily
2016-07-05,M01AE,4.01,daily
2016-07-06,M01AE,5.726,daily
2016-07-07,M01AE,5.01,daily
2016-07-08,M01AE,7.056,daily
2016-07-09,M01AE,6.0,daily
2016-07-10,M01AE,8.32,daily
2016-07-11,M01AE,1.703,daily
2016-07-12,M01AE,2.67,daily
2016-07-13,M01AE,7.0,daily
2016-07-14,M01AE,2.363,daily
2016-07-15,M01AE,8.0,daily
2016-07-16,M01AE,6.737,daily
2016-07-17,M01AE,4.01,daily
2016-07-18,M01AE,2.497,daily
2016-07-19,M01AE,1.33,daily
2016-07-20,M01AE,4.66,daily
2016-07-21,M01AE,5.32,daily
2016-07-22,M01AE,1.66,daily
2016-07-23,M01AE,5.49,daily
2016-07-24,M01AE,4.99,daily
2016-07-25,M01AE,3.33,daily
2016-07-26,M01AE,2.66,daily
2016-07-27,M01AE,6.33,daily
2016-07-28,M01AE,3.99,daily
2016-07-29,M01AE,4.51,daily
2016-07-30,M01AE,3.99,daily
2016-07-31,M01AE,5.01,daily
2016-08-01,M01AE,1.396,daily
2016-08-02,M01AE,7.0,daily
2016-08-03,M01AE,2.98,daily
2016-08-04,M01AE,2.693,daily
2016-08-05,M01AE,3.42,daily
2016-08-06,M01AE,3.662,daily
2016-08-07,M01AE,4.155,daily
2016-08-08,M01AE,5.99,daily
2016-08-09,M01AE,4.66,daily
2016-08-10,M01AE,2.99,daily
2016-08-11,M01AE,3.66,daily
2016-08-12,M01AE,5.66,daily
2016-08-13,M01AE,6.737,daily
2016-08-14,M01AE,4.857,daily
2016-08-15,M01AE,2.33,daily
2016-08-16,M01AE,4.66,daily
2016-08-17,M01AE,2.01,daily
2016-08-18,M01AE,3.363,daily
2016-08-19,M01AE,4.33,daily
2016-08-20,M01AE,2.99,daily
2016-08-21,M01AE,3.627,daily
2016-08-22,M01AE,3.386,daily
2016-08-23,M01AE,3.066,daily
2016-08-24,M01AE,3.487,daily
2016-08-25,M01AE,2.67,daily
2016-08-26,M01AE,2.023,daily
2016-08-27,M01AE,1.736,daily
2016-08-28,M01AE,7.02,daily
2016-08-29,M01AE,0.67,daily
2016-08-30,M01AE,1.32,daily
2016-08-31,M01AE,5.827,daily
2016-09-01,M01AE,3.66,daily
2016-09-02,M01AE,4.02,daily
2016-09-03,M01AE,4.025,daily
2016-09-04,M01AE,4.396,daily
2016-09-05,M01AE,4.396,daily
2016-09-06,M01AE,1.33,daily
2016-09-07,M01AE,2.19,daily
2016-09-08,M01AE,2.99,daily
2016-09-09,M01AE,3.99,daily
2016-09-10,M01AE,11.31,daily
2016-09-11,M01AE,6.99,daily
2016-09-12,M01AE,6.0,daily
2016-09-13,M01AE,5.759,daily
2016-09-14,M01AE,3.792,daily
2016-09-15,M01AE,6.628,daily
2016-09-16,M01AE,1.33,daily
2016-09-17,M01AE,3.693,daily
2016-09-18,M01AE,7.32,daily
2016-09-19,M01AE,3.396,daily
2016-09-20,M01AE,2.792,daily
2016-09-21,M01AE,4.31,daily
2016-09-22,M01AE,2.33,daily
2016-09-23,M01AE,6.99,daily
2016-09-24,M01AE,3.779,daily
2016-09-25,M01AE,4.33,daily
2016-09-26,M01AE,1.0,daily
2016-09-27,M01AE,4.67,daily
2016-09-28,M01AE,1.802,daily
2016-09-29,M01AE,2.0,daily
2016-09-30,M01AE,5.0,daily
2016-10-01,M01AE,7.65,daily
2016-10-02,M01AE,4.056,daily
2016-10-03,M01AE,5.33,daily
2016-10-04,M01AE,2.99,daily
2016-10-05,M01AE,4.0,daily
2016-10-06,M01AE,3.99,daily
2016-10-07,M01AE,4.297,daily
2016-10-08,M01AE,6.33,daily
2016-10-09,M01AE,5.02,daily
2016-10-10,M01AE,5.066,daily
2016-10-11,M01AE,2.406,daily
2016-10-12,M01AE,2.373,daily
2016-10-13,M01AE,4.33,daily
2016-10-14,M01AE,4.0,daily
2016-10-15,M01AE,5.97,daily
2016-10-16,M01AE,5.122,daily
2016-10-17,M01AE,5.0,daily
2016-10-18,M01AE,5.056,daily
2016-10-19,M01AE,6.66,daily
2016-10-20,M01AE,5.66,daily
2016-10-21,M01AE,3.825,daily
2016-10-22,M01AE,2.67,daily
2016-10-23,M01AE,5.78,daily
2016-10-24,M01AE,3.023,daily
2016-10-25,M01AE,4.572,daily
2016-10-26,M01AE,2.397,daily
2016-10-27,M01AE,2.023,daily
2016-10-28,M01AE,3.78,daily
2016-10-29,M01AE,4.54,daily
2016-10-30,M01AE,10.32,daily
2016-10-31,M01AE,3.82,daily
2016-11-01,M01AE,1.703,daily
2016-11-02,M01AE,3.703,daily
2016-11-03,M01AE,1.0,daily
2016-11-04,M01AE,4.373,daily
2016-11-05,M01AE,3.02,daily
2016-11-06,M01AE,4.34,daily
2016-11-07,M01AE,2.726,daily
2016-11-08,M01AE,2.35,daily
2016-11-09,M01AE,5.66,daily
2016-11-10,M01AE,6.33,daily
2016-11-11,M01AE,1.759,daily
2016-11-12,M01AE,3.825,daily
2016-11-13,M01AE,11.32,daily
2016-11-14,M01AE,4.726,daily
2016-11-15,M01AE,0.33,daily
2016-11-16,M01AE,3.167,daily
2016-11-17,M01AE,2.726,daily
2016-11-18,M01AE,4.33,daily
2016-11-19,M01AE,2.7,daily
2016-11-20,M01AE,4.34,daily
2016-11-21,M01AE,3.34,daily
2016-11-22,M01AE,4.703,daily
2016-11-23,M01AE,4.33,daily
2016-11-24,M01AE,4.333,daily
2016-11-25,M01AE,5.0,daily
2016-11-26,M01AE,5.0,daily
2016-11-27,M01AE,5.693,daily
2016-11-28,M01AE,1.363,daily
2016-11-29,M01AE,5.67,daily
2016-11-30,M01AE,2.99,daily
2016-12-01,M01AE,2.363,daily
2016-12-02,M01AE,1.076,daily
2016-12-03,M01AE,2.68,daily
2016-12-04,M01AE,9.123,daily
2016-12-05,M01AE,1.68,daily
2016-12-06,M01AE,5.09,daily
2016-12-07,M01AE,2.726,daily
2016-12-08,M01AE,1.67,daily
2016-12-09,M01AE,1.67,daily
2016-12-10,M01AE,6.33,daily
2016-12-11,M01AE,4.726,daily
2016-12-12,M01AE,2.429,daily
2016-12-13,M01AE,4.0,daily
2016-12-14,M01AE,3.78,daily
2016-12-15,M01AE,3.33,daily
2016-12-16,M01AE,6.32,daily
2016-12-17,M01AE,2.66,daily
2016-12-18,M01AE,5.02,daily
2016-12-19,M01AE,0.0,daily
2016-12-20,M01AE,3.66,daily
2016-12-21,M01AE,2.812,daily
2016-12-22,M01AE,4.165,daily
2016-12-23,M01AE,4.67,daily
2016-12-24,M01AE,6.7,daily
2016-12-25,M01AE,7.627,daily
2016-12-26,M01AE,4.66,daily
2016-12-27,M01AE,5.0,daily
2016-12-28,M01AE,6.33,daily
2016-12-29,M01AE,6.01,daily
2016-12-30,M01AE,8.99,daily
2016-12-31,M01AE,7.759,daily
2017-01-01,M01AE,3.95625,daily
2017-01-02,M01AE,0.6375,daily
2017-01-03,M01AE,5.83125,daily
2017-01-04,M01AE,5.970833333,daily
2017-01-05,M01AE,7.879166667,daily
2017-01-06,M01AE,3.05,daily
2017-01-07,M01AE,5.154166667,daily
2017-01-08,M01AE,1.859583333,daily
2017-01-09,M01AE,4.057083333,daily
2017-01-10,M01AE,4.73875,daily
2017-01-11,M01AE,5.501666667,daily
2017-01-12,M01AE,5.196666667,daily
2017-01-13,M01AE,3.891666667,daily
2017-01-14,M01AE,4.364583333,daily
2017-01-15,M01AE,6.525,daily
2017-01-16,M01AE,4.029166667,daily
2017-01-17,M01AE,4.139166667,daily
2017-01-18,M01AE,4.445833333,daily
2017-01-19,M01AE,5.7,daily
2017-01-20,M01AE,4.73875,daily
2017-01-21,M01AE,2.4,daily
2017-01-22,M01AE,5.0075,daily
2017-01-23,M01AE,4.505,daily
2017-01-24,M01AE,5.770833333,daily
2017-01-25,M01AE,5.108333333,daily
2017-01-26,M01AE,5.224583333,daily
2017-01-27,M01AE,7.54125,daily
2017-01-28,M01AE,6.1125,daily
2017-01-29,M01AE,7.783333333,daily
2017-01-30,M01AE,5.61625,daily
2017-01-31,M01AE,4.254583333,daily
2017-02-01,M01AE,5.188333333,daily
2017-02-02,M01AE,6.211666667,daily
2017-02-03,M01AE,6.255416667,daily
2017-02-04,M01AE,4.166666667,daily
2017-02-05,M01AE,10.725,daily
2017-02-06,M01AE,5.0,daily
2017-02-07,M01AE,0.33,daily
2017-02-08,M01AE,1.67,daily
2017-02-09,M01AE,1.76,daily
2017-02-10,M01AE,3.34,daily
2017-02-11,M01AE,6.32,daily
2017-02-12,M01AE,10.67,daily
2017-02-13,M01AE,0.0,daily
2017-02-14,M01AE,5.0,daily
2017-02-15,M01AE,2.67,daily
2017-02-16,M01AE,4.66,daily
2017-02-17,M01AE,2.802,daily
2017-02-18,M01AE,4.0,daily
2017-02-19,M01AE,3.516,daily
2017-02-20,M01AE,3.76,daily
2017-02-21,M01AE,4.155,daily
2017-02-22,M01AE,2.429,daily
2017-02-23,M01AE,5.67,daily
2017-02-24,M01AE,4.67,daily
2017-02-25,M01AE,6.34,daily
2017-02-26,M01AE,5.33,daily
2017-02-27,M01AE,3.68,daily
2017-02-28,M01AE,5.02,daily
2017-03-01,M01AE,4.66,daily
2017-03-02,M01AE,7.13,daily
2017-03-03,M01AE,2.99,daily
2017-03-04,M01AE,3.67,daily
2017-03-05,M01AE,4.33,daily
2017-03-06,M01AE,2.33,daily
2017-03-07,M01AE,5.33,daily
2017-03-08,M01AE,2.34,daily
2017-03-09,M01AE,2.33,daily
2017-03-10,M01AE,4.33,daily
2017-03-11,M01AE,4.066,daily
2017-03-12,M01AE,7.01,daily
2017-03-13,M01AE,0.68,daily
2017-03-14,M01AE,1.34,daily
2017-03-15,M01AE,1.703,daily
2017-03-16,M01AE,4.056,daily
2017-03-17,M01AE,2.802,daily
2017-03-18,M01AE,4.38,daily
2017-03-19,M01AE,3.693,daily
2017-03-20,M01AE,6.683,daily
2017-03-21,M01AE,2.03,daily
2017-03-22,M01AE,5.023,daily
2017-03-23,M01AE,2.133,daily
2017-03-24,M01AE,3.0,daily
2017-03-25,M01AE,5.49,daily
2017-03-26,M01AE,5.36,daily
2017-03-27,M01AE,3.463,daily
2017-03-28,M01AE,2.67,daily
2017-03-29,M01AE,1.34,daily
2017-03-30,M01AE,2.693,daily
2017-03-31,M01AE,2.0,daily
2017-04-01,M01AE,2.0,daily
2017-04-02,M01AE,4.223,daily
2017-04-03,M01AE,1.0,daily
2017-04-04,M01AE,1.033,daily
2017-04-05,M01AE,0.231,daily
2017-04-06,M01AE,0.66,daily
2017-04-07,M01AE,4.0,daily
2017-04-08,M01AE,8.759,daily
2017-04-09,M01AE,5.34,daily
2017-04-10,M01AE,1.363,daily
2017-04-11,M01AE,2.33,daily
2017-04-12,M01AE,3.32,daily
2017-04-13,M01AE,2.439,daily
2017-04-14,M01AE,4.98,daily
2017-04-15,M01AE,1.472,daily
2017-04-16,M01AE,0.0,daily
2017-04-17,M01AE,3.99,daily
2017-04-18,M01AE,4.67,daily
2017-04-19,M01AE,3.406,daily
2017-04-20,M01AE,2.33,daily
2017-04-21,M01AE,2.34,daily
2017-04-22,M01AE,4.66,daily
2017-04-23,M01AE,5.416,daily
2017-04-24,M01AE,3.81,daily
2017-04-25,M01AE,2.99,daily
2017-04-26,M01AE,4.0,daily
2017-04-27,M01AE,3.737,daily
2017-04-28,M01AE,3.67,daily
2017-04-29,M01AE,9.0,daily
2017-04-30,M01AE,4.046,daily
2017-05-01,M01AE,1.0,daily
2017-05-02,M01AE,6.033,daily
2017-05-03,M01AE,3.34,daily
2017-05-04,M01AE,5.66,daily
2017-05-05,M01AE,5.33,daily
2017-05-06,M01AE,2.363,daily
2017-05-07,M01AE,3.67,daily
2017-05-08,M01AE,3.66,daily
2017-05-09,M01AE,4.0,daily
2017-05-10,M01AE,0.397,daily
2017-05-11,M01AE,6.693,daily
2017-05-12,M01AE,4.703,daily
2017-05-13,M01AE,2.363,daily
2017-05-14,M01AE,2.076,daily
2017-05-15,M01AE,4.703,daily
2017-05-16,M01AE,5.66,daily
2017-05-17,M01AE,4.84,daily
2017-05-18,M01AE,5.01,daily
2017-05-19,M01AE,3.44,daily
2017-05-20,M01AE,4.713,daily
2017-05-21,M01AE,3.043,daily
2017-05-22,M01AE,1.34,daily
2017-05-23,M01AE,2.406,daily
2017-05-24,M01AE,3.34,daily
2017-05-25,M01AE,5.36,daily
2017-05-26,M01AE,3.67,daily
2017-05-27,M01AE,3.221,daily
2017-05-28,M01AE,6.243,daily
2017-05-29,M01AE,4.023,daily
2017-05-30,M01AE,3.396,daily
2017-05-31,M01AE,2.429,daily
2017-06-01,M01AE,3.67,daily
2017-06-02,M01AE,4.0,daily
2017-06-03,M01AE,1.726,daily
2017-06-04,M01AE,1.747,daily
2017-06-05,M01AE,5.99,daily
2017-06-06,M01AE,3.0,daily
2017-06-07,M01AE,4.693,daily
2017-06-08,M01AE,1.823,daily
2017-06-09,M01AE,4.09,daily
2017-06-10,M01AE,7.01,daily
2017-06-11,M01AE,3.99,daily
2017-06-12,M01AE,3.34,daily
2017-06-13,M01AE,3.023,daily
2017-06-14,M01AE,1.33,daily
2017-06-15,M01AE,4.33,daily
2017-06-16,M01AE,2.01,daily
2017-06-17,M01AE,8.726,daily
2017-06-18,M01AE,7.34,daily
2017-06-19,M01AE,1.98,daily
2017-06-20,M01AE,1.0,daily
2017-06-21,M01AE,1.33,daily
2017-06-22,M01AE,3.34,daily
2017-06-23,M01AE,1.34,daily
2017-06-24,M01AE,3.65,daily
2017-06-25,M01AE,2.34,daily
2017-06-26,M01AE,3.033,daily
2017-06-27,M01AE,3.32,daily
2017-06-28,M01AE,4.033,daily
2017-06-29,M01AE,3.67,daily
2017-06-30,M01AE,2.132,daily
2017-07-01,M01AE,2.33,daily
2017-07-02,M01AE,3.68,daily
2017-07-03,M01AE,0.0,daily
2017-07-04,M01AE,2.34,daily
2017-07-05,M01AE,1.66,daily
2017-07-06,M01AE,7.0,daily
2017-07-07,M01AE,2.0,daily
2017-07-08,M01AE,4.089,daily
2017-07-09,M01AE,7.16,daily
2017-07-10,M01AE,4.353,daily
2017-07-11,M01AE,0.68,daily
2017-07-12,M01AE,5.34,daily
2017-07-13,M01AE,3.34,daily
2017-07-14,M01AE,3.759,daily
2017-07-15,M01AE,9.34,daily
2017-07-16,M01AE,9.34,daily
2017-07-17,M01AE,4.747,daily
2017-07-18,M01AE,5.67,daily
2017-07-19,M01AE,3.66,daily
2017-07-20,M01AE,4.0,daily
2017-07-21,M01AE,1.0,daily
2017-07-22,M01AE,5.69,daily
2017-07-23,M01AE,2.429,daily
2017-07-24,M01AE,1.0,daily
2017-07-25,M01AE,2.35,daily
2017-07-26,M01AE,6.779,daily
2017-07-27,M01AE,0.67,daily
2017-07-28,M01AE,5.0,daily
2017-07-29,M01AE,3.33,daily
2017-07-30,M01AE,2.66,daily
2017-07-31,M01AE,0.81,daily
2017-08-01,M01AE,3.33,daily
2017-08-02,M01AE,2.66,daily
2017-08-03,M01AE,0.66,daily
2017-08-04,M01AE,4.0,daily
2017-08-05,M01AE,2.472,daily
2017-08-06,M01AE,3.429,daily
2017-08-07,M01AE,5.34,daily
2017-08-08,M01AE,1.703,daily
2017-08-09,M01AE,5.1,daily
2017-08-10,M01AE,3.99,daily
2017-08-11,M01AE,1.65,daily
2017-08-12,M01AE,4.939,daily
2017-08-13,M01AE,3.65,daily
2017-08-14,M01AE,2.067,daily
2017-08-15,M01AE,6.703,daily
2017-08-16,M01AE,3.67,daily
2017-08-17,M01AE,1.33,daily
2017-08-18,M01AE,3.99,daily
2017-08-19,M01AE,4.713,daily
2017-08-20,M01AE,2.056,daily
2017-08-21,M01AE,3.34,daily
2017-08-22,M01AE,1.34,daily
2017-08-23,M01AE,2.33,daily
2017-08-24,M01AE,9.053,daily
2017-08-25,M01AE,3.01,daily
2017-08-26,M01AE,3.516,daily
2017-08-27,M01AE,5.34,daily
2017-08-28,M01AE,7.0,daily
2017-08-29,M01AE,3.066,daily
2017-08-30,M01AE,3.99,daily
2017-08-31,M01AE,3.033,daily
2017-09-01,M01AE,3.0,daily
2017-09-02,M01AE,2.13,daily
2017-09-03,M01AE,5.462,daily
2017-09-04,M01AE,3.33,daily
2017-09-05,M01AE,4.02,daily
2017-09-06,M01AE,3.0,daily
2017-09-07,M01AE,1.0,daily
2017-09-08,M01AE,7.32,daily
2017-09-09,M01AE,8.34,daily
2017-09-10,M01AE,5.35,daily
2017-09-11,M01AE,3.373,daily
2017-09-12,M01AE,4.35,daily
2017-09-13,M01AE,0.66,daily
2017-09-14,M01AE,5.34,daily
2017-09-15,M01AE,3.0,daily
2017-09-16,M01AE,3.0,daily
2017-09-17,M01AE,4.34,daily
2017-09-18,M01AE,4.34,daily
2017-09-19,M01AE,6.033,daily
2017-09-20,M01AE,2.363,daily
2017-09-21,M01AE,3.696,daily
2017-09-22,M01AE,2.241,daily
2017-09-23,M01AE,6.99,daily
2017-09-24,M01AE,4.826,daily
2017-09-25,M01AE,2.517,daily
2017-09-26,M01AE,5.67,daily
2017-09-27,M01AE,2.33,daily
2017-09-28,M01AE,2.68,daily
2017-09-29,M01AE,5.0,daily
2017-09-30,M01AE,3.01,daily
2017-10-01,M01AE,5.891,daily
2017-10-02,M01AE,2.0,daily
2017-10-03,M01AE,2.1,daily
2017-10-04,M01AE,4.33,daily
2017-10-05,M01AE,3.99,daily
2017-10-06,M01AE,4.66,daily
2017-10-07,M01AE,2.023,daily
2017-10-08,M01AE,3.261,daily
2017-10-09,M01AE,0.0,daily
2017-10-10,M01AE,2.68,daily
2017-10-11,M01AE,1.0,daily
2017-10-12,M01AE,2.393,daily
2017-10-13,M01AE,1.396,daily
2017-10-14,M01AE,3.66,daily
2017-10-15,M01AE,6.68,daily
2017-10-16,M01AE,0.67,daily
2017-10-17,M01AE,1.67,daily
2017-10-18,M01AE,1.33,daily
2017-10-19,M01AE,5.99,daily
2017-10-20,M01AE,4.363,daily
2017-10-21,M01AE,3.769,daily
2017-10-22,M01AE,5.0,daily
2017-10-23,M01AE,1.363,daily
2017-10-24,M01AE,2.0,daily
2017-10-25,M01AE,3.33,daily
2017-10-26,M01AE,1.099,daily
2017-10-27,M01AE,2.363,daily
2017-10-28,M01AE,2.33,daily
2017-10-29,M01AE,2.373,daily
2017-10-30,M01AE,3.66,daily
2017-10-31,M01AE,1.363,daily
2017-11-01,M01AE,3.429,daily
2017-11-02,M01AE,2.066,daily
2017-11-03,M01AE,7.67,daily
2017-11-04,M01AE,7.472,daily
2017-11-05,M01AE,5.799,daily
2017-11-06,M01AE,3.2,daily
2017-11-07,M01AE,4.0,daily
2017-11-08,M01AE,1.1,daily
2017-11-09,M01AE,3.746,daily
2017-11-10,M01AE,6.66,daily
2017-11-11,M01AE,3.0,daily
2017-11-12,M01AE,3.65,daily
2017-11-13,M01AE,2.429,daily
2017-11-14,M01AE,0.859,daily
2017-11-15,M01AE,2.726,daily
2017-11-16,M01AE,2.0,daily
2017-11-17,M01AE,4.837,daily
2017-11-18,M01AE,8.45,daily
2017-11-19,M01AE,6.88,daily
2017-11-20,M01AE,5.34,daily
2017-11-21,M01AE,0.68,daily
2017-11-22,M01AE,4.0,daily
2017-11-23,M01AE,5.99,daily
2017-11-24,M01AE,3.132,daily
2017-11-25,M01AE,6.076,daily
2017-11-26,M01AE,5.786,daily
2017-11-27,M01AE,3.67,daily
2017-11-28,M01AE,1.34,daily
2017-11-29,M01AE,2.397,daily
2017-11-30,M01AE,1.396,daily
2017-12-01,M01AE,7.66,daily
2017-12-02,M01AE,3.67,daily
2017-12-03,M01AE,6.023,daily
2017-12-04,M01AE,2.363,daily
2017-12-05,M01AE,3.165,daily
2017-12-06,M01AE,4.396,daily
2017-12-07,M01AE,2.66,daily
2017-12-08,M01AE,2.51,daily
2017-12-09,M01AE,2.17,daily
2017-12-10,M01AE,2.802,daily
2017-12-11,M01AE,6.0,daily
2017-12-12,M01AE,5.066,daily
2017-12-13,M01AE,3.34,daily
2017-12-14,M01AE,3.0,daily
2017-12-15,M01AE,5.01,daily
2017-12-16,M01AE,6.0,daily
2017-12-17,M01AE,0.33,daily
2017-12-18,M01AE,4.67,daily
2017-12-19,M01AE,0.0,daily
2017-12-20,M01AE,3.396,daily
2017-12-21,M01AE,2.66,daily
2017-12-22,M01AE,2.769,daily
2017-12-23,M01AE,4.505,daily
2017-12-24,M01AE,3.46,daily
2017-12-25,M01AE,0.62,daily
2017-12-26,M01AE,4.67,daily
2017-12-27,M01AE,4.814,daily
2017-12-28,M01AE,3.462,daily
2017-12-29,M01AE,2.066,daily
2017-12-30,M01AE,8.363,daily
2017-12-31,M01AE,10.043,daily
2018-01-01,M01AE,0.0,daily
2018-01-02,M01AE,5.33,daily
2018-01-03,M01AE,2.397,daily
2018-01-04,M01AE,1.099,daily
2018-01-05,M01AE,6.825,daily
2018-01-06,M01AE,1.66,daily
2018-01-07,M01AE,0.0,daily
2018-01-08,M01AE,6.53,daily
2018-01-09,M01AE,2.099,daily
2018-01-10,M01AE,7.406,daily
2018-01-11,M01AE,4.33,daily
2018-01-12,M01AE,1.33,daily
2018-01-13,M01AE,3.495,daily
2018-01-14,M01AE,5.155,daily
2018-01-15,M01AE,2.0,daily
2018-01-16,M01AE,2.67,daily
2018-01-17,M01AE,2.85,daily
2018-01-18,M01AE,3.726,daily
2018-01-19,M01AE,2.528,daily
2018-01-20,M01AE,2.32,daily
2018-01-21,M01AE,3.53,daily
2018-01-22,M01AE,3.396,daily
2018-01-23,M01AE,1.066,daily
2018-01-24,M01AE,6.67,daily
2018-01-25,M01AE,5.132,daily
2018-01-26,M01AE,3.023,daily
2018-01-27,M01AE,7.33,daily
2018-01-28,M01AE,2.35,daily
2018-01-29,M01AE,4.363,daily
2018-01-30,M01AE,3.76,daily
2018-01-31,M01AE,5.076,daily
2018-02-01,M01AE,4.33,daily
2018-02-02,M01AE,4.99,daily
2018-02-03,M01AE,7.13,daily
2018-02-04,M01AE,9.066,daily
2018-02-05,M01AE,3.066,daily
2018-02-06,M01AE,1.87,daily
2018-02-07,M01AE,8.132,daily
2018-02-08,M01AE,1.34,daily
2018-02-09,M01AE,3.69,daily
2018-02-10,M01AE,5.231,daily
2018-02-11,M01AE,5.396,daily
2018-02-12,M01AE,4.769,daily
2018-02-13,M01AE,8.033,daily
2018-02-14,M01AE,6.33,daily
2018-02-15,M01AE,6.945,daily
2018-02-16,M01AE,7.175,daily
2018-02-17,M01AE,3.64,daily
2018-02-18,M01AE,6.726,daily
2018-02-19,M01AE,3.34,daily
2018-02-20,M01AE,2.286,daily
2018-02-21,M01AE,7.01,daily
2018-02-22,M01AE,6.33,daily
2018-02-23,M01AE,2.979,daily
2018-02-24,M01AE,5.68,daily
2018-02-25,M01AE,1.68,daily
2018-02-26,M01AE,0.66,daily
2018-02-27,M01AE,2.65,daily
2018-02-28,M01AE,2.33,daily
2018-03-01,M01AE,6.033,daily
2018-03-02,M01AE,3.0,daily
2018-03-03,M01AE,2.363,daily
2018-03-04,M01AE,3.736,daily
2018-03-05,M01AE,5.33,daily
2018-03-06,M01AE,6.33,daily
2018-03-07,M01AE,1.67,daily
2018-03-08,M01AE,2.769,daily
2018-03-09,M01AE,2.18,daily
2018-03-10,M01AE,4.109,daily
2018-03-11,M01AE,7.54,daily
2018-03-12,M01AE,4.345,daily
2018-03-13,M01AE,5.066,daily
2018-03-14,M01AE,2.34,daily
2018-03-15,M01AE,2.132,daily
2018-03-16,M01AE,3.066,daily
2018-03-17,M01AE,1.66,daily
2018-03-18,M01AE,2.929,daily
2018-03-19,M01AE,1.0,daily
2018-03-20,M01AE,3.67,daily
2018-03-21,M01AE,2.0,daily
2018-03-22,M01AE,3.67,daily
2018-03-23,M01AE,5.396,daily
2018-03-24,M01AE,2.34,daily
2018-03-25,M01AE,2.66,daily
2018-03-26,M01AE,9.66,daily
2018-03-27,M01AE,3.33,daily
2018-03-28,M01AE,1.66,daily
2018-03-29,M01AE,2.33,daily
2018-03-30,M01AE,4.46,daily
2018-03-31,M01AE,2.99,daily
2018-04-01,M01AE,3.34,daily
2018-04-02,M01AE,4.396,daily
2018-04-03,M01AE,2.529,daily
2018-04-04,M01AE,5.2,daily
2018-04-05,M01AE,3.67,daily
2018-04-06,M01AE,3.0,daily
2018-04-07,M01AE,4.506,daily
2018-04-08,M01AE,0.0,daily
2018-04-09,M01AE,3.0,daily
2018-04-10,M01AE,3.067,daily
2018-04-11,M01AE,3.01,daily
2018-04-12,M01AE,4.759,daily
2018-04-13,M01AE,2.033,daily
2018-04-14,M01AE,3.68,daily
2018-04-15,M01AE,2.759,daily
2018-04-16,M01AE,6.02,daily
2018-04-17,M01AE,1.406,daily
2018-04-18,M01AE,0.54,daily
2018-04-19,M01AE,5.67,daily
2018-04-20,M01AE,4.506,daily
2018-04-21,M01AE,3.439,daily
2018-04-22,M01AE,5.09,daily
2018-04-23,M01AE,0.693,daily
2018-04-24,M01AE,4.462,daily
2018-04-25,M01AE,7.66,daily
2018-04-26,M01AE,1.099,daily
2018-04-27,M01AE,3.529,daily
2018-04-28,M01AE,2.0,daily
2018-04-29,M01AE,6.0,daily
2018-04-30,M01AE,6.66,daily
2018-05-01,M01AE,0.0,daily
2018-05-02,M01AE,3.526,daily
2018-05-03,M01AE,1.779,daily
2018-05-04,M01AE,2.93,daily
2018-05-05,M01AE,3.34,daily
2018-05-06,M01AE,10.66,daily
2018-05-07,M01AE,0.033,daily
2018-05-08,M01AE,5.84,daily
2018-05-09,M01AE,2.33,daily
2018-05-10,M01AE,5.32,daily
2018-05-11,M01AE,1.34,daily
2018-05-12,M01AE,3.66,daily
2018-05-13,M01AE,5.759,daily
2018-05-14,M01AE,6.539,daily
2018-05-15,M01AE,0.67,daily
2018-05-16,M01AE,2.33,daily
2018-05-17,M01AE,2.78,daily
2018-05-18,M01AE,1.396,daily
2018-05-19,M01AE,2.561,daily
2018-05-20,M01AE,8.01,daily
2018-05-21,M01AE,2.759,daily
2018-05-22,M01AE,2.33,daily
2018-05-23,M01AE,3.66,daily
2018-05-24,M01AE,1.99,daily
2018-05-25,M01AE,2.33,daily
2018-05-26,M01AE,2.759,daily
2018-05-27,M01AE,4.518,daily
2018-05-28,M01AE,3.01,daily
2018-05-29,M01AE,4.033,daily
2018-05-30,M01AE,1.67,daily
2018-05-31,M01AE,3.66,daily
2018-06-01,M01AE,2.18,daily
2018-06-02,M01AE,3.086,daily
2018-06-03,M01AE,2.746,daily
2018-06-04,M01AE,3.0,daily
2018-06-05,M01AE,3.67,daily
2018-06-06,M01AE,2.34,daily
2018-06-07,M01AE,4.528,daily
2018-06-08,M01AE,1.33,daily
2018-06-09,M01AE,6.462,daily
2018-06-10,M01AE,4.693,daily
2018-06-11,M01AE,8.33,daily
2018-06-12,M01AE,4.5,daily
2018-06-13,M01AE,4.33,daily
2018-06-14,M01AE,1.0,daily
2018-06-15,M01AE,0.066,daily
2018-06-16,M01AE,6.383,daily
2018-06-17,M01AE,6.586,daily
2018-06-18,M01AE,1.33,daily
2018-06-19,M01AE,3.34,daily
2018-06-20,M01AE,4.528,daily
2018-06-21,M01AE,2.913,daily
2018-06-22,M01AE,5.099,daily
2018-06-23,M01AE,7.343,daily
2018-06-24,M01AE,4.746,daily
2018-06-25,M01AE,3.099,daily
2018-06-26,M01AE,5.67,daily
2018-06-27,M01AE,2.396,daily
2018-06-28,M01AE,2.192,daily
2018-06-29,M01AE,3.0,daily
2018-06-30,M01AE,3.34,daily
2018-07-01,M01AE,3.693,daily
2018-07-02,M01AE,6.33,daily
2018-07-03,M01AE,2.33,daily
2018-07-04,M01AE,2.83,daily
2018-07-05,M01AE,2.759,daily
2018-07-06,M01AE,5.33,daily
2018-07-07,M01AE,8.52,daily
2018-07-08,M01AE,5.211,daily
2018-07-09,M01AE,2.0,daily
2018-07-10,M01AE,6.36,daily
2018-07-11,M01AE,3.363,daily
2018-07-12,M01AE,4.34,daily
2018-07-13,M01AE,2.67,daily
2018-07-14,M01AE,3.2,daily
2018-07-15,M01AE,9.42,daily
2018-07-16,M01AE,5.023,daily
2018-07-17,M01AE,3.66,daily
2018-07-18,M01AE,2.837,daily
2018-07-19,M01AE,4.0,daily
2018-07-20,M01AE,7.177,daily
2018-07-21,M01AE,5.02,daily
2018-07-22,M01AE,4.34,daily
2018-07-23,M01AE,1.863,daily
2018-07-24,M01AE,4.0,daily
2018-07-25,M01AE,2.68,daily
2018-07-26,M01AE,1.827,daily
2018-07-27,M01AE,3.34,daily
2018-07-28,M01AE,4.01,daily
2018-07-29,M01AE,4.35,daily
2018-07-30,M01AE,6.33,daily
2018-07-31,M01AE,3.736,daily
2018-08-01,M01AE,2.34,daily
2018-08-02,M01AE,1.0,daily
2018-08-03,M01AE,2.67,daily
2018-08-04,M01AE,3.87,daily
2018-08-05,M01AE,0.99,daily
2018-08-06,M01AE,6.165,daily
2018-08-07,M01AE,2.67,daily
2018-08-08,M01AE,2.793,daily
2018-08-09,M01AE,3.066,daily
2018-08-10,M01AE,4.0,daily
2018-08-11,M01AE,4.133,daily
2018-08-12,M01AE,4.99,daily
2018-08-13,M01AE,5.02,daily
2018-08-14,M01AE,2.736,daily
2018-08-15,M01AE,4.199,daily
2018-08-16,M01AE,8.729,daily
2018-08-17,M01AE,2.99,daily
2018-08-18,M01AE,5.34,daily
2018-08-19,M01AE,4.495,daily
2018-08-20,M01AE,5.68,daily
2018-08-21,M01AE,3.0,daily
2018-08-22,M01AE,4.33,daily
2018-08-23,M01AE,4.067,daily
2018-08-24,M01AE,2.34,daily
2018-08-25,M01AE,4.01,daily
2018-08-26,M01AE,6.67,daily
2018-08-27,M01AE,1.0,daily
2018-08-28,M01AE,2.68,daily
2018-08-29,M01AE,2.67,daily
2018-08-30,M01AE,2.736,daily
2018-08-31,M01AE,3.34,daily
2018-09-01,M01AE,0.0,daily
2018-09-02,M01AE,5.373,daily
2018-09-03,M01AE,2.02,daily
2018-09-04,M01AE,1.086,daily
2018-09-05,M01AE,3.33,daily
2018-09-06,M01AE,4.056,daily
2018-09-07,M01AE,1.746,daily
2018-09-08,M01AE,2.34,daily
2018-09-09,M01AE,5.944,daily
2018-09-10,M01AE,2.406,daily
2018-09-11,M01AE,2.726,daily
2018-09-12,M01AE,3.0,daily
2018-09-13,M01AE,3.086,daily
2018-09-14,M01AE,7.02,daily
2018-09-15,M01AE,2.01,daily
2018-09-16,M01AE,0.67,daily
2018-09-17,M01AE,2.33,daily
2018-09-18,M01AE,3.0,daily
2018-09-19,M01AE,3.68,daily
2018-09-20,M01AE,4.067,daily
2018-09-21,M01AE,5.837,daily
2018-09-22,M01AE,3.833,daily
2018-09-23,M01AE,9.439,daily
2018-09-24,M01AE,3.67,daily
2018-09-25,M01AE,4.736,daily
2018-09-26,M01AE,9.0,daily
2018-09-27,M01AE,6.567,daily
2018-09-28,M01AE,4.68,daily
2018-09-29,M01AE,5.33,daily
2018-09-30,M01AE,2.01,daily
2018-10-01,M01AE,4.932,daily
2018-10-02,M01AE,3.91,daily
2018-10-03,M01AE,3.33,daily
2018-10-04,M01AE,3.36,daily
2018-10-05,M01AE,3.397,daily
2018-10-06,M01AE,5.36,daily
2018-10-07,M01AE,7.35,daily
2018-10-08,M01AE,1.68,daily
2018-10-09,M01AE,1.67,daily
2018-10-10,M01AE,8.01,daily
2018-10-11,M01AE,2.33,daily
2018-10-12,M01AE,4.363,daily
2018-10-13,M01AE,4.507,daily
2018-10-14,M01AE,6.01,daily
2018-10-15,M01AE,0.066,daily
2018-10-16,M01AE,5.322,daily
2018-10-17,M01AE,6.0,daily
2018-10-18,M01AE,3.0,daily
2018-10-19,M01AE,2.066,daily
2018-10-20,M01AE,2.02,daily
2018-10-21,M01AE,8.69,daily
2018-10-22,M01AE,7.01,daily
2018-10-23,M01AE,2.0,daily
2018-10-24,M01AE,2.109,daily
2018-10-25,M01AE,5.429,daily
2018-10-26,M01AE,5.373,daily
2018-10-27,M01AE,3.426,daily
2018-10-28,M01AE,5.33,daily
2018-10-29,M01AE,2.67,daily
2018-10-30,M01AE,4.0,daily
2018-10-31,M01AE,4.68,daily
2018-11-01,M01AE,0.34,daily
2018-11-02,M01AE,1.845,daily
2018-11-03,M01AE,3.0,daily
2018-11-04,M01AE,4.896,daily
2018-11-05,M01AE,2.34,daily
2018-11-06,M01AE,6.68,daily
2018-11-07,M01AE,1.863,daily
2018-11-08,M01AE,1.573,daily
2018-11-09,M01AE,0.67,daily
2018-11-10,M01AE,2.417,daily
2018-11-11,M01AE,4.246,daily
2018-11-12,M01AE,2.33,daily
2018-11-13,M01AE,5.35,daily
2018-11-14,M01AE,4.67,daily
2018-11-15,M01AE,4.083,daily
2018-11-16,M01AE,2.66,daily
2018-11-17,M01AE,2.34,daily
2018-11-18,M01AE,4.68,daily
2018-11-19,M01AE,2.44,daily
2018-11-20,M01AE,3.803,daily
2018-11-21,M01AE,2.34,daily
2018-11-22,M01AE,7.066,daily
2018-11-23,M01AE,4.472,daily
2018-11-24,M01AE,5.78,daily
2018-11-25,M01AE,3.593,daily
2018-11-26,M01AE,2.34,daily
2018-11-27,M01AE,4.67,daily
2018-11-28,M01AE,5.67,daily
2018-11-29,M01AE,4.32,daily
2018-11-30,M01AE,3.01,daily
2018-12-01,M01AE,8.779,daily
2018-12-02,M01AE,5.779,daily
2018-12-03,M01AE,5.083,daily
2018-12-04,M01AE,3.0,daily
2018-12-05,M01AE,3.726,daily
2018-12-06,M01AE,0.0,daily
2018-12-07,M01AE,3.01,daily
2018-12-08,M01AE,0.0,daily
2018-12-09,M01AE,6.69,daily
2018-12-10,M01AE,5.0,daily
2018-12-11,M01AE,4.01,daily
2018-12-12,M01AE,2.0,daily
2018-12-13,M01AE,2.243,daily
2018-12-14,M01AE,2.0,daily
2018-12-15,M01AE,2.34,daily
2018-12-16,M01AE,4.32,daily
2018-12-17,M01AE,2.01,daily
2018-12-18,M01AE,2.473,daily
2018-12-19,M01AE,0.0,daily
2018-12-20,M01AE,1.66,daily
2018-12-21,M01AE,1.35,daily
2018-12-22,M01AE,3.34,daily
2018-12-23,M01AE,6.406,daily
2018-12-24,M01AE,4.35,daily
2018-12-25,M01AE,6.076,daily
2018-12-26,M01AE,0.66,daily
2018-12-27,M01AE,3.01,daily
2018-12-28,M01AE,5.845,daily
2018-12-29,M01AE,5.611,daily
2018-12-30,M01AE,7.593,daily
2018-12-31,M01AE,4.66,daily
2019-01-01,M01AE,0.0,daily
2019-01-02,M01AE,4.397,daily
2019-01-03,M01AE,4.836,daily
2019-01-04,M01AE,3.67,daily
2019-01-05,M01AE,3.69,daily
2019-01-06,M01AE,10.01,daily
2019-01-07,M01AE,0.0,daily
2019-01-08,M01AE,3.32,daily
2019-01-09,M01AE,1.33,daily
2019-01-10,M01AE,3.58,daily
2019-01-11,M01AE,7.34,daily
2019-01-12,M01AE,7.02,daily
2019-01-13,M01AE,5.814,daily
2019-01-14,M01AE,9.7,daily
2019-01-15,M01AE,4.33,daily
2019-01-16,M01AE,5.066,daily
2019-01-17,M01AE,3.68,daily
2019-01-18,M01AE,6.439,daily
2019-01-19,M01AE,8.391,daily
2019-01-20,M01AE,14.463,daily
2019-01-21,M01AE,5.825,daily
2019-01-22,M01AE,7.076,daily
2019-01-23,M01AE,8.463,daily
2019-01-24,M01AE,4.495,daily
2019-01-25,M01AE,7.18,daily
2019-01-26,M01AE,8.459,daily
2019-01-27,M01AE,11.745,daily
2019-01-28,M01AE,7.109,daily
2019-01-29,M01AE,5.0,daily
2019-01-30,M01AE,5.713,daily
2019-01-31,M01AE,11.505,daily
2019-02-01,M01AE,1.726,daily
2019-02-02,M01AE,12.706,daily
2019-02-03,M01AE,9.812,daily
2019-02-04,M01AE,6.68,daily
2019-02-05,M01AE,10.386,daily
2019-02-06,M01AE,4.178,daily
2019-02-07,M01AE,5.132,daily
2019-02-08,M01AE,6.373,daily
2019-02-09,M01AE,7.383,daily
2019-02-10,M01AE,7.119,daily
2019-02-11,M01AE,7.469,daily
2019-02-12,M01AE,3.34,daily
2019-02-13,M01AE,4.01,daily
2019-02-14,M01AE,6.517,daily
2019-02-15,M01AE,5.0,daily
2019-02-16,M01AE,6.02,daily
2019-02-17,M01AE,4.416,daily
2019-02-18,M01AE,2.076,daily
2019-02-19,M01AE,4.33,daily
2019-02-20,M01AE,4.779,daily
2019-02-21,M01AE,5.0,daily
2019-02-22,M01AE,2.0,daily
2019-02-23,M01AE,2.44,daily
2019-02-24,M01AE,4.01,daily
2019-02-25,M01AE,1.423,daily
2019-02-26,M01AE,3.83,daily
2019-02-27,M01AE,0.67,daily
2019-02-28,M01AE,3.33,daily
2019-03-01,M01AE,3.821,daily
2019-03-02,M01AE,1.33,daily
2019-03-03,M01AE,4.01,daily
2019-03-04,M01AE,2.67,daily
2019-03-05,M01AE,2.33,daily
2019-03-06,M01AE,1.396,daily
2019-03-07,M01AE,2.076,daily
2019-03-08,M01AE,3.34,daily
2019-03-09,M01AE,1.67,daily
2019-03-10,M01AE,3.087,daily
2019-03-11,M01AE,3.67,daily
2019-03-12,M01AE,3.373,daily
2019-03-13,M01AE,4.34,daily
2019-03-14,M01AE,5.67,daily
2019-03-15,M01AE,1.34,daily
2019-03-16,M01AE,0.837,daily
2019-03-17,M01AE,3.723,daily
2019-03-18,M01AE,0.835,daily
2019-03-19,M01AE,3.33,daily
2019-03-20,M01AE,2.0,daily
2019-03-21,M01AE,1.423,daily
2019-03-22,M01AE,7.043,daily
2019-03-23,M01AE,3.36,daily
2019-03-24,M01AE,2.67,daily
2019-03-25,M01AE,4.523,daily
2019-03-26,M01AE,5.51,daily
2019-03-27,M01AE,7.769,daily
2019-03-28,M01AE,6.43,daily
2019-03-29,M01AE,4.298,daily
2019-03-30,M01AE,10.68,daily
2019-03-31,M01AE,4.564,daily
2019-04-01,M01AE,1.703,daily
2019-04-02,M01AE,1.33,daily
2019-04-03,M01AE,5.099,daily
2019-04-04,M01AE,2.226,daily
2019-04-05,M01AE,4.198,daily
2019-04-06,M01AE,6.01,daily
2019-04-07,M01AE,5.119,daily
2019-04-08,M01AE,4.35,daily
2019-04-09,M01AE,2.0,daily
2019-04-10,M01AE,2.746,daily
2019-04-11,M01AE,6.156,daily
2019-04-12,M01AE,4.373,daily
2019-04-13,M01AE,4.134,daily
2019-04-14,M01AE,4.406,daily
2019-04-15,M01AE,6.0,daily
2019-04-16,M01AE,2.67,daily
2019-04-17,M01AE,4.0,daily
2019-04-18,M01AE,0.0,daily
2019-04-19,M01AE,2.743,daily
2019-04-20,M01AE,3.769,daily
2019-04-21,M01AE,4.845,daily
2019-04-22,M01AE,1.66,daily
2019-04-23,M01AE,0.34,daily
2019-04-24,M01AE,4.747,daily
2019-04-25,M01AE,3.59,daily
2019-04-26,M01AE,1.68,daily
2019-04-27,M01AE,2.497,daily
2019-04-28,M01AE,0.0,daily
2019-04-29,M01AE,6.367,daily
2019-04-30,M01AE,1.407,daily
2019-05-01,M01AE,4.02,daily
2019-05-02,M01AE,5.429,daily
2019-05-03,M01AE,2.34,daily
2019-05-04,M01AE,5.43,daily
2019-05-05,M01AE,2.42,daily
2019-05-06,M01AE,0.066,daily
2019-05-07,M01AE,5.519,daily
2019-05-08,M01AE,4.033,daily
2019-05-09,M01AE,2.33,daily
2019-05-10,M01AE,1.34,daily
2019-05-11,M01AE,5.0,daily
2019-05-12,M01AE,1.68,daily
2019-05-13,M01AE,4.527,daily
2019-05-14,M01AE,4.363,daily
2019-05-15,M01AE,1.066,daily
2019-05-16,M01AE,1.067,daily
2019-05-17,M01AE,1.66,daily
2019-05-18,M01AE,0.34,daily
2019-05-19,M01AE,5.0,daily
2019-05-20,M01AE,6.396,daily
2019-05-21,M01AE,4.0,daily
2019-05-22,M01AE,2.836,daily
2019-05-23,M01AE,3.34,daily
2019-05-24,M01AE,3.703,daily
2019-05-25,M01AE,3.34,daily
2019-05-26,M01AE,5.31,daily
2019-05-27,M01AE,0.67,daily
2019-05-28,M01AE,3.99,daily
2019-05-29,M01AE,2.34,daily
2019-05-30,M01AE,0.34,daily
2019-05-31,M01AE,3.363,daily
2019-06-01,M01AE,1.34,daily
2019-06-02,M01AE,2.66,daily
2019-06-03,M01AE,2.505,daily
2019-06-04,M01AE,2.823,daily
2019-06-05,M01AE,1.77,daily
2019-06-06,M01AE,2.076,daily
2019-06-07,M01AE,2.67,daily
2019-06-08,M01AE,3.66,daily
2019-06-09,M01AE,1.033,daily
2019-06-10,M01AE,1.34,daily
2019-06-11,M01AE,3.33,daily
2019-06-12,M01AE,3.406,daily
2019-06-13,M01AE,3.02,daily
2019-06-14,M01AE,3.35,daily
2019-06-15,M01AE,3.463,daily
2019-06-16,M01AE,5.35,daily
2019-06-17,M01AE,4.66,daily
2019-06-18,M01AE,4.21,daily
2019-06-19,M01AE,3.033,daily
2019-06-20,M01AE,4.363,daily
2019-06-21,M01AE,2.33,daily
2019-06-22,M01AE,4.0,daily
2019-06-23,M01AE,4.792,daily
2019-06-24,M01AE,4.68,daily
2019-06-25,M01AE,2.638,daily
2019-06-26,M01AE,3.44,daily
2019-06-27,M01AE,6.33,daily
2019-06-28,M01AE,1.496,daily
2019-06-29,M01AE,5.7,daily
2019-06-30,M01AE,6.159,daily
2019-07-01,M01AE,2.0,daily
2019-07-02,M01AE,3.012,daily
2019-07-03,M01AE,2.849,daily
2019-07-04,M01AE,1.67,daily
2019-07-05,M01AE,3.08,daily
2019-07-06,M01AE,1.703,daily
2019-07-07,M01AE,6.463,daily
2019-07-08,M01AE,4.373,daily
2019-07-09,M01AE,2.703,daily
2019-07-10,M01AE,5.67,daily
2019-07-11,M01AE,4.726,daily
2019-07-12,M01AE,5.09,daily
2019-07-13,M01AE,3.417,daily
2019-07-14,M01AE,5.34,daily
2019-07-15,M01AE,1.67,daily
2019-07-16,M01AE,3.34,daily
2019-07-17,M01AE,0.157,daily
2019-07-18,M01AE,3.33,daily
2019-07-19,M01AE,5.34,daily
2019-07-20,M01AE,4.449,daily
2019-07-21,M01AE,0.363,daily
2019-07-22,M01AE,2.66,daily
2019-07-23,M01AE,0.67,daily
2019-07-24,M01AE,3.769,daily
2019-07-25,M01AE,7.0,daily
2019-07-26,M01AE,4.0,daily
2019-07-27,M01AE,0.0,daily
2019-07-28,M01AE,1.34,daily
2019-07-29,M01AE,4.33,daily
2019-07-30,M01AE,6.187,daily
2019-07-31,M01AE,2.84,daily
2019-08-01,M01AE,0.913,daily
2019-08-02,M01AE,1.68,daily
2019-08-03,M01AE,4.68,daily
2019-08-04,M01AE,2.67,daily
2019-08-05,M01AE,1.0,daily
2019-08-06,M01AE,4.67,daily
2019-08-07,M01AE,1.759,daily
2019-08-08,M01AE,1.01,daily
2019-08-09,M01AE,3.25,daily
2019-08-10,M01AE,0.68,daily
2019-08-11,M01AE,6.85,daily
2019-08-12,M01AE,4.496,daily
2019-08-13,M01AE,1.896,daily
2019-08-14,M01AE,0.67,daily
2019-08-15,M01AE,1.99,daily
2019-08-16,M01AE,2.68,daily
2019-08-17,M01AE,4.531,daily
2019-08-18,M01AE,2.846,daily
2019-08-19,M01AE,3.67,daily
2019-08-20,M01AE,1.32,daily
2019-08-21,M01AE,4.0,daily
2019-08-22,M01AE,4.0,daily
2019-08-23,M01AE,5.156,daily
2019-08-24,M01AE,6.02,daily
2019-08-25,M01AE,3.35,daily
2019-08-26,M01AE,2.373,daily
2019-08-27,M01AE,2.01,daily
2019-08-28,M01AE,1.427,daily
2019-08-29,M01AE,1.68,daily
2019-08-30,M01AE,1.056,daily
2019-08-31,M01AE,3.936,daily
2019-09-01,M01AE,4.36,daily
2019-09-02,M01AE,2.087,daily
2019-09-03,M01AE,2.35,daily
2019-09-04,M01AE,0.373,daily
2019-09-05,M01AE,9.53,daily
2019-09-06,M01AE,2.67,daily
2019-09-07,M01AE,3.67,daily
2019-09-08,M01AE,6.087,daily
2019-09-09,M01AE,2.124,daily
2019-09-10,M01AE,6.68,daily
2019-09-11,M01AE,5.076,daily
2019-09-12,M01AE,1.34,daily
2019-09-13,M01AE,3.35,daily
2019-09-14,M01AE,6.397,daily
2019-09-15,M01AE,6.01,daily
2019-09-16,M01AE,2.316,daily
2019-09-17,M01AE,3.007,daily
2019-09-18,M01AE,4.33,daily
2019-09-19,M01AE,3.34,daily
2019-09-20,M01AE,3.383,daily
2019-09-21,M01AE,5.68,daily
2019-09-22,M01AE,3.34,daily
2019-09-23,M01AE,4.549,daily
2019-09-24,M01AE,1.34,daily
2019-09-25,M01AE,3.67,daily
2019-09-26,M01AE,3.033,daily
2019-09-27,M01AE,4.359,daily
2019-09-28,M01AE,1.68,daily
2019-09-29,M01AE,3.867,daily
2019-09-30,M01AE,1.439,daily
2019-10-01,M01AE,2.406,daily
2019-10-02,M01AE,3.274,daily
2019-10-03,M01AE,3.0,daily
2019-10-04,M01AE,5.683,daily
2019-10-05,M01AE,5.01,daily
2019-10-06,M01AE,11.69,daily
2019-10-07,M01AE,4.507,daily
2019-10-08,M01AE,1.73,daily
2014-01-02,N02BA,3.4,daily
2014-01-03,N02BA,4.4,daily
2014-01-04,N02BA,6.5,daily
2014-01-05,N02BA,7.0,daily
2014-01-06,N02BA,4.5,daily
2014-01-07,N02BA,0.0,daily
2014-01-08,N02BA,10.5,daily
2014-01-09,N02BA,8.0,daily
2014-01-10,N02BA,2.0,daily
2014-01-11,N02BA,10.4,daily
2014-01-12,N02BA,2.5,daily
2014-01-13,N02BA,6.2,daily
2014-01-14,N02BA,12.3,daily
2014-01-15,N02BA,5.0,daily
2014-01-16,N02BA,4.3,daily
2014-01-17,N02BA,8.3,daily
2014-01-18,N02BA,5.8,daily
2014-01-19,N02BA,4.0,daily
2014-01-20,N02BA,3.3,daily
2014-01-21,N02BA,4.0,daily
2014-01-22,N02BA,7.0,daily
2014-01-23,N02BA,5.2,daily
2014-01-24,N02BA,7.0,daily
2014-01-25,N02BA,5.0,daily
2014-01-26,N02BA,0.0,daily
2014-01-27,N02BA,1.2,daily
2014-01-28,N02BA,2.8,daily
2014-01-29,N02BA,2.0,daily
2014-01-30,N02BA,2.4,daily
2014-01-31,N02BA,7.1,daily
2014-02-01,N02BA,5.0,daily
2014-02-02,N02BA,0.2,daily
2014-02-03,N02BA,8.5,daily
2014-02-04,N02BA,7.0,daily
2014-02-05,N02BA,6.2,daily
2014-02-06,N02BA,3.5,daily
2014-02-07,N02BA,11.7,daily
2014-02-08,N02BA,14.4,daily
2014-02-09,N02BA,2.0,daily
2014-02-10,N02BA,8.5,daily
2014-02-11,N02BA,13.3,daily
2014-02-12,N02BA,9.1,daily
2014-02-13,N02BA,10.0,daily
2014-02-14,N02BA,3.2,daily
2014-02-15,N02BA,2.0,daily
2014-02-16,N02BA,1.2,daily
2014-02-17,N02BA,12.7,daily
2014-02-18,N02BA,6.1,daily
2014-02-19,N02BA,5.5,daily
2014-02-20,N02BA,3.2,daily
2014-02-21,N02BA,9.0,daily
2014-02-22,N02BA,5.7,daily
2014-02-23,N02BA,2.0,daily
2014-02-24,N02BA,5.5,daily
2014-02-25,N02BA,11.2,daily
2014-02-26,N02BA,1.0,daily
2014-02-27,N02BA,4.0,daily
2014-02-28,N02BA,5.3,daily
2014-03-01,N02BA,11.355,daily
2014-03-02,N02BA,2.0,daily
2014-03-03,N02BA,1.6,daily
2014-03-04,N02BA,7.2,daily
2014-03-05,N02BA,3.0,daily
2014-03-06,N02BA,5.5,daily
2014-03-07,N02BA,9.5,daily
2014-03-08,N02BA,1.0,daily
2014-03-09,N02BA,4.0,daily
2014-03-10,N02BA,3.8,daily
2014-03-11,N02BA,7.0,daily
2014-03-12,N02BA,6.5,daily
2014-03-13,N02BA,5.3,daily
2014-03-14,N02BA,1.2,daily
2014-03-15,N02BA,11.0,daily
2014-03-16,N02BA,1.4,daily
2014-03-17,N02BA,7.0,daily
2014-03-18,N02BA,5.0,daily
2014-03-19,N02BA,4.0,daily
2014-03-20,N02BA,1.6,daily
2014-03-21,N02BA,4.5,daily
2014-03-22,N02BA,0.0,daily
2014-03-23,N02BA,4.0,daily
2014-03-24,N02BA,4.0,daily
2014-03-25,N02BA,9.0,daily
2014-03-26,N02BA,9.0,daily
2014-03-27,N02BA,2.0,daily
2014-03-28,N02BA,8.0,daily
2014-03-29,N02BA,4.2,daily
2014-03-30,N02BA,0.0,daily
2014-03-31,N02BA,4.0,daily
2014-04-01,N02BA,6.5,daily
2014-04-02,N02BA,8.9,daily
2014-04-03,N02BA,3.0,daily
2014-04-04,N02BA,3.0,daily
2014-04-05,N02BA,10.0,daily
2014-04-06,N02BA,1.0,daily
2014-04-07,N02BA,6.5,daily
2014-04-08,N02BA,1.7,daily
2014-04-09,N02BA,1.0,daily
2014-04-10,N02BA,1.0,daily
2014-04-11,N02BA,3.0,daily
2014-04-12,N02BA,6.0,daily
2014-04-13,N02BA,2.0,daily
2014-04-14,N02BA,5.35,daily
2014-04-15,N02BA,6.4,daily
2014-04-16,N02BA,4.2,daily
2014-04-17,N02BA,7.2,daily
2014-04-18,N02BA,8.0,daily
2014-04-19,N02BA,4.0,daily
2014-04-20,N02BA,0.0,daily
2014-04-21,N02BA,2.1,daily
2014-04-22,N02BA,3.3,daily
2014-04-23,N02BA,3.0,daily
2014-04-24,N02BA,1.1,daily
2014-04-25,N02BA,5.0,daily
2014-04-26,N02BA,5.5,daily
2014-04-27,N02BA,2.0,daily
2014-04-28,N02BA,3.0,daily
2014-04-29,N02BA,4.4,daily
2014-04-30,N02BA,7.0,daily
2014-05-01,N02BA,0.0,daily
2014-05-02,N02BA,6.3,daily
2014-05-03,N02BA,2.0,daily
2014-05-04,N02BA,1.2,daily
2014-05-05,N02BA,5.0,daily
2014-05-06,N02BA,4.0,daily
2014-05-07,N02BA,3.0,daily
2014-05-08,N02BA,3.4,daily
2014-05-09,N02BA,4.2,daily
2014-05-10,N02BA,9.0,daily
2014-05-11,N02BA,1.0,daily
2014-05-12,N02BA,9.0,daily
2014-05-13,N02BA,6.2,daily
2014-05-14,N02BA,6.0,daily
2014-05-15,N02BA,3.0,daily
2014-05-16,N02BA,3.0,daily
2014-05-17,N02BA,3.0,daily
2014-05-18,N02BA,5.0,daily
2014-05-19,N02BA,6.1,daily
2014-05-20,N02BA,7.0,daily
2014-05-21,N02BA,9.5,daily
2014-05-22,N02BA,1.2,daily
2014-05-23,N02BA,3.9,daily
2014-05-24,N02BA,5.0,daily
2014-05-25,N02BA,1.0,daily
2014-05-26,N02BA,7.4,daily
2014-05-27,N02BA,5.0,daily
2014-05-28,N02BA,1.4,daily
2014-05-29,N02BA,6.3,daily
2014-05-30,N02BA,2.0,daily
2014-05-31,N02BA,2.0,daily
2014-06-01,N02BA,1.0,daily
2014-06-02,N02BA,10.0,daily
2014-06-03,N02BA,2.4,daily
2014-06-04,N02BA,3.5,daily
2014-06-05,N02BA,4.5,daily
2014-06-06,N02BA,3.0,daily
2014-06-07,N02BA,7.5,daily
2014-06-08,N02BA,3.0,daily
2014-06-09,N02BA,5.0,daily
2014-06-10,N02BA,4.3,daily
2014-06-11,N02BA,2.3,daily
2014-06-12,N02BA,1.0,daily
2014-06-13,N02BA,5.0,daily
2014-06-14,N02BA,6.0,daily
2014-06-15,N02BA,0.0,daily
2014-06-16,N02BA,7.4,daily
2014-06-17,N02BA,4.0,daily
2014-06-18,N02BA,4.7,daily
2014-06-19,N02BA,1.0,daily
2014-06-20,N02BA,3.0,daily
2014-06-21,N02BA,2.0,daily
2014-06-22,N02BA,4.0,daily
2014-06-23,N02BA,3.0,daily
2014-06-24,N02BA,4.0,daily
2014-06-25,N02BA,7.0,daily
2014-06-26,N02BA,11.3,daily
2014-06-27,N02BA,6.0,daily
2014-06-28,N02BA,5.0,daily
2014-06-29,N02BA,1.0,daily
2014-06-30,N02BA,1.0,daily
2014-07-01,N02BA,2.0,daily
2014-07-02,N02BA,4.0,daily
2014-07-03,N02BA,7.0,daily
2014-07-04,N02BA,7.0,daily
2014-07-05,N02BA,6.0,daily
2014-07-06,N02BA,3.0,daily
2014-07-07,N02BA,4.0,daily
2014-07-08,N02BA,3.0,daily
2014-07-09,N02BA,5.0,daily
2014-07-10,N02BA,8.0,daily
2014-07-11,N02BA,3.2,daily
2014-07-12,N02BA,10.5,daily
2014-07-13,N02BA,1.0,daily
2014-07-14,N02BA,3.0,daily
2014-07-15,N02BA,1.0,daily
2014-07-16,N02BA,3.0,daily
2014-07-17,N02BA,5.0,daily
2014-07-18,N02BA,1.5,daily
2014-07-19,N02BA,6.0,daily
2014-07-20,N02BA,1.0,daily
2014-07-21,N02BA,8.0,daily
2014-07-22,N02BA,3.0,daily
2014-07-23,N02BA,2.0,daily
2014-07-24,N02BA,4.4,daily
2014-07-25,N02BA,7.5,daily
2014-07-26,N02BA,6.2,daily
2014-07-27,N02BA,2.0,daily
2014-07-28,N02BA,2.0,daily
2014-07-29,N02BA,1.0,daily
2014-07-30,N02BA,5.0,daily
2014-07-31,N02BA,4.0,daily
2014-08-01,N02BA,2.2,daily
2014-08-02,N02BA,6.0,daily
2014-08-03,N02BA,3.0,daily
2014-08-04,N02BA,6.0,daily
2014-08-05,N02BA,3.0,daily
2014-08-06,N02BA,1.4,daily
2014-08-07,N02BA,3.0,daily
2014-08-08,N02BA,5.0,daily
2014-08-09,N02BA,6.0,daily
2014-08-10,N02BA,4.0,daily
2014-08-11,N02BA,9.2,daily
2014-08-12,N02BA,4.5,daily
2014-08-13,N02BA,1.0,daily
2014-08-14,N02BA,6.0,daily
2014-08-15,N02BA,7.0,daily
2014-08-16,N02BA,5.0,daily
2014-08-17,N02BA,2.0,daily
2014-08-18,N02BA,3.1,daily
2014-08-19,N02BA,5.0,daily
2014-08-20,N02BA,1.4,daily
2014-08-21,N02BA,2.0,daily
2014-08-22,N02BA,5.0,daily
2014-08-23,N02BA,1.0,daily
2014-08-24,N02BA,3.0,daily
2014-08-25,N02BA,3.0,daily
2014-08-26,N02BA,3.0,daily
2014-08-27,N02BA,4.0,daily
2014-08-28,N02BA,6.0,daily
2014-08-29,N02BA,5.0,daily
2014-08-30,N02BA,7.0,daily
2014-08-31,N02BA,1.0,daily
2014-09-01,N02BA,1.0,daily
2014-09-02,N02BA,5.2,daily
2014-09-03,N02BA,4.0,daily
2014-09-04,N02BA,3.0,daily
2014-09-05,N02BA,3.0,daily
2014-09-06,N02BA,2.4,daily
2014-09-07,N02BA,5.0,daily
2014-09-08,N02BA,3.5,daily
2014-09-09,N02BA,4.0,daily
2014-09-10,N02BA,3.5,daily
2014-09-11,N02BA,4.0,daily
2014-09-12,N02BA,1.0,daily
2014-09-13,N02BA,4.4,daily
2014-09-14,N02BA,2.0,daily
2014-09-15,N02BA,5.4,daily
2014-09-16,N02BA,0.0,daily
2014-09-17,N02BA,4.0,daily
2014-09-18,N02BA,1.0,daily
2014-09-19,N02BA,7.8,daily
2014-09-20,N02BA,4.5,daily
2014-09-21,N02BA,6.0,daily
2014-09-22,N02BA,5.5,daily
2014-09-23,N02BA,5.5,daily
2014-09-24,N02BA,1.4,daily
2014-09-25,N02BA,8.2,daily
2014-09-26,N02BA,3.5,daily
2014-09-27,N02BA,6.0,daily
2014-09-28,N02BA,1.0,daily
2014-09-29,N02BA,2.3,daily
2014-09-30,N02BA,4.0,daily
2014-10-01,N02BA,2.4,daily
2014-10-02,N02BA,5.0,daily
2014-10-03,N02BA,5.9,daily
2014-10-04,N02BA,8.0,daily
2014-10-05,N02BA,3.0,daily
2014-10-06,N02BA,2.4,daily
2014-10-07,N02BA,2.2,daily
2014-10-08,N02BA,7.0,daily
2014-10-09,N02BA,6.0,daily
2014-10-10,N02BA,9.0,daily
2014-10-11,N02BA,5.0,daily
2014-10-12,N02BA,1.5,daily
2014-10-13,N02BA,6.2,daily
2014-10-14,N02BA,4.8,daily
2014-10-15,N02BA,3.5,daily
2014-10-16,N02BA,2.9375,daily
2014-10-17,N02BA,3.4,daily
2014-10-18,N02BA,5.5,daily
2014-10-19,N02BA,2.0,daily
2014-10-20,N02BA,7.3,daily
2014-10-21,N02BA,6.4,daily
2014-10-22,N02BA,2.6,daily
2014-10-23,N02BA,0.0,daily
2014-10-24,N02BA,6.3,daily
2014-10-25,N02BA,1.0,daily
2014-10-26,N02BA,1.6,daily
2014-10-27,N02BA,4.0,daily
2014-10-28,N02BA,10.0,daily
2014-10-29,N02BA,6.6,daily
2014-10-30,N02BA,5.0,daily
2014-10-31,N02BA,4.0,daily
2014-11-01,N02BA,3.5,daily
2014-11-02,N02BA,1.0,daily
2014-11-03,N02BA,1.0,daily
2014-11-04,N02BA,5.2,daily
2014-11-05,N02BA,4.0,daily
2014-11-06,N02BA,5.2,daily
2014-11-07,N02BA,5.5,daily
2014-11-08,N02BA,6.0,daily
2014-11-09,N02BA,2.9,daily
2014-11-10,N02BA,3.3,daily
2014-11-11,N02BA,2.0,daily
2014-11-12,N02BA,4.0,daily
2014-11-13,N02BA,5.0,daily
2014-11-14,N02BA,6.0,daily
2014-11-15,N02BA,5.0,daily
2014-11-16,N02BA,6.0,daily
2014-11-17,N02BA,5.5,daily
2014-11-18,N02BA,5.0,daily
2014-11-19,N02BA,10.0,daily
2014-11-20,N02BA,5.0,daily
2014-11-21,N02BA,3.0,daily
2014-11-22,N02BA,3.0,daily
2014-11-23,N02BA,6.0,daily
2014-11-24,N02BA,6.0,daily
2014-11-25,N02BA,2.0,daily
2014-11-26,N02BA,6.0,daily
2014-11-27,N02BA,2.3,daily
2014-11-28,N02BA,15.0,daily
2014-11-29,N02BA,3.3,daily
2014-11-30,N02BA,5.0,daily
2014-12-01,N02BA,0.0,daily
2014-12-02,N02BA,3.7,daily
2014-12-03,N02BA,5.0,daily
2014-12-04,N02BA,3.6,daily
2014-12-05,N02BA,1.0,daily
2014-12-06,N02BA,1.0,daily
2014-12-07,N02BA,4.0,daily
2014-12-08,N02BA,2.0,daily
2014-12-09,N02BA,7.0,daily
2014-12-10,N02BA,2.0,daily
2014-12-11,N02BA,7.0,daily
2014-12-12,N02BA,5.6,daily
2014-12-13,N02BA,2.4,daily
2014-12-14,N02BA,4.4,daily
2014-12-15,N02BA,7.64,daily
2014-12-16,N02BA,6.2,daily
2014-12-17,N02BA,3.5,daily
2014-12-18,N02BA,3.0,daily
2014-12-19,N02BA,0.0,daily
2014-12-20,N02BA,2.0,daily
2014-12-21,N02BA,2.0,daily
2014-12-22,N02BA,2.284,daily
2014-12-23,N02BA,4.6,daily
2014-12-24,N02BA,1.0,daily
2014-12-25,N02BA,9.5,daily
2014-12-26,N02BA,3.0,daily
2014-12-27,N02BA,4.4,daily
2014-12-28,N02BA,3.0,daily
2014-12-29,N02BA,4.0,daily
2014-12-30,N02BA,3.8,daily
2014-12-31,N02BA,2.5,daily
2015-01-01,N02BA,0.0,daily
2015-01-02,N02BA,4.9,daily
2015-01-03,N02BA,6.0,daily
2015-01-04,N02BA,3.5,daily
2015-01-05,N02BA,1.0,daily
2015-01-06,N02BA,7.3,daily
2015-01-07,N02BA,0.0,daily
2015-01-08,N02BA,1.2,daily
2015-01-09,N02BA,9.4,daily
2015-01-10,N02BA,7.0,daily
2015-01-11,N02BA,7.0,daily
2015-01-12,N02BA,7.5,daily
2015-01-13,N02BA,10.0,daily
2015-01-14,N02BA,5.0,daily
2015-01-15,N02BA,1.0,daily
2015-01-16,N02BA,3.8,daily
2015-01-17,N02BA,7.0,daily
2015-01-18,N02BA,4.5,daily
2015-01-19,N02BA,1.1,daily
2015-01-20,N02BA,6.0,daily
2015-01-21,N02BA,2.0,daily
2015-01-22,N02BA,4.0,daily
2015-01-23,N02BA,8.0,daily
2015-01-24,N02BA,9.2,daily
2015-01-25,N02BA,1.9,daily
2015-01-26,N02BA,4.0,daily
2015-01-27,N02BA,1.0,daily
2015-01-28,N02BA,3.0,daily
2015-01-29,N02BA,8.7,daily
2015-01-30,N02BA,1.0,daily
2015-01-31,N02BA,5.0,daily
2015-02-01,N02BA,7.0,daily
2015-02-02,N02BA,5.1,daily
2015-02-03,N02BA,6.2,daily
2015-02-04,N02BA,2.4,daily
2015-02-05,N02BA,3.0,daily
2015-02-06,N02BA,7.3,daily
2015-02-07,N02BA,1.9,daily
2015-02-08,N02BA,5.7,daily
2015-02-09,N02BA,9.6,daily
2015-02-10,N02BA,7.0,daily
2015-02-11,N02BA,3.6,daily
2015-02-12,N02BA,6.0,daily
2015-02-13,N02BA,7.0,daily
2015-02-14,N02BA,6.7,daily
2015-02-15,N02BA,4.3,daily
2015-02-16,N02BA,4.0,daily
2015-02-17,N02BA,4.0,daily
2015-02-18,N02BA,1.33,daily
2015-02-19,N02BA,4.0,daily
2015-02-20,N02BA,0.5,daily
2015-02-21,N02BA,4.8,daily
2015-02-22,N02BA,2.0,daily
2015-02-23,N02BA,7.5,daily
2015-02-24,N02BA,6.2,daily
2015-02-25,N02BA,6.1,daily
2015-02-26,N02BA,2.0,daily
2015-02-27,N02BA,5.0,daily
2015-02-28,N02BA,1.6,daily
2015-03-01,N02BA,2.7,daily
2015-03-02,N02BA,3.5,daily
2015-03-03,N02BA,4.5,daily
2015-03-04,N02BA,3.3,daily
2015-03-05,N02BA,3.0,daily
2015-03-06,N02BA,6.0,daily
2015-03-07,N02BA,1.0,daily
2015-03-08,N02BA,2.4,daily
2015-03-09,N02BA,5.0,daily
2015-03-10,N02BA,5.0,daily
2015-03-11,N02BA,3.2,daily
2015-03-12,N02BA,6.1,daily
2015-03-13,N02BA,6.7,daily
2015-03-14,N02BA,4.0,daily
2015-03-15,N02BA,3.0,daily
2015-03-16,N02BA,4.9,daily
2015-03-17,N02BA,4.6,daily
2015-03-18,N02BA,5.3,daily
2015-03-19,N02BA,1.5,daily
2015-03-20,N02BA,3.0,daily
2015-03-21,N02BA,3.0,daily
2015-03-22,N02BA,2.0,daily
2015-03-23,N02BA,7.0,daily
2015-03-24,N02BA,5.2,daily
2015-03-25,N02BA,6.4,daily
2015-03-26,N02BA,3.0,daily
2015-03-27,N02BA,2.0,daily
2015-03-28,N02BA,3.0,daily
2015-03-29,N02BA,2.3,daily
2015-03-30,N02BA,10.0,daily
2015-03-31,N02BA,11.2,daily
2015-04-01,N02BA,1.0,daily
2015-04-02,N02BA,5.4,daily
2015-04-03,N02BA,4.0,daily
2015-04-04,N02BA,6.0,daily
2015-04-05,N02BA,4.5,daily
2015-04-06,N02BA,5.3,daily
2015-04-07,N02BA,6.7,daily
2015-04-08,N02BA,3.0,daily
2015-04-09,N02BA,8.0,daily
2015-04-10,N02BA,4.0,daily
2015-04-11,N02BA,3.4,daily
2015-04-12,N02BA,0.0,daily
2015-04-13,N02BA,7.0,daily
2015-04-14,N02BA,7.0,daily
2015-04-15,N02BA,3.0,daily
2015-04-16,N02BA,7.2,daily
2015-04-17,N02BA,3.0,daily
2015-04-18,N02BA,1.0,daily
2015-04-19,N02BA,3.8,daily
2015-04-20,N02BA,3.7,daily
2015-04-21,N02BA,2.0,daily
2015-04-22,N02BA,3.2,daily
2015-04-23,N02BA,1.0,daily
2015-04-24,N02BA,4.0,daily
2015-04-25,N02BA,8.0,daily
2015-04-26,N02BA,3.0,daily
2015-04-27,N02BA,4.0,daily
2015-04-28,N02BA,3.1,daily
2015-04-29,N02BA,4.2,daily
2015-04-30,N02BA,2.6,daily
2015-05-01,N02BA,4.94,daily
2015-05-02,N02BA,3.0,daily
2015-05-03,N02BA,2.1,daily
2015-05-04,N02BA,8.6,daily
2015-05-05,N02BA,2.0,daily
2015-05-06,N02BA,2.0,daily
2015-05-07,N02BA,2.0,daily
2015-05-08,N02BA,5.0,daily
2015-05-09,N02BA,7.4,daily
2015-05-10,N02BA,3.8,daily
2015-05-11,N02BA,5.9,daily
2015-05-12,N02BA,8.2,daily
2015-05-13,N02BA,9.0,daily
2015-05-14,N02BA,3.0,daily
2015-05-15,N02BA,4.3,daily
2015-05-16,N02BA,4.1,daily
2015-05-17,N02BA,5.0,daily
2015-05-18,N02BA,5.2,daily
2015-05-19,N02BA,3.0,daily
2015-05-20,N02BA,2.0,daily
2015-05-21,N02BA,3.0,daily
2015-05-22,N02BA,2.0,daily
2015-05-23,N02BA,5.0,daily
2015-05-24,N02BA,3.0,daily
2015-05-25,N02BA,4.0,daily
2015-05-26,N02BA,4.5,daily
2015-05-27,N02BA,2.0,daily
2015-05-28,N02BA,6.7,daily
2015-05-29,N02BA,3.0,daily
2015-05-30,N02BA,6.0,daily
2015-05-31,N02BA,6.3,daily
2015-06-01,N02BA,2.5,daily
2015-06-02,N02BA,7.9,daily
2015-06-03,N02BA,5.3,daily
2015-06-04,N02BA,3.0,daily
2015-06-05,N02BA,5.0,daily
2015-06-06,N02BA,2.0,daily
2015-06-07,N02BA,2.0,daily
2015-06-08,N02BA,2.5,daily
2015-06-09,N02BA,4.0,daily
2015-06-10,N02BA,8.0,daily
2015-06-11,N02BA,5.1,daily
2015-06-12,N02BA,2.0,daily
2015-06-13,N02BA,7.3,daily
2015-06-14,N02BA,1.6,daily
2015-06-15,N02BA,5.0,daily
2015-06-16,N02BA,4.0,daily
2015-06-17,N02BA,8.66,daily
2015-06-18,N02BA,7.0,daily
2015-06-19,N02BA,3.1,daily
2015-06-20,N02BA,3.0,daily
2015-06-21,N02BA,5.0,daily
2015-06-22,N02BA,9.6,daily
2015-06-23,N02BA,3.5,daily
2015-06-24,N02BA,7.0,daily
2015-06-25,N02BA,6.0,daily
2015-06-26,N02BA,2.0,daily
2015-06-27,N02BA,6.0,daily
2015-06-28,N02BA,7.4,daily
2015-06-29,N02BA,4.0,daily
2015-06-30,N02BA,6.0,daily
2015-07-01,N02BA,5.4,daily
2015-07-02,N02BA,1.0,daily
2015-07-03,N02BA,3.5,daily
2015-07-04,N02BA,4.2,daily
2015-07-05,N02BA,4.2,daily
2015-07-06,N02BA,2.0,daily
2015-07-07,N02BA,2.3,daily
2015-07-08,N02BA,3.0,daily
2015-07-09,N02BA,2.0,daily
2015-07-10,N02BA,5.0,daily
2015-07-11,N02BA,4.9,daily
2015-07-12,N02BA,5.0,daily
2015-07-13,N02BA,8.0,daily
2015-07-14,N02BA,5.0,daily
2015-07-15,N02BA,4.0,daily
2015-07-16,N02BA,1.0,daily
2015-07-17,N02BA,1.0,daily
2015-07-18,N02BA,2.0,daily
2015-07-19,N02BA,2.0,daily
2015-07-20,N02BA,5.0,daily
2015-07-21,N02BA,3.2,daily
2015-07-22,N02BA,5.0,daily
2015-07-23,N02BA,3.0,daily
2015-07-24,N02BA,3.6,daily
2015-07-25,N02BA,5.0,daily
2015-07-26,N02BA,3.0,daily
2015-07-27,N02BA,7.0,daily
2015-07-28,N02BA,1.0,daily
2015-07-29,N02BA,4.0,daily
2015-07-30,N02BA,14.0,daily
2015-07-31,N02BA,6.2,daily
2015-08-01,N02BA,4.0,daily
2015-08-02,N02BA,4.0,daily
2015-08-03,N02BA,1.5,daily
2015-08-04,N02BA,3.0,daily
2015-08-05,N02BA,4.2,daily
2015-08-06,N02BA,8.0,daily
2015-08-07,N02BA,6.0,daily
2015-08-08,N02BA,7.0,daily
2015-08-09,N02BA,2.0,daily
2015-08-10,N02BA,4.2,daily
2015-08-11,N02BA,7.4,daily
2015-08-12,N02BA,4.0,daily
2015-08-13,N02BA,6.0,daily
2015-08-14,N02BA,4.0,daily
2015-08-15,N02BA,6.0,daily
2015-08-16,N02BA,2.0,daily
2015-08-17,N02BA,3.0,daily
2015-08-18,N02BA,3.0,daily
2015-08-19,N02BA,8.0,daily
2015-08-20,N02BA,5.0,daily
2015-08-21,N02BA,3.0,daily
2015-08-22,N02BA,4.0,daily
2015-08-23,N02BA,3.0,daily
2015-08-24,N02BA,3.4,daily
2015-08-25,N02BA,4.0,daily
2015-08-26,N02BA,7.3,daily
2015-08-27,N02BA,4.5,daily
2015-08-28,N02BA,1.0,daily
2015-08-29,N02BA,4.0,daily
2015-08-30,N02BA,3.5,daily
2015-08-31,N02BA,3.4,daily
2015-09-01,N02BA,4.4,daily
2015-09-02,N02BA,3.0,daily
2015-09-03,N02BA,2.2,daily
2015-09-04,N02BA,3.1,daily
2015-09-05,N02BA,3.2,daily
2015-09-06,N02BA,6.0,daily
2015-09-07,N02BA,2.5,daily
2015-09-08,N02BA,5.0,daily
2015-09-09,N02BA,1.0,daily
2015-09-10,N02BA,4.2,daily
2015-09-11,N02BA,9.0,daily
2015-09-12,N02BA,5.2,daily
2015-09-13,N02BA,7.2,daily
2015-09-14,N02BA,1.0,daily
2015-09-15,N02BA,4.2,daily
2015-09-16,N02BA,2.2,daily
2015-09-17,N02BA,0.0,daily
2015-09-18,N02BA,3.0,daily
2015-09-19,N02BA,7.0,daily
2015-09-20,N02BA,6.5,daily
2015-09-21,N02BA,2.0,daily
2015-09-22,N02BA,4.0,daily
2015-09-23,N02BA,3.3,daily
2015-09-24,N02BA,4.2,daily
2015-09-25,N02BA,5.2,daily
2015-09-26,N02BA,2.5,daily
2015-09-27,N02BA,2.3,daily
2015-09-28,N02BA,2.0,daily
2015-09-29,N02BA,1.0,daily
2015-09-30,N02BA,4.0,daily
2015-10-01,N02BA,4.0,daily
2015-10-02,N02BA,4.0,daily
2015-10-03,N02BA,3.0,daily
2015-10-04,N02BA,4.0,daily
2015-10-05,N02BA,2.2,daily
2015-10-06,N02BA,5.5,daily
2015-10-07,N02BA,6.0,daily
2015-10-08,N02BA,3.0,daily
2015-10-09,N02BA,7.6,daily
2015-10-10,N02BA,3.0,daily
2015-10-11,N02BA,7.1,daily
2015-10-12,N02BA,6.0,daily
2015-10-13,N02BA,5.2,daily
2015-10-14,N02BA,3.9,daily
2015-10-15,N02BA,7.3,daily
2015-10-16,N02BA,5.2,daily
2015-10-17,N02BA,3.4,daily
2015-10-18,N02BA,4.9,daily
2015-10-19,N02BA,3.0,daily
2015-10-20,N02BA,2.3,daily
2015-10-21,N02BA,3.2,daily
2015-10-22,N02BA,0.0,daily
2015-10-23,N02BA,10.2,daily
2015-10-24,N02BA,9.1,daily
2015-10-25,N02BA,3.1,daily
2015-10-26,N02BA,8.0,daily
2015-10-27,N02BA,8.5,daily
2015-10-28,N02BA,1.0,daily
2015-10-29,N02BA,1.3,daily
2015-10-30,N02BA,3.2,daily
2015-10-31,N02BA,8.0,daily
2015-11-01,N02BA,5.6,daily
2015-11-02,N02BA,4.0,daily
2015-11-03,N02BA,4.3,daily
2015-11-04,N02BA,3.0,daily
2015-11-05,N02BA,7.4,daily
2015-11-06,N02BA,4.0,daily
2015-11-07,N02BA,4.8,daily
2015-11-08,N02BA,7.2,daily
2015-11-09,N02BA,4.2,daily
2015-11-10,N02BA,10.0,daily
2015-11-11,N02BA,7.2,daily
2015-11-12,N02BA,6.0,daily
2015-11-13,N02BA,2.0,daily
2015-11-14,N02BA,3.7,daily
2015-11-15,N02BA,9.3,daily
2015-11-16,N02BA,6.0,daily
2015-11-17,N02BA,4.7,daily
2015-11-18,N02BA,5.5,daily
2015-11-19,N02BA,2.1,daily
2015-11-20,N02BA,3.8,daily
2015-11-21,N02BA,5.2,daily
2015-11-22,N02BA,2.6,daily
2015-11-23,N02BA,4.7,daily
2015-11-24,N02BA,6.4,daily
2015-11-25,N02BA,3.2,daily
2015-11-26,N02BA,2.0,daily
2015-11-27,N02BA,2.0,daily
2015-11-28,N02BA,4.0,daily
2015-11-29,N02BA,6.0,daily
2015-11-30,N02BA,5.0,daily
2015-12-01,N02BA,6.3,daily
2015-12-02,N02BA,2.4,daily
2015-12-03,N02BA,5.6,daily
2015-12-04,N02BA,4.7,daily
2015-12-05,N02BA,2.0,daily
2015-12-06,N02BA,3.4,daily
2015-12-07,N02BA,2.2,daily
2015-12-08,N02BA,2.0,daily
2015-12-09,N02BA,7.0,daily
2015-12-10,N02BA,16.0,daily
2015-12-11,N02BA,3.0,daily
2015-12-12,N02BA,3.0,daily
2015-12-13,N02BA,7.0,daily
2015-12-14,N02BA,6.6,daily
2015-12-15,N02BA,5.0,daily
2015-12-16,N02BA,4.0,daily
2015-12-17,N02BA,3.0,daily
2015-12-18,N02BA,4.3,daily
2015-12-19,N02BA,0.0,daily
2015-12-20,N02BA,2.2,daily
2015-12-21,N02BA,2.0,daily
2015-12-22,N02BA,5.0,daily
2015-12-23,N02BA,2.3,daily
2015-12-24,N02BA,5.0,daily
2015-12-25,N02BA,2.0,daily
2015-12-26,N02BA,5.0,daily
2015-12-27,N02BA,5.2,daily
2015-12-28,N02BA,9.2,daily
2015-12-29,N02BA,2.0,daily
2015-12-30,N02BA,2.0,daily
2015-12-31,N02BA,7.6,daily
2016-01-01,N02BA,0.0,daily
2016-01-02,N02BA,1.0,daily
2016-01-03,N02BA,2.5,daily
2016-01-04,N02BA,6.0,daily
2016-01-05,N02BA,4.6,daily
2016-01-06,N02BA,6.0,daily
2016-01-07,N02BA,0.0,daily
2016-01-08,N02BA,7.7,daily
2016-01-09,N02BA,5.0,daily
2016-01-10,N02BA,12.0,daily
2016-01-11,N02BA,7.0,daily
2016-01-12,N02BA,12.0,daily
2016-01-13,N02BA,5.0,daily
2016-01-14,N02BA,6.0,daily
2016-01-15,N02BA,10.6,daily
2016-01-16,N02BA,6.0,daily
2016-01-17,N02BA,3.9,daily
2016-01-18,N02BA,4.3,daily
2016-01-19,N02BA,6.0,daily
2016-01-20,N02BA,3.0,daily
2016-01-21,N02BA,1.0,daily
2016-01-22,N02BA,7.0,daily
2016-01-23,N02BA,7.1,daily
2016-01-24,N02BA,11.3,daily
2016-01-25,N02BA,4.0,daily
2016-01-26,N02BA,8.0,daily
2016-01-27,N02BA,3.4,daily
2016-01-28,N02BA,4.4,daily
2016-01-29,N02BA,8.6,daily
2016-01-30,N02BA,5.3,daily
2016-01-31,N02BA,3.8,daily
2016-02-01,N02BA,7.1,daily
2016-02-02,N02BA,1.3,daily
2016-02-03,N02BA,11.5,daily
2016-02-04,N02BA,4.2,daily
2016-02-05,N02BA,3.0,daily
2016-02-06,N02BA,3.0,daily
2016-02-07,N02BA,4.5,daily
2016-02-08,N02BA,5.5,daily
2016-02-09,N02BA,4.4,daily
2016-02-10,N02BA,7.2,daily
2016-02-11,N02BA,2.7,daily
2016-02-12,N02BA,8.5,daily
2016-02-13,N02BA,5.0,daily
2016-02-14,N02BA,3.8,daily
2016-02-15,N02BA,5.3,daily
2016-02-16,N02BA,3.0,daily
2016-02-17,N02BA,4.0,daily
2016-02-18,N02BA,4.3,daily
2016-02-19,N02BA,4.0,daily
2016-02-20,N02BA,4.0,daily
2016-02-21,N02BA,0.0,daily
2016-02-22,N02BA,3.0,daily
2016-02-23,N02BA,2.6,daily
2016-02-24,N02BA,2.1,daily
2016-02-25,N02BA,5.0,daily
2016-02-26,N02BA,4.5,daily
2016-02-27,N02BA,6.6,daily
2016-02-28,N02BA,10.1,daily
2016-02-29,N02BA,4.0,daily
2016-03-01,N02BA,2.2,daily
2016-03-02,N02BA,5.3,daily
2016-03-03,N02BA,5.0,daily
2016-03-04,N02BA,4.4,daily
2016-03-05,N02BA,8.0,daily
2016-03-06,N02BA,4.9,daily
2016-03-07,N02BA,4.0,daily
2016-03-08,N02BA,3.0,daily
2016-03-09,N02BA,7.0,daily
2016-03-10,N02BA,2.0,daily
2016-03-11,N02BA,6.2,daily
2016-03-12,N02BA,1.4,daily
2016-03-13,N02BA,1.5,daily
2016-03-14,N02BA,10.0,daily
2016-03-15,N02BA,2.0,daily
2016-03-16,N02BA,5.7,daily
2016-03-17,N02BA,5.0,daily
2016-03-18,N02BA,5.2,daily
2016-03-19,N02BA,2.8,daily
2016-03-20,N02BA,2.2,daily
2016-03-21,N02BA,6.0,daily
2016-03-22,N02BA,5.0,daily
2016-03-23,N02BA,6.0,daily
2016-03-24,N02BA,3.0,daily
2016-03-25,N02BA,4.2,daily
2016-03-26,N02BA,7.5,daily
2016-03-27,N02BA,13.7,daily
2016-03-28,N02BA,1.7,daily
2016-03-29,N02BA,3.2,daily
2016-03-30,N02BA,7.4,daily
2016-03-31,N02BA,2.9,daily
2016-04-01,N02BA,2.7,daily
2016-04-02,N02BA,7.0,daily
2016-04-03,N02BA,5.3,daily
2016-04-04,N02BA,5.0,daily
2016-04-05,N02BA,4.0,daily
2016-04-06,N02BA,2.0,daily
2016-04-07,N02BA,4.0,daily
2016-04-08,N02BA,5.0,daily
2016-04-09,N02BA,3.1,daily
2016-04-10,N02BA,5.15,daily
2016-04-11,N02BA,3.0,daily
2016-04-12,N02BA,6.0,daily
2016-04-13,N02BA,3.0,daily
2016-04-14,N02BA,8.5,daily
2016-04-15,N02BA,2.7,daily
2016-04-16,N02BA,5.3,daily
2016-04-17,N02BA,3.0,daily
2016-04-18,N02BA,5.0,daily
2016-04-19,N02BA,8.3,daily
2016-04-20,N02BA,2.4,daily
2016-04-21,N02BA,3.0,daily
2016-04-22,N02BA,4.0,daily
2016-04-23,N02BA,8.0,daily
2016-04-24,N02BA,5.5,daily
2016-04-25,N02BA,7.25,daily
2016-04-26,N02BA,7.0,daily
2016-04-27,N02BA,7.0,daily
2016-04-28,N02BA,6.0,daily
2016-04-29,N02BA,2.5,daily
2016-04-30,N02BA,7.0,daily
2016-05-01,N02BA,0.0,daily
2016-05-02,N02BA,1.0,daily
2016-05-03,N02BA,3.0,daily
2016-05-04,N02BA,5.0,daily
2016-05-05,N02BA,6.0,daily
2016-05-06,N02BA,1.0,daily
2016-05-07,N02BA,4.0,daily
2016-05-08,N02BA,1.0,daily
2016-05-09,N02BA,5.0,daily
2016-05-10,N02BA,7.0,daily
2016-05-11,N02BA,4.0,daily
2016-05-12,N02BA,8.0,daily
2016-05-13,N02BA,3.0,daily
2016-05-14,N02BA,5.55,daily
2016-05-15,N02BA,1.2,daily
2016-05-16,N02BA,2.0,daily
2016-05-17,N02BA,7.1,daily
2016-05-18,N02BA,5.25,daily
2016-05-19,N02BA,2.0,daily
2016-05-20,N02BA,3.0,daily
2016-05-21,N02BA,5.2,daily
2016-05-22,N02BA,9.05,daily
2016-05-23,N02BA,5.0,daily
2016-05-24,N02BA,4.0,daily
2016-05-25,N02BA,6.0,daily
2016-05-26,N02BA,5.35,daily
2016-05-27,N02BA,5.25,daily
2016-05-28,N02BA,3.0,daily
2016-05-29,N02BA,6.0,daily
2016-05-30,N02BA,4.1,daily
2016-05-31,N02BA,3.5,daily
2016-06-01,N02BA,2.0,daily
2016-06-02,N02BA,1.05,daily
2016-06-03,N02BA,4.0,daily
2016-06-04,N02BA,3.3,daily
2016-06-05,N02BA,4.3,daily
2016-06-06,N02BA,4.0,daily
2016-06-07,N02BA,4.1,daily
2016-06-08,N02BA,5.5,daily
2016-06-09,N02BA,2.0,daily
2016-06-10,N02BA,4.0,daily
2016-06-11,N02BA,2.0,daily
2016-06-12,N02BA,3.4,daily
2016-06-13,N02BA,1.0,daily
2016-06-14,N02BA,6.1,daily
2016-06-15,N02BA,7.0,daily
2016-06-16,N02BA,1.0,daily
2016-06-17,N02BA,3.65,daily
2016-06-18,N02BA,6.5,daily
2016-06-19,N02BA,3.0,daily
2016-06-20,N02BA,6.0,daily
2016-06-21,N02BA,9.0,daily
2016-06-22,N02BA,2.3,daily
2016-06-23,N02BA,2.3,daily
2016-06-24,N02BA,3.05,daily
2016-06-25,N02BA,8.0,daily
2016-06-26,N02BA,2.0,daily
2016-06-27,N02BA,5.25,daily
2016-06-28,N02BA,2.25,daily
2016-06-29,N02BA,6.5,daily
2016-06-30,N02BA,3.2,daily
2016-07-01,N02BA,5.5,daily
2016-07-02,N02BA,6.0,daily
2016-07-03,N02BA,5.4,daily
2016-07-04,N02BA,1.15,daily
2016-07-05,N02BA,2.0,daily
2016-07-06,N02BA,5.0,daily
2016-07-07,N02BA,1.0,daily
2016-07-08,N02BA,9.2,daily
2016-07-09,N02BA,4.5,daily
2016-07-10,N02BA,4.2,daily
2016-07-11,N02BA,3.0,daily
2016-07-12,N02BA,4.0,daily
2016-07-13,N02BA,5.0,daily
2016-07-14,N02BA,5.0,daily
2016-07-15,N02BA,2.0,daily
2016-07-16,N02BA,3.0,daily
2016-07-17,N02BA,3.0,daily
2016-07-18,N02BA,8.0,daily
2016-07-19,N02BA,6.0,daily
2016-07-20,N02BA,7.1,daily
2016-07-21,N02BA,4.1,daily
2016-07-22,N02BA,7.0,daily
2016-07-23,N02BA,2.1,daily
2016-07-24,N02BA,4.0,daily
2016-07-25,N02BA,7.0,daily
2016-07-26,N02BA,1.0,daily
2016-07-27,N02BA,4.15,daily
2016-07-28,N02BA,4.0,daily
2016-07-29,N02BA,6.0,daily
2016-07-30,N02BA,4.0,daily
2016-07-31,N02BA,4.5,daily
2016-08-01,N02BA,5.0,daily
2016-08-02,N02BA,5.0,daily
2016-08-03,N02BA,3.5,daily
2016-08-04,N02BA,2.0,daily
2016-08-05,N02BA,3.7,daily
2016-08-06,N02BA,5.0,daily
2016-08-07,N02BA,8.2,daily
2016-08-08,N02BA,5.5,daily
2016-08-09,N02BA,7.0,daily
2016-08-10,N02BA,7.0,daily
2016-08-11,N02BA,0.0,daily
2016-08-12,N02BA,6.1,daily
2016-08-13,N02BA,5.0,daily
2016-08-14,N02BA,4.5,daily
2016-08-15,N02BA,2.0,daily
2016-08-16,N02BA,3.0,daily
2016-08-17,N02BA,4.0,daily
2016-08-18,N02BA,4.0,daily
2016-08-19,N02BA,0.6,daily
2016-08-20,N02BA,6.0,daily
2016-08-21,N02BA,7.4,daily
2016-08-22,N02BA,0.0,daily
2016-08-23,N02BA,4.0,daily
2016-08-24,N02BA,8.0,daily
2016-08-25,N02BA,8.0,daily
2016-08-26,N02BA,2.0,daily
2016-08-27,N02BA,1.0,daily
2016-08-28,N02BA,6.2,daily
2016-08-29,N02BA,2.0,daily
2016-08-30,N02BA,2.0,daily
2016-08-31,N02BA,5.0,daily
2016-09-01,N02BA,5.0,daily
2016-09-02,N02BA,5.0,daily
2016-09-03,N02BA,6.5,daily
2016-09-04,N02BA,0.0,daily
2016-09-05,N02BA,2.0,daily
2016-09-06,N02BA,1.0,daily
2016-09-07,N02BA,3.0,daily
2016-09-08,N02BA,4.0,daily
2016-09-09,N02BA,3.25,daily
2016-09-10,N02BA,10.0,daily
2016-09-11,N02BA,7.1,daily
2016-09-12,N02BA,4.0,daily
2016-09-13,N02BA,4.0,daily
2016-09-14,N02BA,2.5,daily
2016-09-15,N02BA,2.0,daily
2016-09-16,N02BA,4.0,daily
2016-09-17,N02BA,2.4,daily
2016-09-18,N02BA,2.0,daily
2016-09-19,N02BA,2.15,daily
2016-09-20,N02BA,3.0,daily
2016-09-21,N02BA,3.05,daily
2016-09-22,N02BA,2.1,daily
2016-09-23,N02BA,6.0,daily
2016-09-24,N02BA,6.2,daily
2016-09-25,N02BA,3.0,daily
2016-09-26,N02BA,4.0,daily
2016-09-27,N02BA,7.4,daily
2016-09-28,N02BA,5.45,daily
2016-09-29,N02BA,4.0,daily
2016-09-30,N02BA,2.6,daily
2016-10-01,N02BA,1.2,daily
2016-10-02,N02BA,9.7,daily
2016-10-03,N02BA,3.0,daily
2016-10-04,N02BA,6.0,daily
2016-10-05,N02BA,4.0,daily
2016-10-06,N02BA,6.0,daily
2016-10-07,N02BA,6.0,daily
2016-10-08,N02BA,5.0,daily
2016-10-09,N02BA,5.5,daily
2016-10-10,N02BA,5.0,daily
2016-10-11,N02BA,11.65,daily
2016-10-12,N02BA,2.0,daily
2016-10-13,N02BA,3.2,daily
2016-10-14,N02BA,3.0,daily
2016-10-15,N02BA,3.35,daily
2016-10-16,N02BA,10.0,daily
2016-10-17,N02BA,5.0,daily
2016-10-18,N02BA,9.0,daily
2016-10-19,N02BA,5.0,daily
2016-10-20,N02BA,6.0,daily
2016-10-21,N02BA,0.0,daily
2016-10-22,N02BA,4.0,daily
2016-10-23,N02BA,3.8,daily
2016-10-24,N02BA,7.5,daily
2016-10-25,N02BA,5.4,daily
2016-10-26,N02BA,6.0,daily
2016-10-27,N02BA,3.0,daily
2016-10-28,N02BA,6.0,daily
2016-10-29,N02BA,6.1,daily
2016-10-30,N02BA,5.75,daily
2016-10-31,N02BA,3.0,daily
2016-11-01,N02BA,4.0,daily
2016-11-02,N02BA,4.1,daily
2016-11-03,N02BA,3.0,daily
2016-11-04,N02BA,3.6,daily
2016-11-05,N02BA,5.8,daily
2016-11-06,N02BA,3.0,daily
2016-11-07,N02BA,6.3,daily
2016-11-08,N02BA,8.0,daily
2016-11-09,N02BA,1.4,daily
2016-11-10,N02BA,7.0,daily
2016-11-11,N02BA,4.0,daily
2016-11-12,N02BA,7.0,daily
2016-11-13,N02BA,3.6,daily
2016-11-14,N02BA,3.8,daily
2016-11-15,N02BA,4.0,daily
2016-11-16,N02BA,4.0,daily
2016-11-17,N02BA,5.7,daily
2016-11-18,N02BA,6.25,daily
2016-11-19,N02BA,4.0,daily
2016-11-20,N02BA,5.0,daily
2016-11-21,N02BA,5.25,daily
2016-11-22,N02BA,1.1,daily
2016-11-23,N02BA,3.7,daily
2016-11-24,N02BA,6.0,daily
2016-11-25,N02BA,7.0,daily
2016-11-26,N02BA,4.0,daily
2016-11-27,N02BA,3.9,daily
2016-11-28,N02BA,2.05,daily
2016-11-29,N02BA,3.0,daily
2016-11-30,N02BA,4.3,daily
2016-12-01,N02BA,1.5,daily
2016-12-02,N02BA,3.2,daily
2016-12-03,N02BA,3.0,daily
2016-12-04,N02BA,2.9,daily
2016-12-05,N02BA,4.0,daily
2016-12-06,N02BA,4.4,daily
2016-12-07,N02BA,1.7,daily
2016-12-08,N02BA,5.0,daily
2016-12-09,N02BA,4.0,daily
2016-12-10,N02BA,10.1,daily
2016-12-11,N02BA,8.55,daily
2016-12-12,N02BA,3.1,daily
2016-12-13,N02BA,5.1,daily
2016-12-14,N02BA,5.65,daily
2016-12-15,N02BA,1.0,daily
2016-12-16,N02BA,2.2,daily
2016-12-17,N02BA,4.15,daily
2016-12-18,N02BA,4.2,daily
2016-12-19,N02BA,0.0,daily
2016-12-20,N02BA,4.0,daily
2016-12-21,N02BA,0.25,daily
2016-12-22,N02BA,3.8,daily
2016-12-23,N02BA,1.15,daily
2016-12-24,N02BA,4.2,daily
2016-12-25,N02BA,5.7,daily
2016-12-26,N02BA,2.0,daily
2016-12-27,N02BA,0.416666667,daily
2016-12-28,N02BA,6.45,daily
2016-12-29,N02BA,6.35,daily
2016-12-30,N02BA,7.3,daily
2016-12-31,N02BA,7.45,daily
2017-01-01,N02BA,1.5625,daily
2017-01-02,N02BA,0.625,daily
2017-01-03,N02BA,4.625,daily
2017-01-04,N02BA,6.416666667,daily
2017-01-05,N02BA,5.208333333,daily
2017-01-06,N02BA,5.625,daily
2017-01-07,N02BA,5.958333333,daily
2017-01-08,N02BA,5.083333333,daily
2017-01-09,N02BA,2.583333333,daily
2017-01-10,N02BA,13.29166667,daily
2017-01-11,N02BA,9.166666667,daily
2017-01-12,N02BA,8.75,daily
2017-01-13,N02BA,9.541666667,daily
2017-01-14,N02BA,7.708333333,daily
2017-01-15,N02BA,9.083333333,daily
2017-01-16,N02BA,8.041666667,daily
2017-01-17,N02BA,5.291666667,daily
2017-01-18,N02BA,6.5,daily
2017-01-19,N02BA,7.833333333,daily
2017-01-20,N02BA,4.125,daily
2017-01-21,N02BA,4.583333333,daily
2017-01-22,N02BA,5.125,daily
2017-01-23,N02BA,6.291666667,daily
2017-01-24,N02BA,10.95833333,daily
2017-01-25,N02BA,7.666666667,daily
2017-01-26,N02BA,7.041666667,daily
2017-01-27,N02BA,5.166666667,daily
2017-01-28,N02BA,2.25,daily
2017-01-29,N02BA,5.333333333,daily
2017-01-30,N02BA,7.0,daily
2017-01-31,N02BA,2.833333333,daily
2017-02-01,N02BA,6.041666667,daily
2017-02-02,N02BA,6.416666667,daily
2017-02-03,N02BA,9.0,daily
2017-02-04,N02BA,4.416666667,daily
2017-02-05,N02BA,5.0,daily
2017-02-06,N02BA,4.4,daily
2017-02-07,N02BA,3.5,daily
2017-02-08,N02BA,4.0,daily
2017-02-09,N02BA,4.0,daily
2017-02-10,N02BA,4.75,daily
2017-02-11,N02BA,5.1,daily
2017-02-12,N02BA,7.8,daily
2017-02-13,N02BA,0.0,daily
2017-02-14,N02BA,2.1,daily
2017-02-15,N02BA,2.0,daily
2017-02-16,N02BA,1.0,daily
2017-02-17,N02BA,2.1,daily
2017-02-18,N02BA,2.35,daily
2017-02-19,N02BA,2.2,daily
2017-02-20,N02BA,4.5,daily
2017-02-21,N02BA,4.0,daily
2017-02-22,N02BA,7.2,daily
2017-02-23,N02BA,4.05,daily
2017-02-24,N02BA,4.0,daily
2017-02-25,N02BA,5.25,daily
2017-02-26,N02BA,3.2,daily
2017-02-27,N02BA,7.0,daily
2017-02-28,N02BA,7.5,daily
2017-03-01,N02BA,5.0,daily
2017-03-02,N02BA,3.0,daily
2017-03-03,N02BA,4.0,daily
2017-03-04,N02BA,3.1,daily
2017-03-05,N02BA,5.0,daily
2017-03-06,N02BA,1.1,daily
2017-03-07,N02BA,6.5,daily
2017-03-08,N02BA,0.0,daily
2017-03-09,N02BA,6.0,daily
2017-03-10,N02BA,4.6,daily
2017-03-11,N02BA,6.0,daily
2017-03-12,N02BA,2.0,daily
2017-03-13,N02BA,2.7,daily
2017-03-14,N02BA,3.0,daily
2017-03-15,N02BA,2.5,daily
2017-03-16,N02BA,4.75,daily
2017-03-17,N02BA,0.0,daily
2017-03-18,N02BA,4.25,daily
2017-03-19,N02BA,2.0,daily
2017-03-20,N02BA,4.7,daily
2017-03-21,N02BA,2.2,daily
2017-03-22,N02BA,2.0,daily
2017-03-23,N02BA,1.0,daily
2017-03-24,N02BA,4.5,daily
2017-03-25,N02BA,1.0,daily
2017-03-26,N02BA,3.45,daily
2017-03-27,N02BA,3.5,daily
2017-03-28,N02BA,7.0,daily
2017-03-29,N02BA,4.0,daily
2017-03-30,N02BA,5.0,daily
2017-03-31,N02BA,3.5,daily
2017-04-01,N02BA,2.0,daily
2017-04-02,N02BA,4.0,daily
2017-04-03,N02BA,5.6,daily
2017-04-04,N02BA,2.2,daily
2017-04-05,N02BA,0.2,daily
2017-04-06,N02BA,3.1,daily
2017-04-07,N02BA,2.0,daily
2017-04-08,N02BA,2.05,daily
2017-04-09,N02BA,8.25,daily
2017-04-10,N02BA,1.05,daily
2017-04-11,N02BA,3.0,daily
2017-04-12,N02BA,3.35,daily
2017-04-13,N02BA,2.0,daily
2017-04-14,N02BA,5.0,daily
2017-04-15,N02BA,4.0,daily
2017-04-16,N02BA,0.0,daily
2017-04-17,N02BA,1.9,daily
2017-04-18,N02BA,6.3,daily
2017-04-19,N02BA,5.0,daily
2017-04-20,N02BA,5.0,daily
2017-04-21,N02BA,2.4,daily
2017-04-22,N02BA,2.8,daily
2017-04-23,N02BA,3.6,daily
2017-04-24,N02BA,8.0,daily
2017-04-25,N02BA,2.2,daily
2017-04-26,N02BA,3.5,daily
2017-04-27,N02BA,2.3,daily
2017-04-28,N02BA,5.1,daily
2017-04-29,N02BA,2.3,daily
2017-04-30,N02BA,2.3,daily
2017-05-01,N02BA,1.0,daily
2017-05-02,N02BA,1.0,daily
2017-05-03,N02BA,6.0,daily
2017-05-04,N02BA,1.0,daily
2017-05-05,N02BA,1.15,daily
2017-05-06,N02BA,4.4,daily
2017-05-07,N02BA,4.5,daily
2017-05-08,N02BA,1.0,daily
2017-05-09,N02BA,4.1,daily
2017-05-10,N02BA,9.0,daily
2017-05-11,N02BA,3.0,daily
2017-05-12,N02BA,6.0,daily
2017-05-13,N02BA,6.0,daily
2017-05-14,N02BA,2.85,daily
2017-05-15,N02BA,2.0,daily
2017-05-16,N02BA,1.5,daily
2017-05-17,N02BA,0.0,daily
2017-05-18,N02BA,4.0,daily
2017-05-19,N02BA,2.2,daily
2017-05-20,N02BA,0.25,daily
2017-05-21,N02BA,1.25,daily
2017-05-22,N02BA,4.4,daily
2017-05-23,N02BA,5.0,daily
2017-05-24,N02BA,3.0,daily
2017-05-25,N02BA,2.0,daily
2017-05-26,N02BA,5.0,daily
2017-05-27,N02BA,2.0,daily
2017-05-28,N02BA,2.45,daily
2017-05-29,N02BA,1.6,daily
2017-05-30,N02BA,4.3,daily
2017-05-31,N02BA,7.0,daily
2017-06-01,N02BA,2.0,daily
2017-06-02,N02BA,4.0,daily
2017-06-03,N02BA,3.0,daily
2017-06-04,N02BA,2.25,daily
2017-06-05,N02BA,4.5,daily
2017-06-06,N02BA,0.0,daily
2017-06-07,N02BA,4.0,daily
2017-06-08,N02BA,3.15,daily
2017-06-09,N02BA,3.1,daily
2017-06-10,N02BA,4.0,daily
2017-06-11,N02BA,8.5,daily
2017-06-12,N02BA,1.0,daily
2017-06-13,N02BA,3.0,daily
2017-06-14,N02BA,1.0,daily
2017-06-15,N02BA,3.15,daily
2017-06-16,N02BA,0.0,daily
2017-06-17,N02BA,5.0,daily
2017-06-18,N02BA,1.1,daily
2017-06-19,N02BA,1.0,daily
2017-06-20,N02BA,5.1,daily
2017-06-21,N02BA,2.0,daily
2017-06-22,N02BA,0.0,daily
2017-06-23,N02BA,2.0,daily
2017-06-24,N02BA,6.0,daily
2017-06-25,N02BA,6.0,daily
2017-06-26,N02BA,6.25,daily
2017-06-27,N02BA,6.0,daily
2017-06-28,N02BA,4.5,daily
2017-06-29,N02BA,6.0,daily
2017-06-30,N02BA,2.0,daily
2017-07-01,N02BA,1.0,daily
2017-07-02,N02BA,2.0,daily
2017-07-03,N02BA,1.5,daily
2017-07-04,N02BA,5.0,daily
2017-07-05,N02BA,2.0,daily
2017-07-06,N02BA,4.0,daily
2017-07-07,N02BA,4.1,daily
2017-07-08,N02BA,5.0,daily
2017-07-09,N02BA,0.5,daily
2017-07-10,N02BA,4.0,daily
2017-07-11,N02BA,0.0,daily
2017-07-12,N02BA,0.0,daily
2017-07-13,N02BA,2.15,daily
2017-07-14,N02BA,2.0,daily
2017-07-15,N02BA,3.0,daily
2017-07-16,N02BA,3.0,daily
2017-07-17,N02BA,3.0,daily
2017-07-18,N02BA,1.5,daily
2017-07-19,N02BA,4.0,daily
2017-07-20,N02BA,3.0,daily
2017-07-21,N02BA,3.0,daily
2017-07-22,N02BA,5.0,daily
2017-07-23,N02BA,2.0,daily
2017-07-24,N02BA,2.1,daily
2017-07-25,N02BA,2.0,daily
2017-07-26,N02BA,3.0,daily
2017-07-27,N02BA,0.0,daily
2017-07-28,N02BA,1.1,daily
2017-07-29,N02BA,2.0,daily
2017-07-30,N02BA,2.0,daily
2017-07-31,N02BA,2.25,daily
2017-08-01,N02BA,2.0,daily
2017-08-02,N02BA,1.0,daily
2017-08-03,N02BA,4.0,daily
2017-08-04,N02BA,1.0,daily
2017-08-05,N02BA,2.0,daily
2017-08-06,N02BA,1.0,daily
2017-08-07,N02BA,3.1,daily
2017-08-08,N02BA,2.1,daily
2017-08-09,N02BA,3.15,daily
2017-08-10,N02BA,4.0,daily
2017-08-11,N02BA,5.1,daily
2017-08-12,N02BA,2.5,daily
2017-08-13,N02BA,2.05,daily
2017-08-14,N02BA,4.0,daily
2017-08-15,N02BA,2.15,daily
2017-08-16,N02BA,1.0,daily
2017-08-17,N02BA,5.0,daily
2017-08-18,N02BA,3.0,daily
2017-08-19,N02BA,3.0,daily
2017-08-20,N02BA,6.0,daily
2017-08-21,N02BA,2.4,daily
2017-08-22,N02BA,3.15,daily
2017-08-23,N02BA,2.0,daily
2017-08-24,N02BA,2.0,daily
2017-08-25,N02BA,1.0,daily
2017-08-26,N02BA,1.0,daily
2017-08-27,N02BA,1.0,daily
2017-08-28,N02BA,5.0,daily
2017-08-29,N02BA,3.5,daily
2017-08-30,N02BA,3.15,daily
2017-08-31,N02BA,3.05,daily
2017-09-01,N02BA,5.0,daily
2017-09-02,N02BA,6.0,daily
2017-09-03,N02BA,2.0,daily
2017-09-04,N02BA,6.0,daily
2017-09-05,N02BA,4.0,daily
2017-09-06,N02BA,5.0,daily
2017-09-07,N02BA,3.2,daily
2017-09-08,N02BA,3.1,daily
2017-09-09,N02BA,2.5,daily
2017-09-10,N02BA,1.0,daily
2017-09-11,N02BA,2.0,daily
2017-09-12,N02BA,5.2,daily
2017-09-13,N02BA,2.0,daily
2017-09-14,N02BA,5.0,daily
2017-09-15,N02BA,3.0,daily
2017-09-16,N02BA,3.45,daily
2017-09-17,N02BA,4.0,daily
2017-09-18,N02BA,1.0,daily
2017-09-19,N02BA,1.0,daily
2017-09-20,N02BA,0.1,daily
2017-09-21,N02BA,1.0,daily
2017-09-22,N02BA,3.0,daily
2017-09-23,N02BA,3.0,daily
2017-09-24,N02BA,2.0,daily
2017-09-25,N02BA,1.0,daily
2017-09-26,N02BA,2.1,daily
2017-09-27,N02BA,3.0,daily
2017-09-28,N02BA,2.5,daily
2017-09-29,N02BA,3.0,daily
2017-09-30,N02BA,3.0,daily
2017-10-01,N02BA,3.0,daily
2017-10-02,N02BA,3.15,daily
2017-10-03,N02BA,3.15,daily
2017-10-04,N02BA,4.0,daily
2017-10-05,N02BA,5.0,daily
2017-10-06,N02BA,1.0,daily
2017-10-07,N02BA,2.0,daily
2017-10-08,N02BA,5.2,daily
2017-10-09,N02BA,0.0,daily
2017-10-10,N02BA,2.0,daily
2017-10-11,N02BA,4.6,daily
2017-10-12,N02BA,2.3,daily
2017-10-13,N02BA,0.6,daily
2017-10-14,N02BA,4.0,daily
2017-10-15,N02BA,1.0,daily
2017-10-16,N02BA,0.0,daily
2017-10-17,N02BA,6.0,daily
2017-10-18,N02BA,1.0,daily
2017-10-19,N02BA,4.7,daily
2017-10-20,N02BA,3.0,daily
2017-10-21,N02BA,3.3,daily
2017-10-22,N02BA,5.0,daily
2017-10-23,N02BA,2.0,daily
2017-10-24,N02BA,10.0,daily
2017-10-25,N02BA,5.35,daily
2017-10-26,N02BA,2.0,daily
2017-10-27,N02BA,6.0,daily
2017-10-28,N02BA,4.0,daily
2017-10-29,N02BA,1.05,daily
2017-10-30,N02BA,2.0,daily
2017-10-31,N02BA,4.0,daily
2017-11-01,N02BA,2.0,daily
2017-11-02,N02BA,1.55,daily
2017-11-03,N02BA,4.4,daily
2017-11-04,N02BA,6.0,daily
2017-11-05,N02BA,1.1,daily
2017-11-06,N02BA,2.0,daily
2017-11-07,N02BA,7.0,daily
2017-11-08,N02BA,2.0,daily
2017-11-09,N02BA,0.0,daily
2017-11-10,N02BA,6.2,daily
2017-11-11,N02BA,4.1,daily
2017-11-12,N02BA,6.15,daily
2017-11-13,N02BA,4.2,daily
2017-11-14,N02BA,2.0,daily
2017-11-15,N02BA,7.7,daily
2017-11-16,N02BA,3.0,daily
2017-11-17,N02BA,3.0,daily
2017-11-18,N02BA,2.0,daily
2017-11-19,N02BA,1.0,daily
2017-11-20,N02BA,2.4,daily
2017-11-21,N02BA,1.0,daily
2017-11-22,N02BA,1.0,daily
2017-11-23,N02BA,6.0,daily
2017-11-24,N02BA,5.0,daily
2017-11-25,N02BA,4.1,daily
2017-11-26,N02BA,1.0,daily
2017-11-27,N02BA,6.1,daily
2017-11-28,N02BA,5.35,daily
2017-11-29,N02BA,4.1,daily
2017-11-30,N02BA,3.0,daily
2017-12-01,N02BA,1.0,daily
2017-12-02,N02BA,5.0,daily
2017-12-03,N02BA,3.0,daily
2017-12-04,N02BA,4.0,daily
2017-12-05,N02BA,4.05,daily
2017-12-06,N02BA,2.1,daily
2017-12-07,N02BA,5.45,daily
2017-12-08,N02BA,3.5,daily
2017-12-09,N02BA,5.4,daily
2017-12-10,N02BA,5.0,daily
2017-12-11,N02BA,5.5,daily
2017-12-12,N02BA,3.0,daily
2017-12-13,N02BA,2.3,daily
2017-12-14,N02BA,3.0,daily
2017-12-15,N02BA,2.5,daily
2017-12-16,N02BA,3.0,daily
2017-12-17,N02BA,5.1,daily
2017-12-18,N02BA,6.0,daily
2017-12-19,N02BA,0.0,daily
2017-12-20,N02BA,3.0,daily
2017-12-21,N02BA,4.0,daily
2017-12-22,N02BA,1.5,daily
2017-12-23,N02BA,6.1,daily
2017-12-24,N02BA,2.0,daily
2017-12-25,N02BA,4.1,daily
2017-12-26,N02BA,3.5,daily
2017-12-27,N02BA,5.15,daily
2017-12-28,N02BA,5.1,daily
2017-12-29,N02BA,2.5,daily
2017-12-30,N02BA,4.0,daily
2017-12-31,N02BA,5.3,daily
2018-01-01,N02BA,0.0,daily
2018-01-02,N02BA,2.25,daily
2018-01-03,N02BA,3.0,daily
2018-01-04,N02BA,1.0,daily
2018-01-05,N02BA,3.0,daily
2018-01-06,N02BA,2.2,daily
2018-01-07,N02BA,0.0,daily
2018-01-08,N02BA,4.2,daily
2018-01-09,N02BA,5.0,daily
2018-01-10,N02BA,6.0,daily
2018-01-11,N02BA,5.5,daily
2018-01-12,N02BA,3.0,daily
2018-01-13,N02BA,3.2,daily
2018-01-14,N02BA,1.2,daily
2018-01-15,N02BA,5.1,daily
2018-01-16,N02BA,3.0,daily
2018-01-17,N02BA,2.0,daily
2018-01-18,N02BA,4.0,daily
2018-01-19,N02BA,3.0,daily
2018-01-20,N02BA,2.0,daily
2018-01-21,N02BA,3.4,daily
2018-01-22,N02BA,6.0,daily
2018-01-23,N02BA,4.6,daily
2018-01-24,N02BA,4.0,daily
2018-01-25,N02BA,4.2,daily
2018-01-26,N02BA,0.4,daily
2018-01-27,N02BA,3.0,daily
2018-01-28,N02BA,5.65,daily
2018-01-29,N02BA,4.25,daily
2018-01-30,N02BA,3.0,daily
2018-01-31,N02BA,4.0,daily
2018-02-01,N02BA,6.0,daily
2018-02-02,N02BA,4.0,daily
2018-02-03,N02BA,3.3,daily
2018-02-04,N02BA,2.0,daily
2018-02-05,N02BA,3.0,daily
2018-02-06,N02BA,6.85,daily
2018-02-07,N02BA,3.2,daily
2018-02-08,N02BA,3.0,daily
2018-02-09,N02BA,4.25,daily
2018-02-10,N02BA,3.5,daily
2018-02-11,N02BA,7.8,daily
2018-02-12,N02BA,10.0,daily
2018-02-13,N02BA,5.0,daily
2018-02-14,N02BA,2.1,daily
2018-02-15,N02BA,0.85,daily
2018-02-16,N02BA,1.2,daily
2018-02-17,N02BA,2.0,daily
2018-02-18,N02BA,7.55,daily
2018-02-19,N02BA,1.7,daily
2018-02-20,N02BA,4.2,daily
2018-02-21,N02BA,9.5,daily
2018-02-22,N02BA,3.15,daily
2018-02-23,N02BA,1.0,daily
2018-02-24,N02BA,7.0,daily
2018-02-25,N02BA,2.0,daily
2018-02-26,N02BA,2.0,daily
2018-02-27,N02BA,3.4,daily
2018-02-28,N02BA,5.1,daily
2018-03-01,N02BA,1.05,daily
2018-03-02,N02BA,9.5,daily
2018-03-03,N02BA,8.15,daily
2018-03-04,N02BA,4.0,daily
2018-03-05,N02BA,6.1,daily
2018-03-06,N02BA,5.85,daily
2018-03-07,N02BA,4.0,daily
2018-03-08,N02BA,4.0,daily
2018-03-09,N02BA,4.2,daily
2018-03-10,N02BA,4.0,daily
2018-03-11,N02BA,5.6,daily
2018-03-12,N02BA,3.0,daily
2018-03-13,N02BA,5.2,daily
2018-03-14,N02BA,0.0,daily
2018-03-15,N02BA,3.0,daily
2018-03-16,N02BA,1.0,daily
2018-03-17,N02BA,3.15,daily
2018-03-18,N02BA,4.3,daily
2018-03-19,N02BA,0.0,daily
2018-03-20,N02BA,9.0,daily
2018-03-21,N02BA,2.0,daily
2018-03-22,N02BA,1.55,daily
2018-03-23,N02BA,5.15,daily
2018-03-24,N02BA,5.0,daily
2018-03-25,N02BA,3.2,daily
2018-03-26,N02BA,0.2,daily
2018-03-27,N02BA,5.1,daily
2018-03-28,N02BA,1.0,daily
2018-03-29,N02BA,3.0,daily
2018-03-30,N02BA,9.0,daily
2018-03-31,N02BA,2.0,daily
2018-04-01,N02BA,0.0,daily
2018-04-02,N02BA,6.3,daily
2018-04-03,N02BA,2.0,daily
2018-04-04,N02BA,3.0,daily
2018-04-05,N02BA,5.4,daily
2018-04-06,N02BA,4.2,daily
2018-04-07,N02BA,2.0,daily
2018-04-08,N02BA,0.0,daily
2018-04-09,N02BA,6.0,daily
2018-04-10,N02BA,2.0,daily
2018-04-11,N02BA,2.0,daily
2018-04-12,N02BA,3.5,daily
2018-04-13,N02BA,5.0,daily
2018-04-14,N02BA,2.0,daily
2018-04-15,N02BA,3.0,daily
2018-04-16,N02BA,0.25,daily
2018-04-17,N02BA,0.15,daily
2018-04-18,N02BA,3.25,daily
2018-04-19,N02BA,1.0,daily
2018-04-20,N02BA,0.0,daily
2018-04-21,N02BA,2.0,daily
2018-04-22,N02BA,3.5,daily
2018-04-23,N02BA,1.0,daily
2018-04-24,N02BA,6.0,daily
2018-04-25,N02BA,5.0,daily
2018-04-26,N02BA,2.0,daily
2018-04-27,N02BA,3.0,daily
2018-04-28,N02BA,2.05,daily
2018-04-29,N02BA,6.0,daily
2018-04-30,N02BA,3.0,daily
2018-05-01,N02BA,1.0,daily
2018-05-02,N02BA,2.0,daily
2018-05-03,N02BA,2.0,daily
2018-05-04,N02BA,5.0,daily
2018-05-05,N02BA,5.0,daily
2018-05-06,N02BA,0.25,daily
2018-05-07,N02BA,0.0,daily
2018-05-08,N02BA,1.0,daily
2018-05-09,N02BA,7.0,daily
2018-05-10,N02BA,6.0,daily
2018-05-11,N02BA,3.0,daily
2018-05-12,N02BA,5.15,daily
2018-05-13,N02BA,3.0,daily
2018-05-14,N02BA,1.0,daily
2018-05-15,N02BA,2.0,daily
2018-05-16,N02BA,2.5,daily
2018-05-17,N02BA,3.5,daily
2018-05-18,N02BA,6.0,daily
2018-05-19,N02BA,1.0,daily
2018-05-20,N02BA,1.0,daily
2018-05-21,N02BA,2.15,daily
2018-05-22,N02BA,3.0,daily
2018-05-23,N02BA,0.0,daily
2018-05-24,N02BA,5.0,daily
2018-05-25,N02BA,2.0,daily
2018-05-26,N02BA,7.0,daily
2018-05-27,N02BA,5.0,daily
2018-05-28,N02BA,1.2,daily
2018-05-29,N02BA,3.3,daily
2018-05-30,N02BA,2.0,daily
2018-05-31,N02BA,1.35,daily
2018-06-01,N02BA,4.0,daily
2018-06-02,N02BA,4.0,daily
2018-06-03,N02BA,1.0,daily
2018-06-04,N02BA,6.0,daily
2018-06-05,N02BA,1.05,daily
2018-06-06,N02BA,0.15,daily
2018-06-07,N02BA,0.25,daily
2018-06-08,N02BA,2.0,daily
2018-06-09,N02BA,3.0,daily
2018-06-10,N02BA,5.0,daily
2018-06-11,N02BA,3.1,daily
2018-06-12,N02BA,4.0,daily
2018-06-13,N02BA,1.2,daily
2018-06-14,N02BA,1.0,daily
2018-06-15,N02BA,0.3,daily
2018-06-16,N02BA,5.0,daily
2018-06-17,N02BA,6.0,daily
2018-06-18,N02BA,2.1,daily
2018-06-19,N02BA,4.0,daily
2018-06-20,N02BA,2.5,daily
2018-06-21,N02BA,4.0,daily
2018-06-22,N02BA,4.15,daily
2018-06-23,N02BA,2.0,daily
2018-06-24,N02BA,2.0,daily
2018-06-25,N02BA,0.0,daily
2018-06-26,N02BA,3.0,daily
2018-06-27,N02BA,3.0,daily
2018-06-28,N02BA,4.0,daily
2018-06-29,N02BA,2.0,daily
2018-06-30,N02BA,7.0,daily
2018-07-01,N02BA,1.0,daily
2018-07-02,N02BA,3.0,daily
2018-07-03,N02BA,1.0,daily
2018-07-04,N02BA,3.5,daily
2018-07-05,N02BA,4.0,daily
2018-07-06,N02BA,1.25,daily
2018-07-07,N02BA,7.0,daily
2018-07-08,N02BA,2.0,daily
2018-07-09,N02BA,4.0,daily
2018-07-10,N02BA,4.0,daily
2018-07-11,N02BA,3.0,daily
2018-07-12,N02BA,7.0,daily
2018-07-13,N02BA,1.15,daily
2018-07-14,N02BA,0.0,daily
2018-07-15,N02BA,3.5,daily
2018-07-16,N02BA,1.0,daily
2018-07-17,N02BA,2.0,daily
2018-07-18,N02BA,5.0,daily
2018-07-19,N02BA,3.0,daily
2018-07-20,N02BA,5.0,daily
2018-07-21,N02BA,0.3,daily
2018-07-22,N02BA,0.0,daily
2018-07-23,N02BA,2.1,daily
2018-07-24,N02BA,2.0,daily
2018-07-25,N02BA,2.0,daily
2018-07-26,N02BA,5.0,daily
2018-07-27,N02BA,3.0,daily
2018-07-28,N02BA,1.0,daily
2018-07-29,N02BA,2.1,daily
2018-07-30,N02BA,5.3,daily
2018-07-31,N02BA,3.0,daily
2018-08-01,N02BA,1.0,daily
2018-08-02,N02BA,0.0,daily
2018-08-03,N02BA,2.0,daily
2018-08-04,N02BA,2.0,daily
2018-08-05,N02BA,5.0,daily
2018-08-06,N02BA,2.0,daily
2018-08-07,N02BA,8.0,daily
2018-08-08,N02BA,2.0,daily
2018-08-09,N02BA,1.0,daily
2018-08-10,N02BA,4.0,daily
2018-08-11,N02BA,6.0,daily
2018-08-12,N02BA,6.0,daily
2018-08-13,N02BA,2.0,daily
2018-08-14,N02BA,5.0,daily
2018-08-15,N02BA,2.0,daily
2018-08-16,N02BA,4.0,daily
2018-08-17,N02BA,2.4,daily
2018-08-18,N02BA,0.0,daily
2018-08-19,N02BA,1.0,daily
2018-08-20,N02BA,4.2,daily
2018-08-21,N02BA,2.15,daily
2018-08-22,N02BA,0.0,daily
2018-08-23,N02BA,4.0,daily
2018-08-24,N02BA,1.0,daily
2018-08-25,N02BA,3.2,daily
2018-08-26,N02BA,4.0,daily
2018-08-27,N02BA,9.0,daily
2018-08-28,N02BA,1.0,daily
2018-08-29,N02BA,1.3,daily
2018-08-30,N02BA,3.0,daily
2018-08-31,N02BA,0.0,daily
2018-09-01,N02BA,2.2,daily
2018-09-02,N02BA,3.0,daily
2018-09-03,N02BA,2.0,daily
2018-09-04,N02BA,1.0,daily
2018-09-05,N02BA,1.5,daily
2018-09-06,N02BA,3.0,daily
2018-09-07,N02BA,4.0,daily
2018-09-08,N02BA,6.1,daily
2018-09-09,N02BA,0.0,daily
2018-09-10,N02BA,2.0,daily
2018-09-11,N02BA,3.0,daily
2018-09-12,N02BA,2.0,daily
2018-09-13,N02BA,1.0,daily
2018-09-14,N02BA,4.0,daily
2018-09-15,N02BA,4.0,daily
2018-09-16,N02BA,3.25,daily
2018-09-17,N02BA,3.75,daily
2018-09-18,N02BA,3.7,daily
2018-09-19,N02BA,2.0,daily
2018-09-20,N02BA,2.0,daily
2018-09-21,N02BA,1.0,daily
2018-09-22,N02BA,1.5,daily
2018-09-23,N02BA,3.25,daily
2018-09-24,N02BA,5.5,daily
2018-09-25,N02BA,3.3,daily
2018-09-26,N02BA,6.0,daily
2018-09-27,N02BA,4.6,daily
2018-09-28,N02BA,3.7,daily
2018-09-29,N02BA,2.15,daily
2018-09-30,N02BA,2.0,daily
2018-10-01,N02BA,1.0,daily
2018-10-02,N02BA,3.5,daily
2018-10-03,N02BA,3.0,daily
2018-10-04,N02BA,2.0,daily
2018-10-05,N02BA,1.1,daily
2018-10-06,N02BA,3.2,daily
2018-10-07,N02BA,2.0,daily
2018-10-08,N02BA,3.0,daily
2018-10-09,N02BA,1.0,daily
2018-10-10,N02BA,4.1,daily
2018-10-11,N02BA,2.1,daily
2018-10-12,N02BA,1.0,daily
2018-10-13,N02BA,3.25,daily
2018-10-14,N02BA,6.2,daily
2018-10-15,N02BA,3.0,daily
2018-10-16,N02BA,2.0,daily
2018-10-17,N02BA,4.0,daily
2018-10-18,N02BA,1.1,daily
2018-10-19,N02BA,0.0,daily
2018-10-20,N02BA,2.0,daily
2018-10-21,N02BA,1.0,daily
2018-10-22,N02BA,3.3,daily
2018-10-23,N02BA,0.45,daily
2018-10-24,N02BA,5.0,daily
2018-10-25,N02BA,3.0,daily
2018-10-26,N02BA,4.6,daily
2018-10-27,N02BA,2.2,daily
2018-10-28,N02BA,1.6,daily
2018-10-29,N02BA,2.35,daily
2018-10-30,N02BA,1.0,daily
2018-10-31,N02BA,3.0,daily
2018-11-01,N02BA,3.0,daily
2018-11-02,N02BA,0.0,daily
2018-11-03,N02BA,6.2,daily
2018-11-04,N02BA,0.0,daily
2018-11-05,N02BA,6.0,daily
2018-11-06,N02BA,10.55,daily
2018-11-07,N02BA,3.0,daily
2018-11-08,N02BA,6.0,daily
2018-11-09,N02BA,5.0,daily
2018-11-10,N02BA,2.0,daily
2018-11-11,N02BA,2.0,daily
2018-11-12,N02BA,7.0,daily
2018-11-13,N02BA,6.0,daily
2018-11-14,N02BA,3.0,daily
2018-11-15,N02BA,2.0,daily
2018-11-16,N02BA,4.0,daily
2018-11-17,N02BA,1.0,daily
2018-11-18,N02BA,5.0,daily
2018-11-19,N02BA,2.0,daily
2018-11-20,N02BA,4.0,daily
2018-11-21,N02BA,3.25,daily
2018-11-22,N02BA,3.0,daily
2018-11-23,N02BA,3.0,daily
2018-11-24,N02BA,5.0,daily
2018-11-25,N02BA,3.15,daily
2018-11-26,N02BA,2.0,daily
2018-11-27,N02BA,2.0,daily
2018-11-28,N02BA,1.0,daily
2018-11-29,N02BA,1.0,daily
2018-11-30,N02BA,1.0,daily
2018-12-01,N02BA,2.05,daily
2018-12-02,N02BA,10.0,daily
2018-12-03,N02BA,2.1,daily
2018-12-04,N02BA,3.0,daily
2018-12-05,N02BA,3.5,daily
2018-12-06,N02BA,0.0,daily
2018-12-07,N02BA,3.0,daily
2018-12-08,N02BA,0.0,daily
2018-12-09,N02BA,4.1,daily
2018-12-10,N02BA,1.5,daily
2018-12-11,N02BA,8.35,daily
2018-12-12,N02BA,3.0,daily
2018-12-13,N02BA,3.0,daily
2018-12-14,N02BA,0.2,daily
2018-12-15,N02BA,3.45,daily
2018-12-16,N02BA,0.2,daily
2018-12-17,N02BA,5.0,daily
2018-12-18,N02BA,1.0,daily
2018-12-19,N02BA,0.0,daily
2018-12-20,N02BA,1.0,daily
2018-12-21,N02BA,0.0,daily
2018-12-22,N02BA,4.5,daily
2018-12-23,N02BA,2.3,daily
2018-12-24,N02BA,1.0,daily
2018-12-25,N02BA,5.1,daily
2018-12-26,N02BA,2.15,daily
2018-12-27,N02BA,3.05,daily
2018-12-28,N02BA,1.0,daily
2018-12-29,N02BA,1.0,daily
2018-12-30,N02BA,5.0,daily
2018-12-31,N02BA,5.2,daily
2019-01-01,N02BA,0.0,daily
2019-01-02,N02BA,4.15,daily
2019-01-03,N02BA,6.25,daily
2019-01-04,N02BA,2.6,daily
2019-01-05,N02BA,3.1,daily
2019-01-06,N02BA,2.25,daily
2019-01-07,N02BA,0.0,daily
2019-01-08,N02BA,0.0,daily
2019-01-09,N02BA,2.0,daily
2019-01-10,N02BA,5.6,daily
2019-01-11,N02BA,3.0,daily
2019-01-12,N02BA,5.0,daily
2019-01-13,N02BA,4.6,daily
2019-01-14,N02BA,3.0,daily
2019-01-15,N02BA,3.65,daily
2019-01-16,N02BA,6.0,daily
2019-01-17,N02BA,3.7,daily
2019-01-18,N02BA,4.0,daily
2019-01-19,N02BA,5.5,daily
2019-01-20,N02BA,2.1,daily
2019-01-21,N02BA,0.0,daily
2019-01-22,N02BA,1.0,daily
2019-01-23,N02BA,7.1,daily
2019-01-24,N02BA,6.0,daily
2019-01-25,N02BA,4.0,daily
2019-01-26,N02BA,2.4,daily
2019-01-27,N02BA,2.0,daily
2019-01-28,N02BA,3.0,daily
2019-01-29,N02BA,3.45,daily
2019-01-30,N02BA,2.25,daily
2019-01-31,N02BA,2.0,daily
2019-02-01,N02BA,8.0,daily
2019-02-02,N02BA,6.2,daily
2019-02-03,N02BA,5.75,daily
2019-02-04,N02BA,3.0,daily
2019-02-05,N02BA,3.65,daily
2019-02-06,N02BA,2.2,daily
2019-02-07,N02BA,4.5,daily
2019-02-08,N02BA,7.0,daily
2019-02-09,N02BA,5.0,daily
2019-02-10,N02BA,3.35,daily
2019-02-11,N02BA,6.15,daily
2019-02-12,N02BA,0.0,daily
2019-02-13,N02BA,1.0,daily
2019-02-14,N02BA,3.15,daily
2019-02-15,N02BA,12.5,daily
2019-02-16,N02BA,5.0,daily
2019-02-17,N02BA,4.0,daily
2019-02-18,N02BA,3.6,daily
2019-02-19,N02BA,1.5,daily
2019-02-20,N02BA,3.3,daily
2019-02-21,N02BA,2.1,daily
2019-02-22,N02BA,1.2,daily
2019-02-23,N02BA,3.2,daily
2019-02-24,N02BA,1.5,daily
2019-02-25,N02BA,3.0,daily
2019-02-26,N02BA,5.15,daily
2019-02-27,N02BA,1.2,daily
2019-02-28,N02BA,4.0,daily
2019-03-01,N02BA,2.5,daily
2019-03-02,N02BA,4.0,daily
2019-03-03,N02BA,1.0,daily
2019-03-04,N02BA,7.0,daily
2019-03-05,N02BA,0.2,daily
2019-03-06,N02BA,0.7,daily
2019-03-07,N02BA,4.25,daily
2019-03-08,N02BA,0.2,daily
2019-03-09,N02BA,4.0,daily
2019-03-10,N02BA,5.35,daily
2019-03-11,N02BA,2.5,daily
2019-03-12,N02BA,1.5,daily
2019-03-13,N02BA,6.0,daily
2019-03-14,N02BA,0.2,daily
2019-03-15,N02BA,3.0,daily
2019-03-16,N02BA,5.0,daily
2019-03-17,N02BA,2.0,daily
2019-03-18,N02BA,2.1,daily
2019-03-19,N02BA,1.5,daily
2019-03-20,N02BA,2.0,daily
2019-03-21,N02BA,0.0,daily
2019-03-22,N02BA,1.1,daily
2019-03-23,N02BA,4.25,daily
2019-03-24,N02BA,3.0,daily
2019-03-25,N02BA,6.0,daily
2019-03-26,N02BA,3.0,daily
2019-03-27,N02BA,3.0,daily
2019-03-28,N02BA,1.4,daily
2019-03-29,N02BA,4.0,daily
2019-03-30,N02BA,1.1,daily
2019-03-31,N02BA,1.5,daily
2019-04-01,N02BA,3.0,daily
2019-04-02,N02BA,3.0,daily
2019-04-03,N02BA,1.5,daily
2019-04-04,N02BA,8.0,daily
2019-04-05,N02BA,4.0,daily
2019-04-06,N02BA,3.0,daily
2019-04-07,N02BA,4.0,daily
2019-04-08,N02BA,3.3,daily
2019-04-09,N02BA,1.0,daily
2019-04-10,N02BA,2.0,daily
2019-04-11,N02BA,2.0,daily
2019-04-12,N02BA,4.1,daily
2019-04-13,N02BA,1.1,daily
2019-04-14,N02BA,1.0,daily
2019-04-15,N02BA,5.3,daily
2019-04-16,N02BA,2.0,daily
2019-04-17,N02BA,1.25,daily
2019-04-18,N02BA,0.0,daily
2019-04-19,N02BA,1.5,daily
2019-04-20,N02BA,1.5,daily
2019-04-21,N02BA,3.0,daily
2019-04-22,N02BA,4.5,daily
2019-04-23,N02BA,6.1,daily
2019-04-24,N02BA,3.0,daily
2019-04-25,N02BA,2.0,daily
2019-04-26,N02BA,3.25,daily
2019-04-27,N02BA,3.1,daily
2019-04-28,N02BA,0.0,daily
2019-04-29,N02BA,2.6,daily
2019-04-30,N02BA,8.0,daily
2019-05-01,N02BA,1.0,daily
2019-05-02,N02BA,5.5,daily
2019-05-03,N02BA,3.0,daily
2019-05-04,N02BA,4.25,daily
2019-05-05,N02BA,4.2,daily
2019-05-06,N02BA,2.0,daily
2019-05-07,N02BA,1.0,daily
2019-05-08,N02BA,3.0,daily
2019-05-09,N02BA,2.1,daily
2019-05-10,N02BA,5.5,daily
2019-05-11,N02BA,5.5,daily
2019-05-12,N02BA,3.1,daily
2019-05-13,N02BA,2.0,daily
2019-05-14,N02BA,4.0,daily
2019-05-15,N02BA,4.15,daily
2019-05-16,N02BA,2.0,daily
2019-05-17,N02BA,2.4,daily
2019-05-18,N02BA,5.1,daily
2019-05-19,N02BA,4.0,daily
2019-05-20,N02BA,5.0,daily
2019-05-21,N02BA,5.1,daily
2019-05-22,N02BA,3.15,daily
2019-05-23,N02BA,2.0,daily
2019-05-24,N02BA,3.0,daily
2019-05-25,N02BA,4.1,daily
2019-05-26,N02BA,2.0,daily
2019-05-27,N02BA,1.2,daily
2019-05-28,N02BA,6.3,daily
2019-05-29,N02BA,4.05,daily
2019-05-30,N02BA,3.4,daily
2019-05-31,N02BA,1.0,daily
2019-06-01,N02BA,6.0,daily
2019-06-02,N02BA,3.05,daily
2019-06-03,N02BA,4.0,daily
2019-06-04,N02BA,5.35,daily
2019-06-05,N02BA,2.1,daily
2019-06-06,N02BA,6.35,daily
2019-06-07,N02BA,2.0,daily
2019-06-08,N02BA,1.0,daily
2019-06-09,N02BA,8.0,daily
2019-06-10,N02BA,2.0,daily
2019-06-11,N02BA,10.5,daily
2019-06-12,N02BA,1.0,daily
2019-06-13,N02BA,0.25,daily
2019-06-14,N02BA,3.0,daily
2019-06-15,N02BA,5.0,daily
2019-06-16,N02BA,3.0,daily
2019-06-17,N02BA,3.0,daily
2019-06-18,N02BA,3.0,daily
2019-06-19,N02BA,3.0,daily
2019-06-20,N02BA,3.0,daily
2019-06-21,N02BA,3.0,daily
2019-06-22,N02BA,0.0,daily
2019-06-23,N02BA,5.5,daily
2019-06-24,N02BA,3.1,daily
2019-06-25,N02BA,5.0,daily
2019-06-26,N02BA,1.0,daily
2019-06-27,N02BA,4.0,daily
2019-06-28,N02BA,2.0,daily
2019-06-29,N02BA,5.0,daily
2019-06-30,N02BA,0.0,daily
2019-07-01,N02BA,1.0,daily
2019-07-02,N02BA,4.0,daily
2019-07-03,N02BA,4.0,daily
2019-07-04,N02BA,0.0,daily
2019-07-05,N02BA,4.0,daily
2019-07-06,N02BA,3.0,daily
2019-07-07,N02BA,3.0,daily
2019-07-08,N02BA,2.0,daily
2019-07-09,N02BA,8.0,daily
2019-07-10,N02BA,5.0,daily
2019-07-11,N02BA,4.0,daily
2019-07-12,N02BA,4.05,daily
2019-07-13,N02BA,1.0,daily
2019-07-14,N02BA,4.0,daily
2019-07-15,N02BA,4.55,daily
2019-07-16,N02BA,3.0,daily
2019-07-17,N02BA,2.5,daily
2019-07-18,N02BA,1.3,daily
2019-07-19,N02BA,4.0,daily
2019-07-20,N02BA,1.0,daily
2019-07-21,N02BA,1.1,daily
2019-07-22,N02BA,2.0,daily
2019-07-23,N02BA,5.2,daily
2019-07-24,N02BA,2.0,daily
2019-07-25,N02BA,5.0,daily
2019-07-26,N02BA,0.1,daily
2019-07-27,N02BA,1.0,daily
2019-07-28,N02BA,4.0,daily
2019-07-29,N02BA,2.0,daily
2019-07-30,N02BA,5.0,daily
2019-07-31,N02BA,2.0,daily
2019-08-01,N02BA,2.0,daily
2019-08-02,N02BA,3.0,daily
2019-08-03,N02BA,2.3,daily
2019-08-04,N02BA,5.0,daily
2019-08-05,N02BA,4.3,daily
2019-08-06,N02BA,2.0,daily
2019-08-07,N02BA,2.0,daily
2019-08-08,N02BA,3.0,daily
2019-08-09,N02BA,0.0,daily
2019-08-10,N02BA,6.0,daily
2019-08-11,N02BA,4.0,daily
2019-08-12,N02BA,1.0,daily
2019-08-13,N02BA,2.0,daily
2019-08-14,N02BA,3.1,daily
2019-08-15,N02BA,2.0,daily
2019-08-16,N02BA,2.0,daily
2019-08-17,N02BA,2.45,daily
2019-08-18,N02BA,1.0,daily
2019-08-19,N02BA,4.0,daily
2019-08-20,N02BA,2.0,daily
2019-08-21,N02BA,0.0,daily
2019-08-22,N02BA,2.0,daily
2019-08-23,N02BA,4.05,daily
2019-08-24,N02BA,3.0,daily
2019-08-25,N02BA,2.0,daily
2019-08-26,N02BA,3.0,daily
2019-08-27,N02BA,3.0,daily
2019-08-28,N02BA,5.0,daily
2019-08-29,N02BA,5.0,daily
2019-08-30,N02BA,2.0,daily
2019-08-31,N02BA,2.0,daily
2019-09-01,N02BA,5.0,daily
2019-09-02,N02BA,2.5,daily
2019-09-03,N02BA,3.1,daily
2019-09-04,N02BA,2.15,daily
2019-09-05,N02BA,2.0,daily
2019-09-06,N02BA,1.0,daily
2019-09-07,N02BA,2.0,daily
2019-09-08,N02BA,3.0,daily
2019-09-09,N02BA,3.0,daily
2019-09-10,N02BA,4.2,daily
2019-09-11,N02BA,3.0,daily
2019-09-12,N02BA,2.0,daily
2019-09-13,N02BA,2.0,daily
2019-09-14,N02BA,3.45,daily
2019-09-15,N02BA,2.0,daily
2019-09-16,N02BA,3.0,daily
2019-09-17,N02BA,6.5,daily
2019-09-18,N02BA,7.0,daily
2019-09-19,N02BA,3.0,daily
2019-09-20,N02BA,2.0,daily
2019-09-21,N02BA,1.0,daily
2019-09-22,N02BA,1.9,daily
2019-09-23,N02BA,3.3,daily
2019-09-24,N02BA,6.0,daily
2019-09-25,N02BA,4.2,daily
2019-09-26,N02BA,2.0,daily
2019-09-27,N02BA,4.0,daily
2019-09-28,N02BA,4.1,daily
2019-09-29,N02BA,3.0,daily
2019-09-30,N02BA,2.1,daily
2019-10-01,N02BA,0.1,daily
2019-10-02,N02BA,2.8,daily
2019-10-03,N02BA,4.0,daily
2019-10-04,N02BA,2.25,daily
2019-10-05,N02BA,6.0,daily
2019-10-06,N02BA,2.0,daily
2019-10-07,N02BA,3.0,daily
2019-10-08,N02BA,0.5,daily
2014-01-02,N02BE,32.4,daily
2014-01-03,N02BE,50.6,daily
2014-01-04,N02BE,61.85,daily
2014-01-05,N02BE,41.1,daily
2014-01-06,N02BE,21.7,daily
2014-01-07,N02BE,0.0,daily
2014-01-08,N02BE,26.4,daily
2014-01-09,N02BE,25.0,daily
2014-01-10,N02BE,53.3,daily
2014-01-11,N02BE,52.3,daily
2014-01-12,N02BE,12.0,daily
2014-01-13,N02BE,52.0,daily
2014-01-14,N02BE,33.7,daily
2014-01-15,N02BE,26.7,daily
2014-01-16,N02BE,28.3,daily
2014-01-17,N02BE,20.4,daily
2014-01-18,N02BE,43.2,daily
2014-01-19,N02BE,14.1,daily
2014-01-20,N02BE,11.9,daily
2014-01-21,N02BE,42.0,daily
2014-01-22,N02BE,18.1,daily
2014-01-23,N02BE,26.2,daily
2014-01-24,N02BE,19.6,daily
2014-01-25,N02BE,37.8,daily
2014-01-26,N02BE,24.0,daily
2014-01-27,N02BE,23.6,daily
2014-01-28,N02BE,13.38,daily
2014-01-29,N02BE,14.0,daily
2014-01-30,N02BE,25.5,daily
2014-01-31,N02BE,26.9,daily
2014-02-01,N02BE,43.0,daily
2014-02-02,N02BE,13.5,daily
2014-02-03,N02BE,32.4,daily
2014-02-04,N02BE,30.6,daily
2014-02-05,N02BE,32.4,daily
2014-02-06,N02BE,41.4,daily
2014-02-07,N02BE,21.4,daily
2014-02-08,N02BE,37.1,daily
2014-02-09,N02BE,31.5,daily
2014-02-10,N02BE,40.1,daily
2014-02-11,N02BE,44.6,daily
2014-02-12,N02BE,73.6,daily
2014-02-13,N02BE,49.1,daily
2014-02-14,N02BE,42.3,daily
2014-02-15,N02BE,37.0,daily
2014-02-16,N02BE,34.0,daily
2014-02-17,N02BE,27.0,daily
2014-02-18,N02BE,45.0,daily
2014-02-19,N02BE,66.8,daily
2014-02-20,N02BE,21.5,daily
2014-02-21,N02BE,25.4,daily
2014-02-22,N02BE,26.0,daily
2014-02-23,N02BE,21.0,daily
2014-02-24,N02BE,26.5,daily
2014-02-25,N02BE,34.5,daily
2014-02-26,N02BE,34.0,daily
2014-02-27,N02BE,33.2,daily
2014-02-28,N02BE,37.0,daily
2014-03-01,N02BE,50.7,daily
2014-03-02,N02BE,6.6,daily
2014-03-03,N02BE,22.1,daily
2014-03-04,N02BE,47.275,daily
2014-03-05,N02BE,25.0,daily
2014-03-06,N02BE,44.1,daily
2014-03-07,N02BE,25.0,daily
2014-03-08,N02BE,27.6,daily
2014-03-09,N02BE,11.3,daily
2014-03-10,N02BE,47.0,daily
2014-03-11,N02BE,30.4,daily
2014-03-12,N02BE,19.6,daily
2014-03-13,N02BE,15.5,daily
2014-03-14,N02BE,16.0,daily
2014-03-15,N02BE,23.3,daily
2014-03-16,N02BE,13.0,daily
2014-03-17,N02BE,37.0,daily
2014-03-18,N02BE,20.1,daily
2014-03-19,N02BE,21.8,daily
2014-03-20,N02BE,38.2,daily
2014-03-21,N02BE,40.0,daily
2014-03-22,N02BE,26.3,daily
2014-03-23,N02BE,19.4,daily
2014-03-24,N02BE,23.6,daily
2014-03-25,N02BE,38.6,daily
2014-03-26,N02BE,6.7,daily
2014-03-27,N02BE,20.7,daily
2014-03-28,N02BE,11.0,daily
2014-03-29,N02BE,24.0,daily
2014-03-30,N02BE,12.0,daily
2014-03-31,N02BE,15.4,daily
2014-04-01,N02BE,27.5,daily
2014-04-02,N02BE,23.0,daily
2014-04-03,N02BE,19.2,daily
2014-04-04,N02BE,24.0,daily
2014-04-05,N02BE,25.6,daily
2014-04-06,N02BE,19.0,daily
2014-04-07,N02BE,31.5,daily
2014-04-08,N02BE,19.0,daily
2014-04-09,N02BE,18.0,daily
2014-04-10,N02BE,18.0,daily
2014-04-11,N02BE,25.0,daily
2014-04-12,N02BE,23.5,daily
2014-04-13,N02BE,6.0,daily
2014-04-14,N02BE,28.28,daily
2014-04-15,N02BE,18.7,daily
2014-04-16,N02BE,25.62,daily
2014-04-17,N02BE,16.0,daily
2014-04-18,N02BE,23.3,daily
2014-04-19,N02BE,22.3,daily
2014-04-20,N02BE,0.0,daily
2014-04-21,N02BE,13.5,daily
2014-04-22,N02BE,32.0,daily
2014-04-23,N02BE,24.9,daily
2014-04-24,N02BE,26.0,daily
2014-04-25,N02BE,24.9,daily
2014-04-26,N02BE,35.0,daily
2014-04-27,N02BE,26.2,daily
2014-04-28,N02BE,29.1,daily
2014-04-29,N02BE,30.3,daily
2014-04-30,N02BE,43.1,daily
2014-05-01,N02BE,0.0,daily
2014-05-02,N02BE,39.5,daily
2014-05-03,N02BE,14.6,daily
2014-05-04,N02BE,20.0,daily
2014-05-05,N02BE,20.0,daily
2014-05-06,N02BE,22.0,daily
2014-05-07,N02BE,16.8,daily
2014-05-08,N02BE,20.4,daily
2014-05-09,N02BE,16.0,daily
2014-05-10,N02BE,39.4,daily
2014-05-11,N02BE,17.0,daily
2014-05-12,N02BE,12.0,daily
2014-05-13,N02BE,32.0,daily
2014-05-14,N02BE,24.3,daily
2014-05-15,N02BE,19.3,daily
2014-05-16,N02BE,22.0,daily
2014-05-17,N02BE,35.0,daily
2014-05-18,N02BE,9.4,daily
2014-05-19,N02BE,12.8,daily
2014-05-20,N02BE,27.0,daily
2014-05-21,N02BE,15.4,daily
2014-05-22,N02BE,8.0,daily
2014-05-23,N02BE,17.5,daily
2014-05-24,N02BE,28.0,daily
2014-05-25,N02BE,7.0,daily
2014-05-26,N02BE,18.0,daily
2014-05-27,N02BE,28.6,daily
2014-05-28,N02BE,10.28,daily
2014-05-29,N02BE,27.0,daily
2014-05-30,N02BE,21.5,daily
2014-05-31,N02BE,28.0,daily
2014-06-01,N02BE,10.0,daily
2014-06-02,N02BE,23.3,daily
2014-06-03,N02BE,24.0,daily
2014-06-04,N02BE,24.0,daily
2014-06-05,N02BE,22.5,daily
2014-06-06,N02BE,16.625,daily
2014-06-07,N02BE,33.0,daily
2014-06-08,N02BE,11.0,daily
2014-06-09,N02BE,18.0,daily
2014-06-10,N02BE,23.0,daily
2014-06-11,N02BE,12.5,daily
2014-06-12,N02BE,15.8,daily
2014-06-13,N02BE,10.0,daily
2014-06-14,N02BE,8.0,daily
2014-06-15,N02BE,8.0,daily
2014-06-16,N02BE,12.2,daily
2014-06-17,N02BE,14.0,daily
2014-06-18,N02BE,18.0,daily
2014-06-19,N02BE,14.0,daily
2014-06-20,N02BE,14.5,daily
2014-06-21,N02BE,16.0,daily
2014-06-22,N02BE,18.0,daily
2014-06-23,N02BE,25.2,daily
2014-06-24,N02BE,16.2,daily
2014-06-25,N02BE,33.8,daily
2014-06-26,N02BE,19.3,daily
2014-06-27,N02BE,32.3,daily
2014-06-28,N02BE,20.0,daily
2014-06-29,N02BE,10.0,daily
2014-06-30,N02BE,25.0,daily
2014-07-01,N02BE,19.0,daily
2014-07-02,N02BE,21.6,daily
2014-07-03,N02BE,12.5,daily
2014-07-04,N02BE,10.5,daily
2014-07-05,N02BE,37.0,daily
2014-07-06,N02BE,10.2,daily
2014-07-07,N02BE,13.0,daily
2014-07-08,N02BE,14.0,daily
2014-07-09,N02BE,13.0,daily
2014-07-10,N02BE,21.2,daily
2014-07-11,N02BE,16.5,daily
2014-07-12,N02BE,28.1,daily
2014-07-13,N02BE,17.0,daily
2014-07-14,N02BE,11.8,daily
2014-07-15,N02BE,15.6,daily
2014-07-16,N02BE,13.0,daily
2014-07-17,N02BE,25.0,daily
2014-07-18,N02BE,14.2,daily
2014-07-19,N02BE,8.4,daily
2014-07-20,N02BE,8.0,daily
2014-07-21,N02BE,20.0,daily
2014-07-22,N02BE,9.0,daily
2014-07-23,N02BE,8.0,daily
2014-07-24,N02BE,23.0,daily
2014-07-25,N02BE,10.0,daily
2014-07-26,N02BE,36.2,daily
2014-07-27,N02BE,10.0,daily
2014-07-28,N02BE,9.1,daily
2014-07-29,N02BE,13.0,daily
2014-07-30,N02BE,13.5,daily
2014-07-31,N02BE,10.5,daily
2014-08-01,N02BE,14.0,daily
2014-08-02,N02BE,29.0,daily
2014-08-03,N02BE,6.0,daily
2014-08-04,N02BE,21.5,daily
2014-08-05,N02BE,17.1,daily
2014-08-06,N02BE,17.0,daily
2014-08-07,N02BE,33.0,daily
2014-08-08,N02BE,13.0,daily
2014-08-09,N02BE,19.0,daily
2014-08-10,N02BE,3.0,daily
2014-08-11,N02BE,20.0,daily
2014-08-12,N02BE,10.0,daily
2014-08-13,N02BE,20.3,daily
2014-08-14,N02BE,14.4,daily
2014-08-15,N02BE,13.2,daily
2014-08-16,N02BE,19.0,daily
2014-08-17,N02BE,6.5,daily
2014-08-18,N02BE,16.5,daily
2014-08-19,N02BE,16.1,daily
2014-08-20,N02BE,9.0,daily
2014-08-21,N02BE,18.0,daily
2014-08-22,N02BE,19.0,daily
2014-08-23,N02BE,25.6,daily
2014-08-24,N02BE,7.0,daily
2014-08-25,N02BE,21.2,daily
2014-08-26,N02BE,31.0,daily
2014-08-27,N02BE,21.0,daily
2014-08-28,N02BE,32.67,daily
2014-08-29,N02BE,26.28,daily
2014-08-30,N02BE,13.0,daily
2014-08-31,N02BE,15.0,daily
2014-09-01,N02BE,15.5,daily
2014-09-02,N02BE,20.14,daily
2014-09-03,N02BE,22.18,daily
2014-09-04,N02BE,17.6,daily
2014-09-05,N02BE,15.6,daily
2014-09-06,N02BE,15.7,daily
2014-09-07,N02BE,7.0,daily
2014-09-08,N02BE,20.8,daily
2014-09-09,N02BE,29.2,daily
2014-09-10,N02BE,37.8,daily
2014-09-11,N02BE,32.2,daily
2014-09-12,N02BE,20.0,daily
2014-09-13,N02BE,56.85,daily
2014-09-14,N02BE,19.5,daily
2014-09-15,N02BE,28.2,daily
2014-09-16,N02BE,59.3,daily
2014-09-17,N02BE,39.6,daily
2014-09-18,N02BE,44.0,daily
2014-09-19,N02BE,23.0,daily
2014-09-20,N02BE,20.6,daily
2014-09-21,N02BE,12.4,daily
2014-09-22,N02BE,34.2,daily
2014-09-23,N02BE,26.0,daily
2014-09-24,N02BE,24.7,daily
2014-09-25,N02BE,49.15,daily
2014-09-26,N02BE,38.0,daily
2014-09-27,N02BE,46.3,daily
2014-09-28,N02BE,21.2,daily
2014-09-29,N02BE,29.8,daily
2014-09-30,N02BE,61.3,daily
2014-10-01,N02BE,44.0,daily
2014-10-02,N02BE,23.9,daily
2014-10-03,N02BE,44.14,daily
2014-10-04,N02BE,49.9,daily
2014-10-05,N02BE,19.0,daily
2014-10-06,N02BE,69.875,daily
2014-10-07,N02BE,41.7,daily
2014-10-08,N02BE,50.0,daily
2014-10-09,N02BE,48.2,daily
2014-10-10,N02BE,28.8,daily
2014-10-11,N02BE,35.9,daily
2014-10-12,N02BE,22.5,daily
2014-10-13,N02BE,31.9,daily
2014-10-14,N02BE,31.8,daily
2014-10-15,N02BE,23.7,daily
2014-10-16,N02BE,58.921875,daily
2014-10-17,N02BE,42.0,daily
2014-10-18,N02BE,21.4,daily
2014-10-19,N02BE,13.9,daily
2014-10-20,N02BE,35.4,daily
2014-10-21,N02BE,14.3,daily
2014-10-22,N02BE,20.9,daily
2014-10-23,N02BE,32.2,daily
2014-10-24,N02BE,49.4,daily
2014-10-25,N02BE,31.0,daily
2014-10-26,N02BE,30.4,daily
2014-10-27,N02BE,25.3,daily
2014-10-28,N02BE,40.4,daily
2014-10-29,N02BE,41.0,daily
2014-10-30,N02BE,20.3,daily
2014-10-31,N02BE,31.0,daily
2014-11-01,N02BE,43.8,daily
2014-11-02,N02BE,2.0,daily
2014-11-03,N02BE,27.8,daily
2014-11-04,N02BE,26.5,daily
2014-11-05,N02BE,27.0,daily
2014-11-06,N02BE,23.4,daily
2014-11-07,N02BE,15.8,daily
2014-11-08,N02BE,34.4,daily
2014-11-09,N02BE,23.0,daily
2014-11-10,N02BE,24.3,daily
2014-11-11,N02BE,23.0,daily
2014-11-12,N02BE,25.0,daily
2014-11-13,N02BE,33.2,daily
2014-11-14,N02BE,29.4,daily
2014-11-15,N02BE,23.6,daily
2014-11-16,N02BE,18.6,daily
2014-11-17,N02BE,23.0,daily
2014-11-18,N02BE,19.3,daily
2014-11-19,N02BE,32.0,daily
2014-11-20,N02BE,18.8,daily
2014-11-21,N02BE,22.4,daily
2014-11-22,N02BE,23.7,daily
2014-11-23,N02BE,22.3,daily
2014-11-24,N02BE,30.6,daily
2014-11-25,N02BE,19.2,daily
2014-11-26,N02BE,21.0,daily
2014-11-27,N02BE,21.2,daily
2014-11-28,N02BE,15.9,daily
2014-11-29,N02BE,31.0,daily
2014-11-30,N02BE,22.6,daily
2014-12-01,N02BE,36.4,daily
2014-12-02,N02BE,7.8,daily
2014-12-03,N02BE,16.6,daily
2014-12-04,N02BE,28.7,daily
2014-12-05,N02BE,28.1,daily
2014-12-06,N02BE,12.4,daily
2014-12-07,N02BE,45.7,daily
2014-12-08,N02BE,20.3,daily
2014-12-09,N02BE,27.28,daily
2014-12-10,N02BE,51.2,daily
2014-12-11,N02BE,16.3,daily
2014-12-12,N02BE,41.4,daily
2014-12-13,N02BE,25.1,daily
2014-12-14,N02BE,40.0,daily
2014-12-15,N02BE,42.2,daily
2014-12-16,N02BE,23.0,daily
2014-12-17,N02BE,28.0,daily
2014-12-18,N02BE,26.6,daily
2014-12-19,N02BE,0.0,daily
2014-12-20,N02BE,31.3,daily
2014-12-21,N02BE,52.5,daily
2014-12-22,N02BE,19.6,daily
2014-12-23,N02BE,40.4,daily
2014-12-24,N02BE,41.6,daily
2014-12-25,N02BE,31.0,daily
2014-12-26,N02BE,30.7,daily
2014-12-27,N02BE,39.0,daily
2014-12-28,N02BE,80.4,daily
2014-12-29,N02BE,40.0,daily
2014-12-30,N02BE,51.0,daily
2014-12-31,N02BE,41.08,daily
2015-01-01,N02BE,0.0,daily
2015-01-02,N02BE,50.8,daily
2015-01-03,N02BE,57.24,daily
2015-01-04,N02BE,60.1,daily
2015-01-05,N02BE,33.6,daily
2015-01-06,N02BE,42.0,daily
2015-01-07,N02BE,0.0,daily
2015-01-08,N02BE,46.4,daily
2015-01-09,N02BE,36.2,daily
2015-01-10,N02BE,32.6,daily
2015-01-11,N02BE,43.6,daily
2015-01-12,N02BE,36.6,daily
2015-01-13,N02BE,34.0,daily
2015-01-14,N02BE,23.0,daily
2015-01-15,N02BE,55.25,daily
2015-01-16,N02BE,43.0,daily
2015-01-17,N02BE,19.2,daily
2015-01-18,N02BE,20.4,daily
2015-01-19,N02BE,32.0,daily
2015-01-20,N02BE,38.0,daily
2015-01-21,N02BE,37.45,daily
2015-01-22,N02BE,21.4,daily
2015-01-23,N02BE,30.0,daily
2015-01-24,N02BE,49.7,daily
2015-01-25,N02BE,38.0,daily
2015-01-26,N02BE,34.4,daily
2015-01-27,N02BE,20.0,daily
2015-01-28,N02BE,32.0,daily
2015-01-29,N02BE,24.4,daily
2015-01-30,N02BE,20.5,daily
2015-01-31,N02BE,32.4,daily
2015-02-01,N02BE,35.6,daily
2015-02-02,N02BE,20.9,daily
2015-02-03,N02BE,24.2,daily
2015-02-04,N02BE,38.8,daily
2015-02-05,N02BE,24.85,daily
2015-02-06,N02BE,23.0,daily
2015-02-07,N02BE,33.6,daily
2015-02-08,N02BE,29.9,daily
2015-02-09,N02BE,20.7,daily
2015-02-10,N02BE,33.0,daily
2015-02-11,N02BE,48.5,daily
2015-02-12,N02BE,23.82,daily
2015-02-13,N02BE,29.6,daily
2015-02-14,N02BE,29.2,daily
2015-02-15,N02BE,38.0,daily
2015-02-16,N02BE,40.1,daily
2015-02-17,N02BE,36.2,daily
2015-02-18,N02BE,36.212,daily
2015-02-19,N02BE,36.7,daily
2015-02-20,N02BE,27.0,daily
2015-02-21,N02BE,57.0,daily
2015-02-22,N02BE,50.6,daily
2015-02-23,N02BE,55.4,daily
2015-02-24,N02BE,22.07,daily
2015-02-25,N02BE,24.0,daily
2015-02-26,N02BE,36.7,daily
2015-02-27,N02BE,51.0,daily
2015-02-28,N02BE,26.6,daily
2015-03-01,N02BE,25.9,daily
2015-03-02,N02BE,40.7,daily
2015-03-03,N02BE,45.6,daily
2015-03-04,N02BE,46.85,daily
2015-03-05,N02BE,35.0,daily
2015-03-06,N02BE,19.8,daily
2015-03-07,N02BE,2.0,daily
2015-03-08,N02BE,55.4,daily
2015-03-09,N02BE,32.7,daily
2015-03-10,N02BE,40.4,daily
2015-03-11,N02BE,32.0,daily
2015-03-12,N02BE,19.0,daily
2015-03-13,N02BE,63.4,daily
2015-03-14,N02BE,39.1,daily
2015-03-15,N02BE,41.0,daily
2015-03-16,N02BE,46.8,daily
2015-03-17,N02BE,28.8,daily
2015-03-18,N02BE,24.4,daily
2015-03-19,N02BE,31.0,daily
2015-03-20,N02BE,38.6,daily
2015-03-21,N02BE,41.6,daily
2015-03-22,N02BE,43.2,daily
2015-03-23,N02BE,28.0,daily
2015-03-24,N02BE,22.4,daily
2015-03-25,N02BE,17.6,daily
2015-03-26,N02BE,51.4,daily
2015-03-27,N02BE,27.0,daily
2015-03-28,N02BE,50.5,daily
2015-03-29,N02BE,35.5,daily
2015-03-30,N02BE,25.7,daily
2015-03-31,N02BE,33.5,daily
2015-04-01,N02BE,24.8,daily
2015-04-02,N02BE,35.07,daily
2015-04-03,N02BE,34.2,daily
2015-04-04,N02BE,43.0,daily
2015-04-05,N02BE,31.6,daily
2015-04-06,N02BE,32.9,daily
2015-04-07,N02BE,25.0,daily
2015-04-08,N02BE,18.0,daily
2015-04-09,N02BE,22.2,daily
2015-04-10,N02BE,65.6,daily
2015-04-11,N02BE,26.0,daily
2015-04-12,N02BE,0.0,daily
2015-04-13,N02BE,25.2,daily
2015-04-14,N02BE,41.8,daily
2015-04-15,N02BE,29.25,daily
2015-04-16,N02BE,30.6,daily
2015-04-17,N02BE,29.65,daily
2015-04-18,N02BE,31.3,daily
2015-04-19,N02BE,36.5,daily
2015-04-20,N02BE,38.0,daily
2015-04-21,N02BE,35.2,daily
2015-04-22,N02BE,32.0,daily
2015-04-23,N02BE,28.2,daily
2015-04-24,N02BE,30.0,daily
2015-04-25,N02BE,38.1,daily
2015-04-26,N02BE,37.6,daily
2015-04-27,N02BE,43.0,daily
2015-04-28,N02BE,15.2,daily
2015-04-29,N02BE,27.6,daily
2015-04-30,N02BE,32.6,daily
2015-05-01,N02BE,11.4,daily
2015-05-02,N02BE,47.8,daily
2015-05-03,N02BE,19.2,daily
2015-05-04,N02BE,36.0,daily
2015-05-05,N02BE,19.0,daily
2015-05-06,N02BE,40.2,daily
2015-05-07,N02BE,21.0,daily
2015-05-08,N02BE,16.0,daily
2015-05-09,N02BE,21.0,daily
2015-05-10,N02BE,13.0,daily
2015-05-11,N02BE,21.0,daily
2015-05-12,N02BE,22.95,daily
2015-05-13,N02BE,28.4,daily
2015-05-14,N02BE,14.0,daily
2015-05-15,N02BE,48.4,daily
2015-05-16,N02BE,40.4,daily
2015-05-17,N02BE,23.2,daily
2015-05-18,N02BE,21.4,daily
2015-05-19,N02BE,20.0,daily
2015-05-20,N02BE,17.0,daily
2015-05-21,N02BE,10.0,daily
2015-05-22,N02BE,15.0,daily
2015-05-23,N02BE,23.45,daily
2015-05-24,N02BE,20.0,daily
2015-05-25,N02BE,30.0,daily
2015-05-26,N02BE,27.0,daily
2015-05-27,N02BE,24.2,daily
2015-05-28,N02BE,17.1,daily
2015-05-29,N02BE,41.8,daily
2015-05-30,N02BE,24.5,daily
2015-05-31,N02BE,31.5,daily
2015-06-01,N02BE,23.55,daily
2015-06-02,N02BE,24.0,daily
2015-06-03,N02BE,30.0,daily
2015-06-04,N02BE,20.0,daily
2015-06-05,N02BE,13.0,daily
2015-06-06,N02BE,16.0,daily
2015-06-07,N02BE,17.0,daily
2015-06-08,N02BE,31.0,daily
2015-06-09,N02BE,26.6,daily
2015-06-10,N02BE,18.676,daily
2015-06-11,N02BE,38.3,daily
2015-06-12,N02BE,17.5,daily
2015-06-13,N02BE,21.4,daily
2015-06-14,N02BE,14.0,daily
2015-06-15,N02BE,37.0,daily
2015-06-16,N02BE,20.0,daily
2015-06-17,N02BE,24.0,daily
2015-06-18,N02BE,24.6,daily
2015-06-19,N02BE,24.0,daily
2015-06-20,N02BE,26.8,daily
2015-06-21,N02BE,18.0,daily
2015-06-22,N02BE,29.062,daily
2015-06-23,N02BE,19.0,daily
2015-06-24,N02BE,23.8,daily
2015-06-25,N02BE,24.125,daily
2015-06-26,N02BE,29.0,daily
2015-06-27,N02BE,36.0,daily
2015-06-28,N02BE,12.0,daily
2015-06-29,N02BE,22.0,daily
2015-06-30,N02BE,35.0,daily
2015-07-01,N02BE,18.25,daily
2015-07-02,N02BE,23.15,daily
2015-07-03,N02BE,24.5,daily
2015-07-04,N02BE,15.2,daily
2015-07-05,N02BE,14.0,daily
2015-07-06,N02BE,20.0,daily
2015-07-07,N02BE,19.6,daily
2015-07-08,N02BE,18.6,daily
2015-07-09,N02BE,32.75,daily
2015-07-10,N02BE,37.0,daily
2015-07-11,N02BE,45.0,daily
2015-07-12,N02BE,25.3,daily
2015-07-13,N02BE,22.55,daily
2015-07-14,N02BE,14.0,daily
2015-07-15,N02BE,20.2,daily
2015-07-16,N02BE,18.0,daily
2015-07-17,N02BE,28.0,daily
2015-07-18,N02BE,25.0,daily
2015-07-19,N02BE,15.0,daily
2015-07-20,N02BE,41.0,daily
2015-07-21,N02BE,14.25,daily
2015-07-22,N02BE,22.0,daily
2015-07-23,N02BE,14.0,daily
2015-07-24,N02BE,29.6,daily
2015-07-25,N02BE,22.0,daily
2015-07-26,N02BE,29.0,daily
2015-07-27,N02BE,24.0,daily
2015-07-28,N02BE,15.2,daily
2015-07-29,N02BE,21.378,daily
2015-07-30,N02BE,16.3,daily
2015-07-31,N02BE,24.0,daily
2015-08-01,N02BE,19.0,daily
2015-08-02,N02BE,15.0,daily
2015-08-03,N02BE,23.0,daily
2015-08-04,N02BE,23.0,daily
2015-08-05,N02BE,22.2,daily
2015-08-06,N02BE,35.0,daily
2015-08-07,N02BE,22.0,daily
2015-08-08,N02BE,22.0,daily
2015-08-09,N02BE,21.0,daily
2015-08-10,N02BE,29.0,daily
2015-08-11,N02BE,18.1,daily
2015-08-12,N02BE,28.2,daily
2015-08-13,N02BE,23.438,daily
2015-08-14,N02BE,16.7,daily
2015-08-15,N02BE,35.0,daily
2015-08-16,N02BE,19.25,daily
2015-08-17,N02BE,33.0,daily
2015-08-18,N02BE,24.0,daily
2015-08-19,N02BE,28.0,daily
2015-08-20,N02BE,19.0,daily
2015-08-21,N02BE,34.0,daily
2015-08-22,N02BE,28.0,daily
2015-08-23,N02BE,28.0,daily
2015-08-24,N02BE,45.1,daily
2015-08-25,N02BE,23.5,daily
2015-08-26,N02BE,27.0,daily
2015-08-27,N02BE,32.0,daily
2015-08-28,N02BE,15.1,daily
2015-08-29,N02BE,23.2,daily
2015-08-30,N02BE,21.0,daily
2015-08-31,N02BE,38.0,daily
2015-09-01,N02BE,28.25,daily
2015-09-02,N02BE,31.3,daily
2015-09-03,N02BE,19.0,daily
2015-09-04,N02BE,20.0,daily
2015-09-05,N02BE,20.0,daily
2015-09-06,N02BE,23.6,daily
2015-09-07,N02BE,32.8,daily
2015-09-08,N02BE,29.2,daily
2015-09-09,N02BE,34.7,daily
2015-09-10,N02BE,21.2,daily
2015-09-11,N02BE,30.0,daily
2015-09-12,N02BE,63.3,daily
2015-09-13,N02BE,25.0,daily
2015-09-14,N02BE,31.3,daily
2015-09-15,N02BE,23.8,daily
2015-09-16,N02BE,16.6,daily
2015-09-17,N02BE,35.5,daily
2015-09-18,N02BE,16.0,daily
2015-09-19,N02BE,37.0,daily
2015-09-20,N02BE,28.9,daily
2015-09-21,N02BE,46.7,daily
2015-09-22,N02BE,19.5,daily
2015-09-23,N02BE,34.65,daily
2015-09-24,N02BE,37.6,daily
2015-09-25,N02BE,25.2,daily
2015-09-26,N02BE,33.0,daily
2015-09-27,N02BE,10.425,daily
2015-09-28,N02BE,15.4,daily
2015-09-29,N02BE,39.7,daily
2015-09-30,N02BE,22.5,daily
2015-10-01,N02BE,34.562,daily
2015-10-02,N02BE,37.3,daily
2015-10-03,N02BE,37.2,daily
2015-10-04,N02BE,59.0,daily
2015-10-05,N02BE,70.95,daily
2015-10-06,N02BE,42.725,daily
2015-10-07,N02BE,44.3,daily
2015-10-08,N02BE,30.7,daily
2015-10-09,N02BE,28.062,daily
2015-10-10,N02BE,46.3,daily
2015-10-11,N02BE,70.3,daily
2015-10-12,N02BE,68.85,daily
2015-10-13,N02BE,63.8,daily
2015-10-14,N02BE,38.6,daily
2015-10-15,N02BE,64.724,daily
2015-10-16,N02BE,57.3,daily
2015-10-17,N02BE,74.3,daily
2015-10-18,N02BE,55.6,daily
2015-10-19,N02BE,62.6,daily
2015-10-20,N02BE,44.7,daily
2015-10-21,N02BE,36.8,daily
2015-10-22,N02BE,35.262,daily
2015-10-23,N02BE,41.4,daily
2015-10-24,N02BE,67.4,daily
2015-10-25,N02BE,64.6,daily
2015-10-26,N02BE,53.3,daily
2015-10-27,N02BE,64.4,daily
2015-10-28,N02BE,33.0,daily
2015-10-29,N02BE,38.3,daily
2015-10-30,N02BE,49.6,daily
2015-10-31,N02BE,58.4,daily
2015-11-01,N02BE,80.4,daily
2015-11-02,N02BE,46.3,daily
2015-11-03,N02BE,41.8,daily
2015-11-04,N02BE,59.8,daily
2015-11-05,N02BE,45.0,daily
2015-11-06,N02BE,31.475,daily
2015-11-07,N02BE,69.9,daily
2015-11-08,N02BE,48.6,daily
2015-11-09,N02BE,40.75,daily
2015-11-10,N02BE,41.2,daily
2015-11-11,N02BE,60.0,daily
2015-11-12,N02BE,24.0,daily
2015-11-13,N02BE,22.0,daily
2015-11-14,N02BE,19.0,daily
2015-11-15,N02BE,42.35,daily
2015-11-16,N02BE,50.3,daily
2015-11-17,N02BE,60.0,daily
2015-11-18,N02BE,24.5,daily
2015-11-19,N02BE,26.4,daily
2015-11-20,N02BE,25.6,daily
2015-11-21,N02BE,45.5,daily
2015-11-22,N02BE,41.2,daily
2015-11-23,N02BE,69.0,daily
2015-11-24,N02BE,19.8,daily
2015-11-25,N02BE,29.0,daily
2015-11-26,N02BE,25.975,daily
2015-11-27,N02BE,20.8,daily
2015-11-28,N02BE,46.825,daily
2015-11-29,N02BE,42.2,daily
2015-11-30,N02BE,35.3,daily
2015-12-01,N02BE,23.9,daily
2015-12-02,N02BE,42.0,daily
2015-12-03,N02BE,56.0,daily
2015-12-04,N02BE,25.6,daily
2015-12-05,N02BE,35.05,daily
2015-12-06,N02BE,60.4,daily
2015-12-07,N02BE,26.5,daily
2015-12-08,N02BE,41.325,daily
2015-12-09,N02BE,41.262,daily
2015-12-10,N02BE,31.9,daily
2015-12-11,N02BE,22.7,daily
2015-12-12,N02BE,42.2,daily
2015-12-13,N02BE,29.0,daily
2015-12-14,N02BE,37.4,daily
2015-12-15,N02BE,42.0,daily
2015-12-16,N02BE,42.0,daily
2015-12-17,N02BE,25.0,daily
2015-12-18,N02BE,27.2,daily
2015-12-19,N02BE,0.0,daily
2015-12-20,N02BE,43.0,daily
2015-12-21,N02BE,53.6,daily
2015-12-22,N02BE,48.0,daily
2015-12-23,N02BE,28.8,daily
2015-12-24,N02BE,28.3,daily
2015-12-25,N02BE,20.662,daily
2015-12-26,N02BE,87.2,daily
2015-12-27,N02BE,63.5,daily
2015-12-28,N02BE,61.5,daily
2015-12-29,N02BE,71.6,daily
2015-12-30,N02BE,56.4,daily
2015-12-31,N02BE,44.35,daily
2016-01-01,N02BE,0.0,daily
2016-01-02,N02BE,51.2,daily
2016-01-03,N02BE,56.1,daily
2016-01-04,N02BE,46.6,daily
2016-01-05,N02BE,38.6,daily
2016-01-06,N02BE,61.9,daily
2016-01-07,N02BE,0.0,daily
2016-01-08,N02BE,39.2,daily
2016-01-09,N02BE,88.3,daily
2016-01-10,N02BE,67.6,daily
2016-01-11,N02BE,64.9,daily
2016-01-12,N02BE,61.35,daily
2016-01-13,N02BE,41.7,daily
2016-01-14,N02BE,69.0,daily
2016-01-15,N02BE,18.1,daily
2016-01-16,N02BE,63.6,daily
2016-01-17,N02BE,46.6,daily
2016-01-18,N02BE,62.8,daily
2016-01-19,N02BE,49.8,daily
2016-01-20,N02BE,15.1,daily
2016-01-21,N02BE,68.4,daily
2016-01-22,N02BE,39.5,daily
2016-01-23,N02BE,36.8,daily
2016-01-24,N02BE,48.1,daily
2016-01-25,N02BE,46.95,daily
2016-01-26,N02BE,30.3,daily
2016-01-27,N02BE,30.062,daily
2016-01-28,N02BE,33.0,daily
2016-01-29,N02BE,74.4,daily
2016-01-30,N02BE,47.462,daily
2016-01-31,N02BE,78.9,daily
2016-02-01,N02BE,18.0,daily
2016-02-02,N02BE,39.0,daily
2016-02-03,N02BE,39.062,daily
2016-02-04,N02BE,28.8,daily
2016-02-05,N02BE,51.6,daily
2016-02-06,N02BE,57.162,daily
2016-02-07,N02BE,88.2,daily
2016-02-08,N02BE,28.038,daily
2016-02-09,N02BE,47.7,daily
2016-02-10,N02BE,34.1,daily
2016-02-11,N02BE,38.1,daily
2016-02-12,N02BE,60.675,daily
2016-02-13,N02BE,42.4,daily
2016-02-14,N02BE,43.6,daily
2016-02-15,N02BE,52.2,daily
2016-02-16,N02BE,29.0,daily
2016-02-17,N02BE,26.6,daily
2016-02-18,N02BE,43.85,daily
2016-02-19,N02BE,28.7,daily
2016-02-20,N02BE,36.9,daily
2016-02-21,N02BE,55.7,daily
2016-02-22,N02BE,51.125,daily
2016-02-23,N02BE,41.3,daily
2016-02-24,N02BE,35.0,daily
2016-02-25,N02BE,41.0,daily
2016-02-26,N02BE,28.55,daily
2016-02-27,N02BE,25.8,daily
2016-02-28,N02BE,66.5,daily
2016-02-29,N02BE,46.2,daily
2016-03-01,N02BE,31.0,daily
2016-03-02,N02BE,21.3,daily
2016-03-03,N02BE,55.8,daily
2016-03-04,N02BE,26.6,daily
2016-03-05,N02BE,38.0,daily
2016-03-06,N02BE,79.9,daily
2016-03-07,N02BE,43.5,daily
2016-03-08,N02BE,44.0,daily
2016-03-09,N02BE,21.8,daily
2016-03-10,N02BE,23.4,daily
2016-03-11,N02BE,22.0,daily
2016-03-12,N02BE,41.8,daily
2016-03-13,N02BE,59.2,daily
2016-03-14,N02BE,35.9,daily
2016-03-15,N02BE,24.0,daily
2016-03-16,N02BE,37.4,daily
2016-03-17,N02BE,60.2,daily
2016-03-18,N02BE,25.462,daily
2016-03-19,N02BE,19.5,daily
2016-03-20,N02BE,42.2,daily
2016-03-21,N02BE,45.7,daily
2016-03-22,N02BE,42.188,daily
2016-03-23,N02BE,24.25,daily
2016-03-24,N02BE,32.0,daily
2016-03-25,N02BE,42.8,daily
2016-03-26,N02BE,33.25,daily
2016-03-27,N02BE,63.3,daily
2016-03-28,N02BE,24.6,daily
2016-03-29,N02BE,36.2,daily
2016-03-30,N02BE,22.2,daily
2016-03-31,N02BE,31.25,daily
2016-04-01,N02BE,50.4,daily
2016-04-02,N02BE,32.3,daily
2016-04-03,N02BE,73.5,daily
2016-04-04,N02BE,21.6,daily
2016-04-05,N02BE,40.3,daily
2016-04-06,N02BE,15.25,daily
2016-04-07,N02BE,21.0,daily
2016-04-08,N02BE,42.3,daily
2016-04-09,N02BE,38.8,daily
2016-04-10,N02BE,21.4,daily
2016-04-11,N02BE,26.0,daily
2016-04-12,N02BE,41.6,daily
2016-04-13,N02BE,34.0,daily
2016-04-14,N02BE,44.225,daily
2016-04-15,N02BE,23.6,daily
2016-04-16,N02BE,33.0,daily
2016-04-17,N02BE,52.8,daily
2016-04-18,N02BE,22.1,daily
2016-04-19,N02BE,24.3,daily
2016-04-20,N02BE,17.1,daily
2016-04-21,N02BE,21.6,daily
2016-04-22,N02BE,21.9,daily
2016-04-23,N02BE,33.2,daily
2016-04-24,N02BE,36.95,daily
2016-04-25,N02BE,21.7,daily
2016-04-26,N02BE,27.2,daily
2016-04-27,N02BE,47.4,daily
2016-04-28,N02BE,28.0,daily
2016-04-29,N02BE,37.0,daily
2016-04-30,N02BE,47.812,daily
2016-05-01,N02BE,0.0,daily
2016-05-02,N02BE,39.2,daily
2016-05-03,N02BE,23.9,daily
2016-05-04,N02BE,32.2,daily
2016-05-05,N02BE,41.0,daily
2016-05-06,N02BE,33.6,daily
2016-05-07,N02BE,47.2,daily
2016-05-08,N02BE,40.4,daily
2016-05-09,N02BE,29.2,daily
2016-05-10,N02BE,28.25,daily
2016-05-11,N02BE,23.0,daily
2016-05-12,N02BE,28.1,daily
2016-05-13,N02BE,37.0,daily
2016-05-14,N02BE,31.25,daily
2016-05-15,N02BE,44.1,daily
2016-05-16,N02BE,24.0,daily
2016-05-17,N02BE,38.4,daily
2016-05-18,N02BE,35.0,daily
2016-05-19,N02BE,30.5,daily
2016-05-20,N02BE,14.0,daily
2016-05-21,N02BE,42.5,daily
2016-05-22,N02BE,55.6,daily
2016-05-23,N02BE,54.7,daily
2016-05-24,N02BE,32.0,daily
2016-05-25,N02BE,25.05,daily
2016-05-26,N02BE,24.8,daily
2016-05-27,N02BE,17.0,daily
2016-05-28,N02BE,43.0,daily
2016-05-29,N02BE,31.8,daily
2016-05-30,N02BE,29.4,daily
2016-05-31,N02BE,21.0,daily
2016-06-01,N02BE,20.0,daily
2016-06-02,N02BE,21.25,daily
2016-06-03,N02BE,18.0,daily
2016-06-04,N02BE,21.0,daily
2016-06-05,N02BE,23.4,daily
2016-06-06,N02BE,26.2,daily
2016-06-07,N02BE,28.5,daily
2016-06-08,N02BE,45.062,daily
2016-06-09,N02BE,20.6,daily
2016-06-10,N02BE,26.0,daily
2016-06-11,N02BE,35.6,daily
2016-06-12,N02BE,47.0,daily
2016-06-13,N02BE,15.0,daily
2016-06-14,N02BE,17.4,daily
2016-06-15,N02BE,35.0,daily
2016-06-16,N02BE,20.5,daily
2016-06-17,N02BE,20.0,daily
2016-06-18,N02BE,37.5,daily
2016-06-19,N02BE,40.0,daily
2016-06-20,N02BE,22.388,daily
2016-06-21,N02BE,23.0,daily
2016-06-22,N02BE,42.0,daily
2016-06-23,N02BE,19.0,daily
2016-06-24,N02BE,19.0,daily
2016-06-25,N02BE,20.25,daily
2016-06-26,N02BE,17.4,daily
2016-06-27,N02BE,24.0,daily
2016-06-28,N02BE,24.0,daily
2016-06-29,N02BE,22.0,daily
2016-06-30,N02BE,9.0,daily
2016-07-01,N02BE,24.0,daily
2016-07-02,N02BE,25.4,daily
2016-07-03,N02BE,18.6,daily
2016-07-04,N02BE,14.0,daily
2016-07-05,N02BE,19.0,daily
2016-07-06,N02BE,30.0,daily
2016-07-07,N02BE,21.0,daily
2016-07-08,N02BE,28.0,daily
2016-07-09,N02BE,11.0,daily
2016-07-10,N02BE,29.0,daily
2016-07-11,N02BE,19.312,daily
2016-07-12,N02BE,27.2,daily
2016-07-13,N02BE,26.4,daily
2016-07-14,N02BE,12.4,daily
2016-07-15,N02BE,15.0,daily
2016-07-16,N02BE,23.3,daily
2016-07-17,N02BE,26.65,daily
2016-07-18,N02BE,25.4,daily
2016-07-19,N02BE,19.0,daily
2016-07-20,N02BE,25.2,daily
2016-07-21,N02BE,17.0,daily
2016-07-22,N02BE,14.0,daily
2016-07-23,N02BE,15.0,daily
2016-07-24,N02BE,32.0,daily
2016-07-25,N02BE,22.0,daily
2016-07-26,N02BE,10.0,daily
2016-07-27,N02BE,10.0,daily
2016-07-28,N02BE,22.5,daily
2016-07-29,N02BE,11.0,daily
2016-07-30,N02BE,37.0,daily
2016-07-31,N02BE,22.0,daily
2016-08-01,N02BE,14.0,daily
2016-08-02,N02BE,12.0,daily
2016-08-03,N02BE,21.0,daily
2016-08-04,N02BE,34.4,daily
2016-08-05,N02BE,21.0,daily
2016-08-06,N02BE,20.0,daily
2016-08-07,N02BE,40.2,daily
2016-08-08,N02BE,15.0,daily
2016-08-09,N02BE,29.0,daily
2016-08-10,N02BE,24.1,daily
2016-08-11,N02BE,25.0,daily
2016-08-12,N02BE,27.6,daily
2016-08-13,N02BE,32.0,daily
2016-08-14,N02BE,18.21666667,daily
2016-08-15,N02BE,21.0,daily
2016-08-16,N02BE,14.45,daily
2016-08-17,N02BE,9.5,daily
2016-08-18,N02BE,25.6,daily
2016-08-19,N02BE,27.0,daily
2016-08-20,N02BE,26.2,daily
2016-08-21,N02BE,39.0,daily
2016-08-22,N02BE,23.2,daily
2016-08-23,N02BE,14.7,daily
2016-08-24,N02BE,11.3,daily
2016-08-25,N02BE,19.4,daily
2016-08-26,N02BE,20.7,daily
2016-08-27,N02BE,17.51666667,daily
2016-08-28,N02BE,37.0,daily
2016-08-29,N02BE,14.2,daily
2016-08-30,N02BE,8.9,daily
2016-08-31,N02BE,23.2,daily
2016-09-01,N02BE,31.4,daily
2016-09-02,N02BE,10.0,daily
2016-09-03,N02BE,54.2,daily
2016-09-04,N02BE,30.9,daily
2016-09-05,N02BE,34.3,daily
2016-09-06,N02BE,32.8,daily
2016-09-07,N02BE,37.6,daily
2016-09-08,N02BE,33.0,daily
2016-09-09,N02BE,26.124,daily
2016-09-10,N02BE,34.0,daily
2016-09-11,N02BE,57.2,daily
2016-09-12,N02BE,24.0,daily
2016-09-13,N02BE,32.0,daily
2016-09-14,N02BE,24.4,daily
2016-09-15,N02BE,38.0,daily
2016-09-16,N02BE,26.3,daily
2016-09-17,N02BE,56.0,daily
2016-09-18,N02BE,24.45,daily
2016-09-19,N02BE,31.0,daily
2016-09-20,N02BE,33.4,daily
2016-09-21,N02BE,19.7,daily
2016-09-22,N02BE,29.4,daily
2016-09-23,N02BE,28.4,daily
2016-09-24,N02BE,61.2,daily
2016-09-25,N02BE,61.125,daily
2016-09-26,N02BE,57.6,daily
2016-09-27,N02BE,51.7,daily
2016-09-28,N02BE,64.5,daily
2016-09-29,N02BE,50.6,daily
2016-09-30,N02BE,23.4,daily
2016-10-01,N02BE,54.038,daily
2016-10-02,N02BE,80.5,daily
2016-10-03,N02BE,59.662,daily
2016-10-04,N02BE,47.6,daily
2016-10-05,N02BE,78.2,daily
2016-10-06,N02BE,44.0,daily
2016-10-07,N02BE,47.625,daily
2016-10-08,N02BE,52.7,daily
2016-10-09,N02BE,88.4,daily
2016-10-10,N02BE,31.6,daily
2016-10-11,N02BE,52.6,daily
2016-10-12,N02BE,45.75,daily
2016-10-13,N02BE,42.2,daily
2016-10-14,N02BE,38.7,daily
2016-10-15,N02BE,47.2,daily
2016-10-16,N02BE,89.3,daily
2016-10-17,N02BE,50.8,daily
2016-10-18,N02BE,42.1,daily
2016-10-19,N02BE,26.7,daily
2016-10-20,N02BE,52.5,daily
2016-10-21,N02BE,40.8,daily
2016-10-22,N02BE,29.7,daily
2016-10-23,N02BE,51.21666667,daily
2016-10-24,N02BE,37.0,daily
2016-10-25,N02BE,62.4,daily
2016-10-26,N02BE,28.4,daily
2016-10-27,N02BE,32.2,daily
2016-10-28,N02BE,34.4,daily
2016-10-29,N02BE,78.5,daily
2016-10-30,N02BE,73.1,daily
2016-10-31,N02BE,43.8,daily
2016-11-01,N02BE,25.9,daily
2016-11-02,N02BE,42.2,daily
2016-11-03,N02BE,42.5,daily
2016-11-04,N02BE,24.3,daily
2016-11-05,N02BE,35.4,daily
2016-11-06,N02BE,42.45,daily
2016-11-07,N02BE,35.0,daily
2016-11-08,N02BE,20.0,daily
2016-11-09,N02BE,25.0,daily
2016-11-10,N02BE,31.1,daily
2016-11-11,N02BE,33.0,daily
2016-11-12,N02BE,56.5,daily
2016-11-13,N02BE,60.2,daily
2016-11-14,N02BE,50.5,daily
2016-11-15,N02BE,30.1,daily
2016-11-16,N02BE,38.912,daily
2016-11-17,N02BE,41.4,daily
2016-11-18,N02BE,31.0,daily
2016-11-19,N02BE,35.4,daily
2016-11-20,N02BE,25.5,daily
2016-11-21,N02BE,30.0,daily
2016-11-22,N02BE,23.0,daily
2016-11-23,N02BE,44.124,daily
2016-11-24,N02BE,28.0,daily
2016-11-25,N02BE,21.0,daily
2016-11-26,N02BE,36.0,daily
2016-11-27,N02BE,61.0,daily
2016-11-28,N02BE,23.0,daily
2016-11-29,N02BE,45.6,daily
2016-11-30,N02BE,24.6,daily
2016-12-01,N02BE,55.662,daily
2016-12-02,N02BE,43.0,daily
2016-12-03,N02BE,43.3,daily
2016-12-04,N02BE,67.0,daily
2016-12-05,N02BE,23.0,daily
2016-12-06,N02BE,27.2,daily
2016-12-07,N02BE,47.0,daily
2016-12-08,N02BE,35.7,daily
2016-12-09,N02BE,35.062,daily
2016-12-10,N02BE,45.4,daily
2016-12-11,N02BE,62.062,daily
2016-12-12,N02BE,44.5,daily
2016-12-13,N02BE,43.6,daily
2016-12-14,N02BE,32.2,daily
2016-12-15,N02BE,22.8,daily
2016-12-16,N02BE,39.775,daily
2016-12-17,N02BE,59.95,daily
2016-12-18,N02BE,60.7,daily
2016-12-19,N02BE,0.0,daily
2016-12-20,N02BE,46.0,daily
2016-12-21,N02BE,37.0,daily
2016-12-22,N02BE,38.4,daily
2016-12-23,N02BE,32.0,daily
2016-12-24,N02BE,82.0,daily
2016-12-25,N02BE,79.8,daily
2016-12-26,N02BE,58.924,daily
2016-12-27,N02BE,54.2,daily
2016-12-28,N02BE,57.2,daily
2016-12-29,N02BE,81.2,daily
2016-12-30,N02BE,161.0,daily
2016-12-31,N02BE,108.7,daily
2017-01-01,N02BE,25.675,daily
2017-01-02,N02BE,32.0,daily
2017-01-03,N02BE,66.8125,daily
2017-01-04,N02BE,56.76666667,daily
2017-01-05,N02BE,62.20833333,daily
2017-01-06,N02BE,65.5625,daily
2017-01-07,N02BE,34.625,daily
2017-01-08,N02BE,25.375,daily
2017-01-09,N02BE,56.125,daily
2017-01-10,N02BE,54.25,daily
2017-01-11,N02BE,51.04166667,daily
2017-01-12,N02BE,65.9375,daily
2017-01-13,N02BE,54.41666667,daily
2017-01-14,N02BE,47.91666667,daily
2017-01-15,N02BE,38.79166667,daily
2017-01-16,N02BE,63.5625,daily
2017-01-17,N02BE,48.45833333,daily
2017-01-18,N02BE,45.95833333,daily
2017-01-19,N02BE,37.75,daily
2017-01-20,N02BE,37.625,daily
2017-01-21,N02BE,50.20833333,daily
2017-01-22,N02BE,37.02083333,daily
2017-01-23,N02BE,41.75,daily
2017-01-24,N02BE,40.08333333,daily
2017-01-25,N02BE,51.1875,daily
2017-01-26,N02BE,36.625,daily
2017-01-27,N02BE,42.60916667,daily
2017-01-28,N02BE,32.08333333,daily
2017-01-29,N02BE,54.16666667,daily
2017-01-30,N02BE,35.5175,daily
2017-01-31,N02BE,47.25,daily
2017-02-01,N02BE,31.625,daily
2017-02-02,N02BE,42.29166667,daily
2017-02-03,N02BE,42.90083333,daily
2017-02-04,N02BE,27.70833333,daily
2017-02-05,N02BE,38.6,daily
2017-02-06,N02BE,13.0,daily
2017-02-07,N02BE,13.8,daily
2017-02-08,N02BE,36.0,daily
2017-02-09,N02BE,20.4,daily
2017-02-10,N02BE,23.2,daily
2017-02-11,N02BE,12.4,daily
2017-02-12,N02BE,27.4,daily
2017-02-13,N02BE,0.0,daily
2017-02-14,N02BE,22.0,daily
2017-02-15,N02BE,19.2,daily
2017-02-16,N02BE,31.6,daily
2017-02-17,N02BE,12.25,daily
2017-02-18,N02BE,30.0,daily
2017-02-19,N02BE,13.0,daily
2017-02-20,N02BE,33.1,daily
2017-02-21,N02BE,22.9,daily
2017-02-22,N02BE,21.1,daily
2017-02-23,N02BE,24.1,daily
2017-02-24,N02BE,29.8,daily
2017-02-25,N02BE,24.0,daily
2017-02-26,N02BE,15.7,daily
2017-02-27,N02BE,16.4,daily
2017-02-28,N02BE,26.4,daily
2017-03-01,N02BE,15.1,daily
2017-03-02,N02BE,13.0,daily
2017-03-03,N02BE,12.9,daily
2017-03-04,N02BE,17.0,daily
2017-03-05,N02BE,33.9,daily
2017-03-06,N02BE,19.6,daily
2017-03-07,N02BE,15.0,daily
2017-03-08,N02BE,15.2,daily
2017-03-09,N02BE,26.9,daily
2017-03-10,N02BE,26.3,daily
2017-03-11,N02BE,20.1,daily
2017-03-12,N02BE,48.0,daily
2017-03-13,N02BE,17.8,daily
2017-03-14,N02BE,15.0,daily
2017-03-15,N02BE,14.6,daily
2017-03-16,N02BE,28.2,daily
2017-03-17,N02BE,11.0,daily
2017-03-18,N02BE,20.4,daily
2017-03-19,N02BE,39.1,daily
2017-03-20,N02BE,16.1,daily
2017-03-21,N02BE,12.6,daily
2017-03-22,N02BE,16.4,daily
2017-03-23,N02BE,13.3,daily
2017-03-24,N02BE,12.3,daily
2017-03-25,N02BE,33.3,daily
2017-03-26,N02BE,18.0,daily
2017-03-27,N02BE,14.8,daily
2017-03-28,N02BE,22.0,daily
2017-03-29,N02BE,12.9,daily
2017-03-30,N02BE,9.5,daily
2017-03-31,N02BE,22.2,daily
2017-04-01,N02BE,34.0,daily
2017-04-02,N02BE,23.0,daily
2017-04-03,N02BE,25.6,daily
2017-04-04,N02BE,8.0,daily
2017-04-05,N02BE,13.6,daily
2017-04-06,N02BE,10.9,daily
2017-04-07,N02BE,16.0,daily
2017-04-08,N02BE,23.0,daily
2017-04-09,N02BE,22.0,daily
2017-04-10,N02BE,27.5,daily
2017-04-11,N02BE,17.0,daily
2017-04-12,N02BE,11.0,daily
2017-04-13,N02BE,30.9,daily
2017-04-14,N02BE,13.0,daily
2017-04-15,N02BE,27.25,daily
2017-04-16,N02BE,0.0,daily
2017-04-17,N02BE,18.4,daily
2017-04-18,N02BE,15.4,daily
2017-04-19,N02BE,14.0,daily
2017-04-20,N02BE,9.4,daily
2017-04-21,N02BE,29.0,daily
2017-04-22,N02BE,19.0,daily
2017-04-23,N02BE,25.5,daily
2017-04-24,N02BE,13.15,daily
2017-04-25,N02BE,24.0,daily
2017-04-26,N02BE,10.2,daily
2017-04-27,N02BE,11.0,daily
2017-04-28,N02BE,15.4,daily
2017-04-29,N02BE,15.0,daily
2017-04-30,N02BE,18.0,daily
2017-05-01,N02BE,1.2,daily
2017-05-02,N02BE,23.0,daily
2017-05-03,N02BE,18.2,daily
2017-05-04,N02BE,11.6,daily
2017-05-05,N02BE,6.6,daily
2017-05-06,N02BE,14.0,daily
2017-05-07,N02BE,18.25,daily
2017-05-08,N02BE,8.0,daily
2017-05-09,N02BE,11.0,daily
2017-05-10,N02BE,15.0,daily
2017-05-11,N02BE,16.0,daily
2017-05-12,N02BE,16.4,daily
2017-05-13,N02BE,12.0,daily
2017-05-14,N02BE,31.5,daily
2017-05-15,N02BE,17.0,daily
2017-05-16,N02BE,16.2,daily
2017-05-17,N02BE,9.0,daily
2017-05-18,N02BE,28.2,daily
2017-05-19,N02BE,31.6,daily
2017-05-20,N02BE,16.4,daily
2017-05-21,N02BE,32.2,daily
2017-05-22,N02BE,22.4,daily
2017-05-23,N02BE,11.0,daily
2017-05-24,N02BE,14.2,daily
2017-05-25,N02BE,18.2,daily
2017-05-26,N02BE,29.0,daily
2017-05-27,N02BE,23.4,daily
2017-05-28,N02BE,11.19,daily
2017-05-29,N02BE,28.0,daily
2017-05-30,N02BE,25.0,daily
2017-05-31,N02BE,12.2,daily
2017-06-01,N02BE,21.4,daily
2017-06-02,N02BE,17.4,daily
2017-06-03,N02BE,10.0,daily
2017-06-04,N02BE,23.4,daily
2017-06-05,N02BE,9.7,daily
2017-06-06,N02BE,18.0,daily
2017-06-07,N02BE,21.0,daily
2017-06-08,N02BE,21.0,daily
2017-06-09,N02BE,10.0,daily
2017-06-10,N02BE,15.0,daily
2017-06-11,N02BE,28.25,daily
2017-06-12,N02BE,13.6,daily
2017-06-13,N02BE,8.0,daily
2017-06-14,N02BE,9.0,daily
2017-06-15,N02BE,15.0,daily
2017-06-16,N02BE,12.25,daily
2017-06-17,N02BE,12.0,daily
2017-06-18,N02BE,26.6,daily
2017-06-19,N02BE,18.0,daily
2017-06-20,N02BE,12.0,daily
2017-06-21,N02BE,21.0,daily
2017-06-22,N02BE,7.0,daily
2017-06-23,N02BE,16.0,daily
2017-06-24,N02BE,32.0,daily
2017-06-25,N02BE,22.0,daily
2017-06-26,N02BE,10.0,daily
2017-06-27,N02BE,13.5,daily
2017-06-28,N02BE,18.0,daily
2017-06-29,N02BE,17.0,daily
2017-06-30,N02BE,18.0,daily
2017-07-01,N02BE,10.0,daily
2017-07-02,N02BE,9.0,daily
2017-07-03,N02BE,8.0,daily
2017-07-04,N02BE,18.0,daily
2017-07-05,N02BE,16.0,daily
2017-07-06,N02BE,20.6,daily
2017-07-07,N02BE,17.0,daily
2017-07-08,N02BE,16.0,daily
2017-07-09,N02BE,15.0,daily
2017-07-10,N02BE,12.0,daily
2017-07-11,N02BE,18.0,daily
2017-07-12,N02BE,15.4,daily
2017-07-13,N02BE,9.6,daily
2017-07-14,N02BE,16.0,daily
2017-07-15,N02BE,21.0,daily
2017-07-16,N02BE,19.0,daily
2017-07-17,N02BE,16.4,daily
2017-07-18,N02BE,14.0,daily
2017-07-19,N02BE,20.6,daily
2017-07-20,N02BE,18.0,daily
2017-07-21,N02BE,14.0,daily
2017-07-22,N02BE,22.0,daily
2017-07-23,N02BE,12.0,daily
2017-07-24,N02BE,15.0,daily
2017-07-25,N02BE,14.0,daily
2017-07-26,N02BE,15.0,daily
2017-07-27,N02BE,12.4,daily
2017-07-28,N02BE,17.2,daily
2017-07-29,N02BE,14.15,daily
2017-07-30,N02BE,13.0,daily
2017-07-31,N02BE,21.0,daily
2017-08-01,N02BE,15.6,daily
2017-08-02,N02BE,25.0,daily
2017-08-03,N02BE,10.0,daily
2017-08-04,N02BE,15.0,daily
2017-08-05,N02BE,13.312,daily
2017-08-06,N02BE,13.0,daily
2017-08-07,N02BE,16.0,daily
2017-08-08,N02BE,11.188,daily
2017-08-09,N02BE,13.0,daily
2017-08-10,N02BE,9.0,daily
2017-08-11,N02BE,8.0,daily
2017-08-12,N02BE,22.6,daily
2017-08-13,N02BE,24.0,daily
2017-08-14,N02BE,13.0,daily
2017-08-15,N02BE,35.0,daily
2017-08-16,N02BE,10.45,daily
2017-08-17,N02BE,12.0,daily
2017-08-18,N02BE,15.0,daily
2017-08-19,N02BE,16.0,daily
2017-08-20,N02BE,14.4,daily
2017-08-21,N02BE,19.0,daily
2017-08-22,N02BE,22.2,daily
2017-08-23,N02BE,42.0,daily
2017-08-24,N02BE,27.0,daily
2017-08-25,N02BE,20.25,daily
2017-08-26,N02BE,19.0,daily
2017-08-27,N02BE,21.3,daily
2017-08-28,N02BE,16.0,daily
2017-08-29,N02BE,17.0,daily
2017-08-30,N02BE,17.0,daily
2017-08-31,N02BE,17.0,daily
2017-09-01,N02BE,20.6,daily
2017-09-02,N02BE,18.4,daily
2017-09-03,N02BE,18.4,daily
2017-09-04,N02BE,24.0,daily
2017-09-05,N02BE,19.1,daily
2017-09-06,N02BE,32.0,daily
2017-09-07,N02BE,18.0,daily
2017-09-08,N02BE,34.0,daily
2017-09-09,N02BE,20.0,daily
2017-09-10,N02BE,35.6,daily
2017-09-11,N02BE,12.0,daily
2017-09-12,N02BE,18.25,daily
2017-09-13,N02BE,25.0,daily
2017-09-14,N02BE,22.4,daily
2017-09-15,N02BE,16.0,daily
2017-09-16,N02BE,27.3,daily
2017-09-17,N02BE,32.0,daily
2017-09-18,N02BE,27.0,daily
2017-09-19,N02BE,43.25,daily
2017-09-20,N02BE,35.45,daily
2017-09-21,N02BE,19.7,daily
2017-09-22,N02BE,27.5,daily
2017-09-23,N02BE,14.45,daily
2017-09-24,N02BE,52.4,daily
2017-09-25,N02BE,39.2,daily
2017-09-26,N02BE,38.6,daily
2017-09-27,N02BE,38.0,daily
2017-09-28,N02BE,37.85,daily
2017-09-29,N02BE,35.4,daily
2017-09-30,N02BE,61.9,daily
2017-10-01,N02BE,72.1,daily
2017-10-02,N02BE,18.0,daily
2017-10-03,N02BE,57.2,daily
2017-10-04,N02BE,37.0,daily
2017-10-05,N02BE,40.8,daily
2017-10-06,N02BE,39.8,daily
2017-10-07,N02BE,35.25,daily
2017-10-08,N02BE,77.1,daily
2017-10-09,N02BE,0.0,daily
2017-10-10,N02BE,25.0,daily
2017-10-11,N02BE,39.4,daily
2017-10-12,N02BE,41.0,daily
2017-10-13,N02BE,38.0,daily
2017-10-14,N02BE,42.2,daily
2017-10-15,N02BE,37.0,daily
2017-10-16,N02BE,45.1,daily
2017-10-17,N02BE,26.2,daily
2017-10-18,N02BE,52.85,daily
2017-10-19,N02BE,25.5,daily
2017-10-20,N02BE,36.25,daily
2017-10-21,N02BE,25.2,daily
2017-10-22,N02BE,57.8,daily
2017-10-23,N02BE,28.6,daily
2017-10-24,N02BE,65.2,daily
2017-10-25,N02BE,26.9,daily
2017-10-26,N02BE,38.0,daily
2017-10-27,N02BE,26.0,daily
2017-10-28,N02BE,24.1,daily
2017-10-29,N02BE,36.0,daily
2017-10-30,N02BE,32.8,daily
2017-10-31,N02BE,38.0,daily
2017-11-01,N02BE,23.0,daily
2017-11-02,N02BE,22.1,daily
2017-11-03,N02BE,37.4,daily
2017-11-04,N02BE,33.0,daily
2017-11-05,N02BE,35.45,daily
2017-11-06,N02BE,20.2,daily
2017-11-07,N02BE,20.0,daily
2017-11-08,N02BE,9.2,daily
2017-11-09,N02BE,28.8,daily
2017-11-10,N02BE,34.0,daily
2017-11-11,N02BE,32.0,daily
2017-11-12,N02BE,40.0,daily
2017-11-13,N02BE,44.2,daily
2017-11-14,N02BE,6.8,daily
2017-11-15,N02BE,17.0,daily
2017-11-16,N02BE,17.6,daily
2017-11-17,N02BE,34.0,daily
2017-11-18,N02BE,42.5,daily
2017-11-19,N02BE,29.0,daily
2017-11-20,N02BE,28.8,daily
2017-11-21,N02BE,22.4,daily
2017-11-22,N02BE,26.1,daily
2017-11-23,N02BE,34.3,daily
2017-11-24,N02BE,34.324,daily
2017-11-25,N02BE,26.5,daily
2017-11-26,N02BE,31.2,daily
2017-11-27,N02BE,34.825,daily
2017-11-28,N02BE,40.6,daily
2017-11-29,N02BE,32.6,daily
2017-11-30,N02BE,30.0,daily
2017-12-01,N02BE,25.4,daily
2017-12-02,N02BE,22.0,daily
2017-12-03,N02BE,33.4,daily
2017-12-04,N02BE,15.6,daily
2017-12-05,N02BE,17.1,daily
2017-12-06,N02BE,29.2,daily
2017-12-07,N02BE,24.9,daily
2017-12-08,N02BE,44.2,daily
2017-12-09,N02BE,36.6,daily
2017-12-10,N02BE,48.0,daily
2017-12-11,N02BE,34.4,daily
2017-12-12,N02BE,44.0,daily
2017-12-13,N02BE,29.0,daily
2017-12-14,N02BE,30.0,daily
2017-12-15,N02BE,29.0,daily
2017-12-16,N02BE,36.6,daily
2017-12-17,N02BE,37.0,daily
2017-12-18,N02BE,31.6,daily
2017-12-19,N02BE,0.0,daily
2017-12-20,N02BE,27.2,daily
2017-12-21,N02BE,23.4,daily
2017-12-22,N02BE,26.0,daily
2017-12-23,N02BE,28.3,daily
2017-12-24,N02BE,32.2,daily
2017-12-25,N02BE,15.53,daily
2017-12-26,N02BE,56.9,daily
2017-12-27,N02BE,32.7,daily
2017-12-28,N02BE,35.35,daily
2017-12-29,N02BE,41.4,daily
2017-12-30,N02BE,50.0,daily
2017-12-31,N02BE,70.2,daily
2018-01-01,N02BE,0.0,daily
2018-01-02,N02BE,38.0,daily
2018-01-03,N02BE,54.0,daily
2018-01-04,N02BE,39.2,daily
2018-01-05,N02BE,26.0,daily
2018-01-06,N02BE,73.0,daily
2018-01-07,N02BE,0.0,daily
2018-01-08,N02BE,29.6,daily
2018-01-09,N02BE,33.825,daily
2018-01-10,N02BE,44.5,daily
2018-01-11,N02BE,37.6,daily
2018-01-12,N02BE,42.0,daily
2018-01-13,N02BE,32.0,daily
2018-01-14,N02BE,36.0,daily
2018-01-15,N02BE,26.0,daily
2018-01-16,N02BE,18.0,daily
2018-01-17,N02BE,30.2,daily
2018-01-18,N02BE,58.4,daily
2018-01-19,N02BE,23.4,daily
2018-01-20,N02BE,38.0,daily
2018-01-21,N02BE,32.8,daily
2018-01-22,N02BE,29.0,daily
2018-01-23,N02BE,38.6,daily
2018-01-24,N02BE,32.0,daily
2018-01-25,N02BE,36.8,daily
2018-01-26,N02BE,62.2,daily
2018-01-27,N02BE,52.9,daily
2018-01-28,N02BE,55.0,daily
2018-01-29,N02BE,47.9,daily
2018-01-30,N02BE,37.0,daily
2018-01-31,N02BE,30.4,daily
2018-02-01,N02BE,30.5,daily
2018-02-02,N02BE,54.6,daily
2018-02-03,N02BE,67.1,daily
2018-02-04,N02BE,50.6,daily
2018-02-05,N02BE,53.0,daily
2018-02-06,N02BE,51.5,daily
2018-02-07,N02BE,44.8,daily
2018-02-08,N02BE,47.0,daily
2018-02-09,N02BE,47.0,daily
2018-02-10,N02BE,60.4,daily
2018-02-11,N02BE,63.25,daily
2018-02-12,N02BE,36.3,daily
2018-02-13,N02BE,17.8,daily
2018-02-14,N02BE,50.3,daily
2018-02-15,N02BE,74.6,daily
2018-02-16,N02BE,65.162,daily
2018-02-17,N02BE,50.4,daily
2018-02-18,N02BE,44.0,daily
2018-02-19,N02BE,27.0,daily
2018-02-20,N02BE,30.2,daily
2018-02-21,N02BE,27.4,daily
2018-02-22,N02BE,30.0,daily
2018-02-23,N02BE,34.2,daily
2018-02-24,N02BE,43.5,daily
2018-02-25,N02BE,36.8,daily
2018-02-26,N02BE,46.6,daily
2018-02-27,N02BE,26.7,daily
2018-02-28,N02BE,44.662,daily
2018-03-01,N02BE,26.4,daily
2018-03-02,N02BE,38.4,daily
2018-03-03,N02BE,40.187,daily
2018-03-04,N02BE,33.6,daily
2018-03-05,N02BE,25.0,daily
2018-03-06,N02BE,22.2,daily
2018-03-07,N02BE,20.2,daily
2018-03-08,N02BE,25.8,daily
2018-03-09,N02BE,41.0,daily
2018-03-10,N02BE,21.7,daily
2018-03-11,N02BE,68.0,daily
2018-03-12,N02BE,22.2,daily
2018-03-13,N02BE,15.2,daily
2018-03-14,N02BE,31.0,daily
2018-03-15,N02BE,23.9,daily
2018-03-16,N02BE,29.0,daily
2018-03-17,N02BE,65.0,daily
2018-03-18,N02BE,21.5,daily
2018-03-19,N02BE,19.6,daily
2018-03-20,N02BE,48.6,daily
2018-03-21,N02BE,27.0,daily
2018-03-22,N02BE,24.6,daily
2018-03-23,N02BE,34.0,daily
2018-03-24,N02BE,40.0,daily
2018-03-25,N02BE,47.312,daily
2018-03-26,N02BE,27.6,daily
2018-03-27,N02BE,28.0,daily
2018-03-28,N02BE,11.924,daily
2018-03-29,N02BE,28.2,daily
2018-03-30,N02BE,42.0,daily
2018-03-31,N02BE,50.0,daily
2018-04-01,N02BE,37.0,daily
2018-04-02,N02BE,30.0,daily
2018-04-03,N02BE,38.0,daily
2018-04-04,N02BE,29.0,daily
2018-04-05,N02BE,39.0,daily
2018-04-06,N02BE,33.525,daily
2018-04-07,N02BE,40.0,daily
2018-04-08,N02BE,0.0,daily
2018-04-09,N02BE,25.0,daily
2018-04-10,N02BE,38.3,daily
2018-04-11,N02BE,28.0,daily
2018-04-12,N02BE,17.4,daily
2018-04-13,N02BE,23.0,daily
2018-04-14,N02BE,24.0,daily
2018-04-15,N02BE,20.0,daily
2018-04-16,N02BE,40.5,daily
2018-04-17,N02BE,16.0,daily
2018-04-18,N02BE,25.25,daily
2018-04-19,N02BE,31.375,daily
2018-04-20,N02BE,15.0,daily
2018-04-21,N02BE,40.4,daily
2018-04-22,N02BE,42.5,daily
2018-04-23,N02BE,15.562,daily
2018-04-24,N02BE,20.0,daily
2018-04-25,N02BE,18.1,daily
2018-04-26,N02BE,18.0,daily
2018-04-27,N02BE,43.0,daily
2018-04-28,N02BE,27.25,daily
2018-04-29,N02BE,14.0,daily
2018-04-30,N02BE,14.125,daily
2018-05-01,N02BE,6.2,daily
2018-05-02,N02BE,38.2,daily
2018-05-03,N02BE,27.262,daily
2018-05-04,N02BE,8.75,daily
2018-05-05,N02BE,24.0,daily
2018-05-06,N02BE,18.2,daily
2018-05-07,N02BE,22.0,daily
2018-05-08,N02BE,15.0,daily
2018-05-09,N02BE,24.4,daily
2018-05-10,N02BE,39.0,daily
2018-05-11,N02BE,19.0,daily
2018-05-12,N02BE,27.0,daily
2018-05-13,N02BE,14.4,daily
2018-05-14,N02BE,20.0,daily
2018-05-15,N02BE,14.0,daily
2018-05-16,N02BE,13.4,daily
2018-05-17,N02BE,16.0,daily
2018-05-18,N02BE,30.0,daily
2018-05-19,N02BE,18.4,daily
2018-05-20,N02BE,45.0,daily
2018-05-21,N02BE,14.6,daily
2018-05-22,N02BE,8.062,daily
2018-05-23,N02BE,11.0,daily
2018-05-24,N02BE,20.2,daily
2018-05-25,N02BE,16.4,daily
2018-05-26,N02BE,16.262,daily
2018-05-27,N02BE,49.262,daily
2018-05-28,N02BE,19.6,daily
2018-05-29,N02BE,21.25,daily
2018-05-30,N02BE,16.4,daily
2018-05-31,N02BE,11.4,daily
2018-06-01,N02BE,29.0,daily
2018-06-02,N02BE,23.0,daily
2018-06-03,N02BE,22.4,daily
2018-06-04,N02BE,19.0,daily
2018-06-05,N02BE,20.0,daily
2018-06-06,N02BE,17.25,daily
2018-06-07,N02BE,19.0,daily
2018-06-08,N02BE,9.0,daily
2018-06-09,N02BE,21.0,daily
2018-06-10,N02BE,33.2,daily
2018-06-11,N02BE,17.0,daily
2018-06-12,N02BE,18.186,daily
2018-06-13,N02BE,22.25,daily
2018-06-14,N02BE,22.0,daily
2018-06-15,N02BE,11.133,daily
2018-06-16,N02BE,10.0,daily
2018-06-17,N02BE,24.0,daily
2018-06-18,N02BE,14.0,daily
2018-06-19,N02BE,23.0,daily
2018-06-20,N02BE,15.062,daily
2018-06-21,N02BE,36.0,daily
2018-06-22,N02BE,12.0,daily
2018-06-23,N02BE,14.0,daily
2018-06-24,N02BE,29.0,daily
2018-06-25,N02BE,31.062,daily
2018-06-26,N02BE,15.0,daily
2018-06-27,N02BE,11.0,daily
2018-06-28,N02BE,10.0,daily
2018-06-29,N02BE,10.0,daily
2018-06-30,N02BE,26.8,daily
2018-07-01,N02BE,22.0,daily
2018-07-02,N02BE,24.6,daily
2018-07-03,N02BE,13.6,daily
2018-07-04,N02BE,16.25,daily
2018-07-05,N02BE,15.0,daily
2018-07-06,N02BE,20.0,daily
2018-07-07,N02BE,19.0,daily
2018-07-08,N02BE,28.0,daily
2018-07-09,N02BE,31.0,daily
2018-07-10,N02BE,34.0,daily
2018-07-11,N02BE,29.4,daily
2018-07-12,N02BE,24.0,daily
2018-07-13,N02BE,22.0,daily
2018-07-14,N02BE,26.0,daily
2018-07-15,N02BE,23.0,daily
2018-07-16,N02BE,22.0,daily
2018-07-17,N02BE,29.4,daily
2018-07-18,N02BE,10.0,daily
2018-07-19,N02BE,16.0,daily
2018-07-20,N02BE,35.2,daily
2018-07-21,N02BE,22.0,daily
2018-07-22,N02BE,31.0,daily
2018-07-23,N02BE,12.0,daily
2018-07-24,N02BE,22.0,daily
2018-07-25,N02BE,16.0,daily
2018-07-26,N02BE,24.0,daily
2018-07-27,N02BE,19.4,daily
2018-07-28,N02BE,24.5,daily
2018-07-29,N02BE,9.0,daily
2018-07-30,N02BE,26.0,daily
2018-07-31,N02BE,13.0,daily
2018-08-01,N02BE,14.0,daily
2018-08-02,N02BE,11.0,daily
2018-08-03,N02BE,21.0,daily
2018-08-04,N02BE,8.0,daily
2018-08-05,N02BE,13.0,daily
2018-08-06,N02BE,21.388,daily
2018-08-07,N02BE,15.0,daily
2018-08-08,N02BE,10.0,daily
2018-08-09,N02BE,29.4,daily
2018-08-10,N02BE,19.0,daily
2018-08-11,N02BE,37.0,daily
2018-08-12,N02BE,16.0,daily
2018-08-13,N02BE,23.25,daily
2018-08-14,N02BE,12.0,daily
2018-08-15,N02BE,32.2,daily
2018-08-16,N02BE,27.4,daily
2018-08-17,N02BE,23.0,daily
2018-08-18,N02BE,32.1,daily
2018-08-19,N02BE,19.9,daily
2018-08-20,N02BE,21.4,daily
2018-08-21,N02BE,26.2,daily
2018-08-22,N02BE,18.0,daily
2018-08-23,N02BE,35.0,daily
2018-08-24,N02BE,38.5,daily
2018-08-25,N02BE,27.0,daily
2018-08-26,N02BE,57.0,daily
2018-08-27,N02BE,16.0,daily
2018-08-28,N02BE,26.4,daily
2018-08-29,N02BE,28.5,daily
2018-08-30,N02BE,38.0,daily
2018-08-31,N02BE,17.2,daily
2018-09-01,N02BE,19.0,daily
2018-09-02,N02BE,20.0,daily
2018-09-03,N02BE,27.4,daily
2018-09-04,N02BE,22.0,daily
2018-09-05,N02BE,28.0,daily
2018-09-06,N02BE,18.4,daily
2018-09-07,N02BE,42.0,daily
2018-09-08,N02BE,35.4,daily
2018-09-09,N02BE,50.0,daily
2018-09-10,N02BE,49.4,daily
2018-09-11,N02BE,50.6,daily
2018-09-12,N02BE,35.0,daily
2018-09-13,N02BE,20.6,daily
2018-09-14,N02BE,54.0,daily
2018-09-15,N02BE,19.7,daily
2018-09-16,N02BE,24.25,daily
2018-09-17,N02BE,44.4,daily
2018-09-18,N02BE,20.0,daily
2018-09-19,N02BE,26.0,daily
2018-09-20,N02BE,24.2,daily
2018-09-21,N02BE,33.1,daily
2018-09-22,N02BE,31.6,daily
2018-09-23,N02BE,42.862,daily
2018-09-24,N02BE,53.8,daily
2018-09-25,N02BE,53.85,daily
2018-09-26,N02BE,41.4,daily
2018-09-27,N02BE,19.0,daily
2018-09-28,N02BE,40.6,daily
2018-09-29,N02BE,57.7,daily
2018-09-30,N02BE,54.0,daily
2018-10-01,N02BE,53.0,daily
2018-10-02,N02BE,18.6,daily
2018-10-03,N02BE,34.9,daily
2018-10-04,N02BE,32.0,daily
2018-10-05,N02BE,22.8,daily
2018-10-06,N02BE,59.25,daily
2018-10-07,N02BE,42.4,daily
2018-10-08,N02BE,30.0,daily
2018-10-09,N02BE,30.0,daily
2018-10-10,N02BE,41.2,daily
2018-10-11,N02BE,31.0,daily
2018-10-12,N02BE,26.0,daily
2018-10-13,N02BE,29.6,daily
2018-10-14,N02BE,51.7,daily
2018-10-15,N02BE,47.6,daily
2018-10-16,N02BE,27.3,daily
2018-10-17,N02BE,52.2,daily
2018-10-18,N02BE,14.0,daily
2018-10-19,N02BE,10.6,daily
2018-10-20,N02BE,33.0,daily
2018-10-21,N02BE,56.3,daily
2018-10-22,N02BE,18.8,daily
2018-10-23,N02BE,44.8,daily
2018-10-24,N02BE,37.2,daily
2018-10-25,N02BE,52.2,daily
2018-10-26,N02BE,44.0,daily
2018-10-27,N02BE,49.975,daily
2018-10-28,N02BE,53.75,daily
2018-10-29,N02BE,32.8,daily
2018-10-30,N02BE,18.2,daily
2018-10-31,N02BE,34.1,daily
2018-11-01,N02BE,25.0,daily
2018-11-02,N02BE,32.6,daily
2018-11-03,N02BE,45.4,daily
2018-11-04,N02BE,52.0,daily
2018-11-05,N02BE,29.0,daily
2018-11-06,N02BE,37.7,daily
2018-11-07,N02BE,38.9,daily
2018-11-08,N02BE,38.0,daily
2018-11-09,N02BE,43.0,daily
2018-11-10,N02BE,35.6,daily
2018-11-11,N02BE,33.65,daily
2018-11-12,N02BE,35.0,daily
2018-11-13,N02BE,29.7,daily
2018-11-14,N02BE,28.4,daily
2018-11-15,N02BE,49.6,daily
2018-11-16,N02BE,21.5,daily
2018-11-17,N02BE,39.0,daily
2018-11-18,N02BE,32.9,daily
2018-11-19,N02BE,47.2,daily
2018-11-20,N02BE,31.5,daily
2018-11-21,N02BE,22.0,daily
2018-11-22,N02BE,22.4,daily
2018-11-23,N02BE,29.6,daily
2018-11-24,N02BE,29.2,daily
2018-11-25,N02BE,19.1,daily
2018-11-26,N02BE,36.3,daily
2018-11-27,N02BE,41.5,daily
2018-11-28,N02BE,24.4,daily
2018-11-29,N02BE,22.6,daily
2018-11-30,N02BE,22.4,daily
2018-12-01,N02BE,41.0,daily
2018-12-02,N02BE,65.7,daily
2018-12-03,N02BE,44.0,daily
2018-12-04,N02BE,32.2,daily
2018-12-05,N02BE,41.3,daily
2018-12-06,N02BE,0.0,daily
2018-12-07,N02BE,47.4,daily
2018-12-08,N02BE,0.0,daily
2018-12-09,N02BE,57.7,daily
2018-12-10,N02BE,23.8,daily
2018-12-11,N02BE,28.0,daily
2018-12-12,N02BE,37.6,daily
2018-12-13,N02BE,47.5,daily
2018-12-14,N02BE,23.4,daily
2018-12-15,N02BE,62.4,daily
2018-12-16,N02BE,27.0,daily
2018-12-17,N02BE,53.0,daily
2018-12-18,N02BE,34.5,daily
2018-12-19,N02BE,0.0,daily
2018-12-20,N02BE,27.0,daily
2018-12-21,N02BE,35.0,daily
2018-12-22,N02BE,43.4,daily
2018-12-23,N02BE,47.7,daily
2018-12-24,N02BE,32.0,daily
2018-12-25,N02BE,42.6,daily
2018-12-26,N02BE,50.0,daily
2018-12-27,N02BE,40.6,daily
2018-12-28,N02BE,56.4,daily
2018-12-29,N02BE,68.35,daily
2018-12-30,N02BE,59.9,daily
2018-12-31,N02BE,44.5,daily
2019-01-01,N02BE,0.0,daily
2019-01-02,N02BE,36.8,daily
2019-01-03,N02BE,42.4,daily
2019-01-04,N02BE,55.8,daily
2019-01-05,N02BE,62.75,daily
2019-01-06,N02BE,47.4,daily
2019-01-07,N02BE,0.0,daily
2019-01-08,N02BE,41.8,daily
2019-01-09,N02BE,64.8,daily
2019-01-10,N02BE,39.1,daily
2019-01-11,N02BE,61.6,daily
2019-01-12,N02BE,74.5,daily
2019-01-13,N02BE,73.0,daily
2019-01-14,N02BE,51.0,daily
2019-01-15,N02BE,30.4,daily
2019-01-16,N02BE,48.8,daily
2019-01-17,N02BE,55.6,daily
2019-01-18,N02BE,27.8,daily
2019-01-19,N02BE,77.4,daily
2019-01-20,N02BE,93.05,daily
2019-01-21,N02BE,67.15,daily
2019-01-22,N02BE,74.9,daily
2019-01-23,N02BE,58.4,daily
2019-01-24,N02BE,47.3,daily
2019-01-25,N02BE,32.65,daily
2019-01-26,N02BE,97.8,daily
2019-01-27,N02BE,100.1,daily
2019-01-28,N02BE,45.0,daily
2019-01-29,N02BE,38.8,daily
2019-01-30,N02BE,52.312,daily
2019-01-31,N02BE,62.2,daily
2019-02-01,N02BE,38.9,daily
2019-02-02,N02BE,64.262,daily
2019-02-03,N02BE,47.088,daily
2019-02-04,N02BE,47.0,daily
2019-02-05,N02BE,33.8,daily
2019-02-06,N02BE,29.0,daily
2019-02-07,N02BE,42.6,daily
2019-02-08,N02BE,50.2,daily
2019-02-09,N02BE,51.65,daily
2019-02-10,N02BE,43.2,daily
2019-02-11,N02BE,30.0,daily
2019-02-12,N02BE,34.6,daily
2019-02-13,N02BE,27.2,daily
2019-02-14,N02BE,54.5,daily
2019-02-15,N02BE,52.05,daily
2019-02-16,N02BE,36.4,daily
2019-02-17,N02BE,15.162,daily
2019-02-18,N02BE,27.4,daily
2019-02-19,N02BE,27.4,daily
2019-02-20,N02BE,30.6,daily
2019-02-21,N02BE,45.4,daily
2019-02-22,N02BE,16.0,daily
2019-02-23,N02BE,38.2,daily
2019-02-24,N02BE,19.0,daily
2019-02-25,N02BE,25.2,daily
2019-02-26,N02BE,27.0,daily
2019-02-27,N02BE,13.4,daily
2019-02-28,N02BE,34.0,daily
2019-03-01,N02BE,22.2,daily
2019-03-02,N02BE,46.0,daily
2019-03-03,N02BE,20.0,daily
2019-03-04,N02BE,41.0,daily
2019-03-05,N02BE,20.0,daily
2019-03-06,N02BE,31.0,daily
2019-03-07,N02BE,10.0,daily
2019-03-08,N02BE,33.7,daily
2019-03-09,N02BE,45.2,daily
2019-03-10,N02BE,51.0,daily
2019-03-11,N02BE,26.4,daily
2019-03-12,N02BE,31.85,daily
2019-03-13,N02BE,22.0,daily
2019-03-14,N02BE,47.2,daily
2019-03-15,N02BE,40.0,daily
2019-03-16,N02BE,29.0,daily
2019-03-17,N02BE,55.0,daily
2019-03-18,N02BE,23.0,daily
2019-03-19,N02BE,26.2,daily
2019-03-20,N02BE,28.9,daily
2019-03-21,N02BE,18.8,daily
2019-03-22,N02BE,41.0,daily
2019-03-23,N02BE,15.5,daily
2019-03-24,N02BE,43.2,daily
2019-03-25,N02BE,27.0,daily
2019-03-26,N02BE,36.0,daily
2019-03-27,N02BE,25.6,daily
2019-03-28,N02BE,14.0,daily
2019-03-29,N02BE,25.3,daily
2019-03-30,N02BE,18.0,daily
2019-03-31,N02BE,27.0,daily
2019-04-01,N02BE,34.65,daily
2019-04-02,N02BE,24.0,daily
2019-04-03,N02BE,18.3,daily
2019-04-04,N02BE,39.0,daily
2019-04-05,N02BE,25.2,daily
2019-04-06,N02BE,13.2,daily
2019-04-07,N02BE,19.0,daily
2019-04-08,N02BE,10.0,daily
2019-04-09,N02BE,12.0,daily
2019-04-10,N02BE,34.0,daily
2019-04-11,N02BE,15.9,daily
2019-04-12,N02BE,16.6,daily
2019-04-13,N02BE,14.0,daily
2019-04-14,N02BE,23.0,daily
2019-04-15,N02BE,8.8,daily
2019-04-16,N02BE,27.2,daily
2019-04-17,N02BE,13.5,daily
2019-04-18,N02BE,0.0,daily
2019-04-19,N02BE,25.0,daily
2019-04-20,N02BE,22.4,daily
2019-04-21,N02BE,21.0,daily
2019-04-22,N02BE,51.0,daily
2019-04-23,N02BE,18.4,daily
2019-04-24,N02BE,39.1,daily
2019-04-25,N02BE,15.0,daily
2019-04-26,N02BE,32.6,daily
2019-04-27,N02BE,25.2,daily
2019-04-28,N02BE,0.0,daily
2019-04-29,N02BE,27.6,daily
2019-04-30,N02BE,22.0,daily
2019-05-01,N02BE,8.0,daily
2019-05-02,N02BE,20.0,daily
2019-05-03,N02BE,24.0,daily
2019-05-04,N02BE,25.0,daily
2019-05-05,N02BE,31.0,daily
2019-05-06,N02BE,23.0,daily
2019-05-07,N02BE,33.4,daily
2019-05-08,N02BE,13.0,daily
2019-05-09,N02BE,12.5,daily
2019-05-10,N02BE,11.6,daily
2019-05-11,N02BE,16.8,daily
2019-05-12,N02BE,38.8,daily
2019-05-13,N02BE,26.2,daily
2019-05-14,N02BE,25.0,daily
2019-05-15,N02BE,28.4,daily
2019-05-16,N02BE,12.0,daily
2019-05-17,N02BE,28.0,daily
2019-05-18,N02BE,14.0,daily
2019-05-19,N02BE,26.4,daily
2019-05-20,N02BE,21.3,daily
2019-05-21,N02BE,17.6,daily
2019-05-22,N02BE,28.2,daily
2019-05-23,N02BE,26.1,daily
2019-05-24,N02BE,36.2,daily
2019-05-25,N02BE,35.0,daily
2019-05-26,N02BE,30.0,daily
2019-05-27,N02BE,19.0,daily
2019-05-28,N02BE,18.2,daily
2019-05-29,N02BE,15.0,daily
2019-05-30,N02BE,17.2,daily
2019-05-31,N02BE,22.662,daily
2019-06-01,N02BE,21.4,daily
2019-06-02,N02BE,28.0,daily
2019-06-03,N02BE,15.4,daily
2019-06-04,N02BE,28.2,daily
2019-06-05,N02BE,26.1,daily
2019-06-06,N02BE,27.0,daily
2019-06-07,N02BE,22.0,daily
2019-06-08,N02BE,22.4,daily
2019-06-09,N02BE,16.5,daily
2019-06-10,N02BE,15.0,daily
2019-06-11,N02BE,25.0,daily
2019-06-12,N02BE,16.2,daily
2019-06-13,N02BE,19.4,daily
2019-06-14,N02BE,15.0,daily
2019-06-15,N02BE,15.0,daily
2019-06-16,N02BE,18.0,daily
2019-06-17,N02BE,18.0,daily
2019-06-18,N02BE,29.5,daily
2019-06-19,N02BE,18.0,daily
2019-06-20,N02BE,15.0,daily
2019-06-21,N02BE,24.8,daily
2019-06-22,N02BE,25.0,daily
2019-06-23,N02BE,18.2,daily
2019-06-24,N02BE,19.0,daily
2019-06-25,N02BE,12.0,daily
2019-06-26,N02BE,11.6,daily
2019-06-27,N02BE,15.0,daily
2019-06-28,N02BE,15.0,daily
2019-06-29,N02BE,18.3,daily
2019-06-30,N02BE,40.0,daily
2019-07-01,N02BE,14.0,daily
2019-07-02,N02BE,14.0,daily
2019-07-03,N02BE,30.05,daily
2019-07-04,N02BE,13.0,daily
2019-07-05,N02BE,20.0,daily
2019-07-06,N02BE,16.0,daily
2019-07-07,N02BE,25.0,daily
2019-07-08,N02BE,21.4,daily
2019-07-09,N02BE,15.0,daily
2019-07-10,N02BE,19.6,daily
2019-07-11,N02BE,19.0,daily
2019-07-12,N02BE,34.0,daily
2019-07-13,N02BE,17.6,daily
2019-07-14,N02BE,23.0,daily
2019-07-15,N02BE,24.0,daily
2019-07-16,N02BE,14.0,daily
2019-07-17,N02BE,26.0,daily
2019-07-18,N02BE,24.0,daily
2019-07-19,N02BE,28.0,daily
2019-07-20,N02BE,17.2,daily
2019-07-21,N02BE,16.0,daily
2019-07-22,N02BE,14.25,daily
2019-07-23,N02BE,7.25,daily
2019-07-24,N02BE,30.875,daily
2019-07-25,N02BE,20.0,daily
2019-07-26,N02BE,17.0,daily
2019-07-27,N02BE,22.0,daily
2019-07-28,N02BE,13.0,daily
2019-07-29,N02BE,25.45,daily
2019-07-30,N02BE,19.0,daily
2019-07-31,N02BE,21.0,daily
2019-08-01,N02BE,37.0,daily
2019-08-02,N02BE,18.0,daily
2019-08-03,N02BE,12.0,daily
2019-08-04,N02BE,24.0,daily
2019-08-05,N02BE,6.0,daily
2019-08-06,N02BE,17.25,daily
2019-08-07,N02BE,9.0,daily
2019-08-08,N02BE,15.0,daily
2019-08-09,N02BE,8.0,daily
2019-08-10,N02BE,15.0,daily
2019-08-11,N02BE,16.0,daily
2019-08-12,N02BE,36.0,daily
2019-08-13,N02BE,15.0,daily
2019-08-14,N02BE,20.0,daily
2019-08-15,N02BE,12.0,daily
2019-08-16,N02BE,13.0,daily
2019-08-17,N02BE,18.0,daily
2019-08-18,N02BE,11.0,daily
2019-08-19,N02BE,9.0,daily
2019-08-20,N02BE,13.4,daily
2019-08-21,N02BE,19.45,daily
2019-08-22,N02BE,20.0,daily
2019-08-23,N02BE,12.0,daily
2019-08-24,N02BE,24.6,daily
2019-08-25,N02BE,17.0,daily
2019-08-26,N02BE,18.0,daily
2019-08-27,N02BE,21.0,daily
2019-08-28,N02BE,10.0,daily
2019-08-29,N02BE,17.4,daily
2019-08-30,N02BE,19.0,daily
2019-08-31,N02BE,15.0,daily
2019-09-01,N02BE,17.0,daily
2019-09-02,N02BE,18.0,daily
2019-09-03,N02BE,12.125,daily
2019-09-04,N02BE,29.23,daily
2019-09-05,N02BE,14.0,daily
2019-09-06,N02BE,28.4,daily
2019-09-07,N02BE,27.0,daily
2019-09-08,N02BE,26.0,daily
2019-09-09,N02BE,26.0,daily
2019-09-10,N02BE,22.0,daily
2019-09-11,N02BE,42.0,daily
2019-09-12,N02BE,21.975,daily
2019-09-13,N02BE,17.0,daily
2019-09-14,N02BE,24.0,daily
2019-09-15,N02BE,25.4,daily
2019-09-16,N02BE,22.0,daily
2019-09-17,N02BE,19.2,daily
2019-09-18,N02BE,22.0,daily
2019-09-19,N02BE,33.0,daily
2019-09-20,N02BE,51.3,daily
2019-09-21,N02BE,44.25,daily
2019-09-22,N02BE,56.5,daily
2019-09-23,N02BE,55.0,daily
2019-09-24,N02BE,61.3,daily
2019-09-25,N02BE,32.5,daily
2019-09-26,N02BE,31.0,daily
2019-09-27,N02BE,41.1,daily
2019-09-28,N02BE,48.0,daily
2019-09-29,N02BE,67.8,daily
2019-09-30,N02BE,49.4,daily
2019-10-01,N02BE,47.0,daily
2019-10-02,N02BE,30.2,daily
2019-10-03,N02BE,40.4,daily
2019-10-04,N02BE,22.45,daily
2019-10-05,N02BE,25.4,daily
2019-10-06,N02BE,34.6,daily
2019-10-07,N02BE,50.8,daily
2019-10-08,N02BE,44.3,daily
2014-01-02,N05B,7.0,daily
2014-01-03,N05B,16.0,daily
2014-01-04,N05B,10.0,daily
2014-01-05,N05B,8.0,daily
2014-01-06,N05B,16.0,daily
2014-01-07,N05B,0.0,daily
2014-01-08,N05B,19.0,daily
2014-01-09,N05B,16.0,daily
2014-01-10,N05B,15.0,daily
2014-01-11,N05B,14.0,daily
2014-01-12,N05B,8.0,daily
2014-01-13,N05B,9.0,daily
2014-01-14,N05B,6.0,daily
2014-01-15,N05B,12.0,daily
2014-01-16,N05B,19.0,daily
2014-01-17,N05B,15.0,daily
2014-01-18,N05B,15.0,daily
2014-01-19,N05B,4.0,daily
2014-01-20,N05B,18.0,daily
2014-01-21,N05B,15.0,daily
2014-01-22,N05B,10.0,daily
2014-01-23,N05B,2.0,daily
2014-01-24,N05B,13.0,daily
2014-01-25,N05B,18.0,daily
2014-01-26,N05B,4.0,daily
2014-01-27,N05B,17.0,daily
2014-01-28,N05B,22.0,daily
2014-01-29,N05B,10.0,daily
2014-01-30,N05B,7.0,daily
2014-01-31,N05B,9.0,daily
2014-02-01,N05B,13.0,daily
2014-02-02,N05B,6.0,daily
2014-02-03,N05B,16.0,daily
2014-02-04,N05B,8.0,daily
2014-02-05,N05B,15.0,daily
2014-02-06,N05B,17.0,daily
2014-02-07,N05B,19.0,daily
2014-02-08,N05B,13.0,daily
2014-02-09,N05B,10.0,daily
2014-02-10,N05B,20.0,daily
2014-02-11,N05B,20.0,daily
2014-02-12,N05B,9.0,daily
2014-02-13,N05B,13.0,daily
2014-02-14,N05B,13.0,daily
2014-02-15,N05B,9.0,daily
2014-02-16,N05B,5.0,daily
2014-02-17,N05B,13.0,daily
2014-02-18,N05B,14.0,daily
2014-02-19,N05B,17.0,daily
2014-02-20,N05B,16.0,daily
2014-02-21,N05B,17.0,daily
2014-02-22,N05B,12.0,daily
2014-02-23,N05B,10.0,daily
2014-02-24,N05B,4.0,daily
2014-02-25,N05B,13.0,daily
2014-02-26,N05B,5.0,daily
2014-02-27,N05B,8.0,daily
2014-02-28,N05B,12.0,daily
2014-03-01,N05B,8.0,daily
2014-03-02,N05B,2.0,daily
2014-03-03,N05B,1.0,daily
2014-03-04,N05B,9.0,daily
2014-03-05,N05B,4.0,daily
2014-03-06,N05B,17.0,daily
2014-03-07,N05B,3.0,daily
2014-03-08,N05B,11.0,daily
2014-03-09,N05B,3.0,daily
2014-03-10,N05B,11.0,daily
2014-03-11,N05B,12.0,daily
2014-03-12,N05B,22.0,daily
2014-03-13,N05B,10.0,daily
2014-03-14,N05B,11.0,daily
2014-03-15,N05B,18.0,daily
2014-03-16,N05B,6.0,daily
2014-03-17,N05B,6.0,daily
2014-03-18,N05B,9.0,daily
2014-03-19,N05B,2.0,daily
2014-03-20,N05B,5.0,daily
2014-03-21,N05B,4.0,daily
2014-03-22,N05B,10.0,daily
2014-03-23,N05B,0.0,daily
2014-03-24,N05B,7.0,daily
2014-03-25,N05B,7.0,daily
2014-03-26,N05B,7.0,daily
2014-03-27,N05B,6.0,daily
2014-03-28,N05B,3.0,daily
2014-03-29,N05B,8.0,daily
2014-03-30,N05B,4.0,daily
2014-03-31,N05B,6.0,daily
2014-04-01,N05B,5.0,daily
2014-04-02,N05B,1.0,daily
2014-04-03,N05B,4.0,daily
2014-04-04,N05B,9.0,daily
2014-04-05,N05B,5.0,daily
2014-04-06,N05B,1.0,daily
2014-04-07,N05B,4.0,daily
2014-04-08,N05B,6.0,daily
2014-04-09,N05B,2.0,daily
2014-04-10,N05B,10.0,daily
2014-04-11,N05B,2.0,daily
2014-04-12,N05B,19.0,daily
2014-04-13,N05B,3.0,daily
2014-04-14,N05B,10.0,daily
2014-04-15,N05B,12.0,daily
2014-04-16,N05B,1.0,daily
2014-04-17,N05B,19.0,daily
2014-04-18,N05B,10.0,daily
2014-04-19,N05B,7.0,daily
2014-04-20,N05B,0.0,daily
2014-04-21,N05B,8.0,daily
2014-04-22,N05B,8.0,daily
2014-04-23,N05B,8.0,daily
2014-04-24,N05B,6.0,daily
2014-04-25,N05B,10.0,daily
2014-04-26,N05B,12.0,daily
2014-04-27,N05B,2.0,daily
2014-04-28,N05B,8.0,daily
2014-04-29,N05B,6.0,daily
2014-04-30,N05B,11.0,daily
2014-05-01,N05B,0.0,daily
2014-05-02,N05B,16.0,daily
2014-05-03,N05B,5.0,daily
2014-05-04,N05B,3.0,daily
2014-05-05,N05B,7.0,daily
2014-05-06,N05B,10.0,daily
2014-05-07,N05B,8.0,daily
2014-05-08,N05B,10.0,daily
2014-05-09,N05B,12.0,daily
2014-05-10,N05B,15.0,daily
2014-05-11,N05B,7.0,daily
2014-05-12,N05B,8.0,daily
2014-05-13,N05B,7.0,daily
2014-05-14,N05B,4.0,daily
2014-05-15,N05B,7.0,daily
2014-05-16,N05B,10.0,daily
2014-05-17,N05B,14.0,daily
2014-05-18,N05B,6.0,daily
2014-05-19,N05B,5.0,daily
2014-05-20,N05B,10.0,daily
2014-05-21,N05B,6.0,daily
2014-05-22,N05B,8.0,daily
2014-05-23,N05B,8.0,daily
2014-05-24,N05B,11.0,daily
2014-05-25,N05B,8.0,daily
2014-05-26,N05B,7.0,daily
2014-05-27,N05B,12.0,daily
2014-05-28,N05B,9.0,daily
2014-05-29,N05B,13.0,daily
2014-05-30,N05B,14.0,daily
2014-05-31,N05B,10.0,daily
2014-06-01,N05B,4.0,daily
2014-06-02,N05B,16.0,daily
2014-06-03,N05B,7.0,daily
2014-06-04,N05B,6.0,daily
2014-06-05,N05B,4.0,daily
2014-06-06,N05B,15.0,daily
2014-06-07,N05B,8.0,daily
2014-06-08,N05B,8.0,daily
2014-06-09,N05B,17.0,daily
2014-06-10,N05B,16.0,daily
2014-06-11,N05B,16.0,daily
2014-06-12,N05B,12.0,daily
2014-06-13,N05B,11.0,daily
2014-06-14,N05B,10.0,daily
2014-06-15,N05B,5.0,daily
2014-06-16,N05B,11.0,daily
2014-06-17,N05B,12.0,daily
2014-06-18,N05B,6.0,daily
2014-06-19,N05B,8.0,daily
2014-06-20,N05B,9.0,daily
2014-06-21,N05B,12.0,daily
2014-06-22,N05B,8.0,daily
2014-06-23,N05B,12.0,daily
2014-06-24,N05B,23.0,daily
2014-06-25,N05B,19.0,daily
2014-06-26,N05B,14.0,daily
2014-06-27,N05B,13.0,daily
2014-06-28,N05B,14.0,daily
2014-06-29,N05B,1.0,daily
2014-06-30,N05B,6.0,daily
2014-07-01,N05B,10.0,daily
2014-07-02,N05B,7.0,daily
2014-07-03,N05B,7.0,daily
2014-07-04,N05B,14.0,daily
2014-07-05,N05B,11.0,daily
2014-07-06,N05B,9.0,daily
2014-07-07,N05B,11.0,daily
2014-07-08,N05B,3.0,daily
2014-07-09,N05B,6.0,daily
2014-07-10,N05B,32.0,daily
2014-07-11,N05B,17.0,daily
2014-07-12,N05B,12.0,daily
2014-07-13,N05B,2.0,daily
2014-07-14,N05B,19.0,daily
2014-07-15,N05B,18.0,daily
2014-07-16,N05B,12.0,daily
2014-07-17,N05B,14.0,daily
2014-07-18,N05B,6.0,daily
2014-07-19,N05B,10.0,daily
2014-07-20,N05B,5.0,daily
2014-07-21,N05B,13.0,daily
2014-07-22,N05B,7.0,daily
2014-07-23,N05B,19.0,daily
2014-07-24,N05B,5.0,daily
2014-07-25,N05B,15.0,daily
2014-07-26,N05B,13.0,daily
2014-07-27,N05B,5.0,daily
2014-07-28,N05B,9.0,daily
2014-07-29,N05B,15.0,daily
2014-07-30,N05B,14.0,daily
2014-07-31,N05B,8.0,daily
2014-08-01,N05B,17.0,daily
2014-08-02,N05B,12.0,daily
2014-08-03,N05B,5.0,daily
2014-08-04,N05B,14.0,daily
2014-08-05,N05B,9.0,daily
2014-08-06,N05B,7.0,daily
2014-08-07,N05B,13.0,daily
2014-08-08,N05B,12.0,daily
2014-08-09,N05B,24.0,daily
2014-08-10,N05B,4.0,daily
2014-08-11,N05B,18.0,daily
2014-08-12,N05B,8.0,daily
2014-08-13,N05B,11.0,daily
2014-08-14,N05B,13.0,daily
2014-08-15,N05B,15.0,daily
2014-08-16,N05B,27.0,daily
2014-08-17,N05B,7.0,daily
2014-08-18,N05B,21.0,daily
2014-08-19,N05B,13.0,daily
2014-08-20,N05B,10.0,daily
2014-08-21,N05B,16.0,daily
2014-08-22,N05B,15.0,daily
2014-08-23,N05B,5.0,daily
2014-08-24,N05B,12.0,daily
2014-08-25,N05B,21.0,daily
2014-08-26,N05B,14.0,daily
2014-08-27,N05B,14.0,daily
2014-08-28,N05B,19.0,daily
2014-08-29,N05B,18.0,daily
2014-08-30,N05B,13.0,daily
2014-08-31,N05B,13.0,daily
2014-09-01,N05B,15.0,daily
2014-09-02,N05B,7.0,daily
2014-09-03,N05B,12.0,daily
2014-09-04,N05B,21.0,daily
2014-09-05,N05B,15.0,daily
2014-09-06,N05B,30.0,daily
2014-09-07,N05B,9.0,daily
2014-09-08,N05B,15.0,daily
2014-09-09,N05B,17.0,daily
2014-09-10,N05B,12.0,daily
2014-09-11,N05B,15.0,daily
2014-09-12,N05B,19.0,daily
2014-09-13,N05B,20.0,daily
2014-09-14,N05B,6.0,daily
2014-09-15,N05B,9.0,daily
2014-09-16,N05B,13.0,daily
2014-09-17,N05B,11.0,daily
2014-09-18,N05B,7.0,daily
2014-09-19,N05B,8.0,daily
2014-09-20,N05B,14.0,daily
2014-09-21,N05B,7.0,daily
2014-09-22,N05B,10.0,daily
2014-09-23,N05B,10.0,daily
2014-09-24,N05B,14.0,daily
2014-09-25,N05B,15.0,daily
2014-09-26,N05B,22.0,daily
2014-09-27,N05B,18.0,daily
2014-09-28,N05B,6.0,daily
2014-09-29,N05B,12.0,daily
2014-09-30,N05B,10.0,daily
2014-10-01,N05B,15.0,daily
2014-10-02,N05B,11.0,daily
2014-10-03,N05B,12.0,daily
2014-10-04,N05B,12.0,daily
2014-10-05,N05B,1.0,daily
2014-10-06,N05B,13.0,daily
2014-10-07,N05B,17.0,daily
2014-10-08,N05B,17.0,daily
2014-10-09,N05B,10.0,daily
2014-10-10,N05B,24.0,daily
2014-10-11,N05B,15.0,daily
2014-10-12,N05B,7.0,daily
2014-10-13,N05B,11.0,daily
2014-10-14,N05B,7.0,daily
2014-10-15,N05B,14.0,daily
2014-10-16,N05B,9.0625,daily
2014-10-17,N05B,22.0,daily
2014-10-18,N05B,24.0,daily
2014-10-19,N05B,9.0,daily
2014-10-20,N05B,25.0,daily
2014-10-21,N05B,11.0,daily
2014-10-22,N05B,7.0,daily
2014-10-23,N05B,7.0,daily
2014-10-24,N05B,18.0,daily
2014-10-25,N05B,21.0,daily
2014-10-26,N05B,6.0,daily
2014-10-27,N05B,17.0,daily
2014-10-28,N05B,23.0,daily
2014-10-29,N05B,20.0,daily
2014-10-30,N05B,11.0,daily
2014-10-31,N05B,16.0,daily
2014-11-01,N05B,22.0,daily
2014-11-02,N05B,3.5,daily
2014-11-03,N05B,19.0,daily
2014-11-04,N05B,15.0,daily
2014-11-05,N05B,19.0,daily
2014-11-06,N05B,23.0,daily
2014-11-07,N05B,32.0,daily
2014-11-08,N05B,24.0,daily
2014-11-09,N05B,20.0,daily
2014-11-10,N05B,13.0,daily
2014-11-11,N05B,18.0,daily
2014-11-12,N05B,16.0,daily
2014-11-13,N05B,10.0,daily
2014-11-14,N05B,20.0,daily
2014-11-15,N05B,20.0,daily
2014-11-16,N05B,13.0,daily
2014-11-17,N05B,23.0,daily
2014-11-18,N05B,10.5,daily
2014-11-19,N05B,17.0,daily
2014-11-20,N05B,13.0,daily
2014-11-21,N05B,16.0,daily
2014-11-22,N05B,15.0,daily
2014-11-23,N05B,11.0,daily
2014-11-24,N05B,19.0,daily
2014-11-25,N05B,18.0,daily
2014-11-26,N05B,13.0,daily
2014-11-27,N05B,9.0,daily
2014-11-28,N05B,12.0,daily
2014-11-29,N05B,16.0,daily
2014-11-30,N05B,9.0,daily
2014-12-01,N05B,19.0,daily
2014-12-02,N05B,26.0,daily
2014-12-03,N05B,23.0,daily
2014-12-04,N05B,16.0,daily
2014-12-05,N05B,15.0,daily
2014-12-06,N05B,9.0,daily
2014-12-07,N05B,6.0,daily
2014-12-08,N05B,9.0,daily
2014-12-09,N05B,12.0,daily
2014-12-10,N05B,28.0,daily
2014-12-11,N05B,21.0,daily
2014-12-12,N05B,18.0,daily
2014-12-13,N05B,11.0,daily
2014-12-14,N05B,10.0,daily
2014-12-15,N05B,14.0,daily
2014-12-16,N05B,23.0,daily
2014-12-17,N05B,17.0,daily
2014-12-18,N05B,9.0,daily
2014-12-19,N05B,0.0,daily
2014-12-20,N05B,9.0,daily
2014-12-21,N05B,6.0,daily
2014-12-22,N05B,43.0,daily
2014-12-23,N05B,13.0,daily
2014-12-24,N05B,16.0,daily
2014-12-25,N05B,16.0,daily
2014-12-26,N05B,25.0,daily
2014-12-27,N05B,26.0,daily
2014-12-28,N05B,15.0,daily
2014-12-29,N05B,5.0,daily
2014-12-30,N05B,18.0,daily
2014-12-31,N05B,14.0,daily
2015-01-01,N05B,0.0,daily
2015-01-02,N05B,13.0,daily
2015-01-03,N05B,11.0,daily
2015-01-04,N05B,4.0,daily
2015-01-05,N05B,14.0,daily
2015-01-06,N05B,13.0,daily
2015-01-07,N05B,0.0,daily
2015-01-08,N05B,13.0,daily
2015-01-09,N05B,33.0,daily
2015-01-10,N05B,14.0,daily
2015-01-11,N05B,11.0,daily
2015-01-12,N05B,18.0,daily
2015-01-13,N05B,14.0,daily
2015-01-14,N05B,20.0,daily
2015-01-15,N05B,13.0,daily
2015-01-16,N05B,16.0,daily
2015-01-17,N05B,18.0,daily
2015-01-18,N05B,16.0,daily
2015-01-19,N05B,12.0,daily
2015-01-20,N05B,24.0,daily
2015-01-21,N05B,17.0,daily
2015-01-22,N05B,19.0,daily
2015-01-23,N05B,14.0,daily
2015-01-24,N05B,31.0,daily
2015-01-25,N05B,11.0,daily
2015-01-26,N05B,15.0,daily
2015-01-27,N05B,14.0,daily
2015-01-28,N05B,18.0,daily
2015-01-29,N05B,16.0,daily
2015-01-30,N05B,19.0,daily
2015-01-31,N05B,12.0,daily
2015-02-01,N05B,7.0,daily
2015-02-02,N05B,14.0,daily
2015-02-03,N05B,18.0,daily
2015-02-04,N05B,6.0,daily
2015-02-05,N05B,12.0,daily
2015-02-06,N05B,7.0,daily
2015-02-07,N05B,9.0,daily
2015-02-08,N05B,8.0,daily
2015-02-09,N05B,8.0,daily
2015-02-10,N05B,11.0,daily
2015-02-11,N05B,16.0,daily
2015-02-12,N05B,11.0,daily
2015-02-13,N05B,11.0,daily
2015-02-14,N05B,13.0,daily
2015-02-15,N05B,7.0,daily
2015-02-16,N05B,4.0,daily
2015-02-17,N05B,3.0,daily
2015-02-18,N05B,4.0,daily
2015-02-19,N05B,2.0,daily
2015-02-20,N05B,5.0,daily
2015-02-21,N05B,9.0,daily
2015-02-22,N05B,7.0,daily
2015-02-23,N05B,9.0,daily
2015-02-24,N05B,11.0,daily
2015-02-25,N05B,8.0,daily
2015-02-26,N05B,13.0,daily
2015-02-27,N05B,1.0,daily
2015-02-28,N05B,9.0,daily
2015-03-01,N05B,3.0,daily
2015-03-02,N05B,6.0,daily
2015-03-03,N05B,14.0,daily
2015-03-04,N05B,4.0,daily
2015-03-05,N05B,2.0,daily
2015-03-06,N05B,4.0,daily
2015-03-07,N05B,0.0,daily
2015-03-08,N05B,9.0,daily
2015-03-09,N05B,10.0,daily
2015-03-10,N05B,6.0,daily
2015-03-11,N05B,9.0,daily
2015-03-12,N05B,5.0,daily
2015-03-13,N05B,11.0,daily
2015-03-14,N05B,9.0,daily
2015-03-15,N05B,3.0,daily
2015-03-16,N05B,8.0,daily
2015-03-17,N05B,9.0,daily
2015-03-18,N05B,5.0,daily
2015-03-19,N05B,7.0,daily
2015-03-20,N05B,13.0,daily
2015-03-21,N05B,4.0,daily
2015-03-22,N05B,9.0,daily
2015-03-23,N05B,5.0,daily
2015-03-24,N05B,8.0,daily
2015-03-25,N05B,10.0,daily
2015-03-26,N05B,10.0,daily
2015-03-27,N05B,3.0,daily
2015-03-28,N05B,6.0,daily
2015-03-29,N05B,7.0,daily
2015-03-30,N05B,4.0,daily
2015-03-31,N05B,5.0,daily
2015-04-01,N05B,7.0,daily
2015-04-02,N05B,3.0,daily
2015-04-03,N05B,12.0,daily
2015-04-04,N05B,7.0,daily
2015-04-05,N05B,4.0,daily
2015-04-06,N05B,4.0,daily
2015-04-07,N05B,8.0,daily
2015-04-08,N05B,11.0,daily
2015-04-09,N05B,8.0,daily
2015-04-10,N05B,5.0,daily
2015-04-11,N05B,9.0,daily
2015-04-12,N05B,0.0,daily
2015-04-13,N05B,5.0,daily
2015-04-14,N05B,5.0,daily
2015-04-15,N05B,15.0,daily
2015-04-16,N05B,7.0,daily
2015-04-17,N05B,6.0,daily
2015-04-18,N05B,1.0,daily
2015-04-19,N05B,3.0,daily
2015-04-20,N05B,13.0,daily
2015-04-21,N05B,9.0,daily
2015-04-22,N05B,3.0,daily
2015-04-23,N05B,8.0,daily
2015-04-24,N05B,5.0,daily
2015-04-25,N05B,3.0,daily
2015-04-26,N05B,5.0,daily
2015-04-27,N05B,10.0,daily
2015-04-28,N05B,7.0,daily
2015-04-29,N05B,2.0,daily
2015-04-30,N05B,7.0,daily
2015-05-01,N05B,4.0,daily
2015-05-02,N05B,6.0,daily
2015-05-03,N05B,4.0,daily
2015-05-04,N05B,5.0,daily
2015-05-05,N05B,6.0,daily
2015-05-06,N05B,11.0,daily
2015-05-07,N05B,4.0,daily
2015-05-08,N05B,8.0,daily
2015-05-09,N05B,11.0,daily
2015-05-10,N05B,3.0,daily
2015-05-11,N05B,3.0,daily
2015-05-12,N05B,13.0,daily
2015-05-13,N05B,5.0,daily
2015-05-14,N05B,1.0,daily
2015-05-15,N05B,8.0,daily
2015-05-16,N05B,4.0,daily
2015-05-17,N05B,0.0,daily
2015-05-18,N05B,6.0,daily
2015-05-19,N05B,8.0,daily
2015-05-20,N05B,12.0,daily
2015-05-21,N05B,5.0,daily
2015-05-22,N05B,8.0,daily
2015-05-23,N05B,10.0,daily
2015-05-24,N05B,5.0,daily
2015-05-25,N05B,11.0,daily
2015-05-26,N05B,11.0,daily
2015-05-27,N05B,7.0,daily
2015-05-28,N05B,3.0,daily
2015-05-29,N05B,6.0,daily
2015-05-30,N05B,4.0,daily
2015-05-31,N05B,2.0,daily
2015-06-01,N05B,12.0,daily
2015-06-02,N05B,10.0,daily
2015-06-03,N05B,9.0,daily
2015-06-04,N05B,5.0,daily
2015-06-05,N05B,6.0,daily
2015-06-06,N05B,6.0,daily
2015-06-07,N05B,6.0,daily
2015-06-08,N05B,10.0,daily
2015-06-09,N05B,14.0,daily
2015-06-10,N05B,6.0,daily
2015-06-11,N05B,11.0,daily
2015-06-12,N05B,2.0,daily
2015-06-13,N05B,6.0,daily
2015-06-14,N05B,6.0,daily
2015-06-15,N05B,9.0,daily
2015-06-16,N05B,6.0,daily
2015-06-17,N05B,10.0,daily
2015-06-18,N05B,4.0,daily
2015-06-19,N05B,13.0,daily
2015-06-20,N05B,5.0,daily
2015-06-21,N05B,5.0,daily
2015-06-22,N05B,0.0,daily
2015-06-23,N05B,7.0,daily
2015-06-24,N05B,5.0,daily
2015-06-25,N05B,4.0,daily
2015-06-26,N05B,3.0,daily
2015-06-27,N05B,10.0,daily
2015-06-28,N05B,0.0,daily
2015-06-29,N05B,15.0,daily
2015-06-30,N05B,12.0,daily
2015-07-01,N05B,14.0,daily
2015-07-02,N05B,3.0,daily
2015-07-03,N05B,10.0,daily
2015-07-04,N05B,2.0,daily
2015-07-05,N05B,10.0,daily
2015-07-06,N05B,8.0,daily
2015-07-07,N05B,5.0,daily
2015-07-08,N05B,6.0,daily
2015-07-09,N05B,4.0,daily
2015-07-10,N05B,15.0,daily
2015-07-11,N05B,9.0,daily
2015-07-12,N05B,5.0,daily
2015-07-13,N05B,5.0,daily
2015-07-14,N05B,1.0,daily
2015-07-15,N05B,5.0,daily
2015-07-16,N05B,3.0,daily
2015-07-17,N05B,3.0,daily
2015-07-18,N05B,8.0,daily
2015-07-19,N05B,1.0,daily
2015-07-20,N05B,4.0,daily
2015-07-21,N05B,7.0,daily
2015-07-22,N05B,10.0,daily
2015-07-23,N05B,3.0,daily
2015-07-24,N05B,9.0,daily
2015-07-25,N05B,7.0,daily
2015-07-26,N05B,4.0,daily
2015-07-27,N05B,9.0,daily
2015-07-28,N05B,14.0,daily
2015-07-29,N05B,8.0,daily
2015-07-30,N05B,3.0,daily
2015-07-31,N05B,8.0,daily
2015-08-01,N05B,14.0,daily
2015-08-02,N05B,9.0,daily
2015-08-03,N05B,3.5,daily
2015-08-04,N05B,5.0,daily
2015-08-05,N05B,3.5,daily
2015-08-06,N05B,11.0,daily
2015-08-07,N05B,9.0,daily
2015-08-08,N05B,5.0,daily
2015-08-09,N05B,5.0,daily
2015-08-10,N05B,12.5,daily
2015-08-11,N05B,10.0,daily
2015-08-12,N05B,9.5,daily
2015-08-13,N05B,9.0,daily
2015-08-14,N05B,5.0,daily
2015-08-15,N05B,14.0,daily
2015-08-16,N05B,4.0,daily
2015-08-17,N05B,6.0,daily
2015-08-18,N05B,16.0,daily
2015-08-19,N05B,15.0,daily
2015-08-20,N05B,6.0,daily
2015-08-21,N05B,8.0,daily
2015-08-22,N05B,6.0,daily
2015-08-23,N05B,8.0,daily
2015-08-24,N05B,8.0,daily
2015-08-25,N05B,20.0,daily
2015-08-26,N05B,7.0,daily
2015-08-27,N05B,8.0,daily
2015-08-28,N05B,12.0,daily
2015-08-29,N05B,4.0,daily
2015-08-30,N05B,3.0,daily
2015-08-31,N05B,9.5,daily
2015-09-01,N05B,8.0,daily
2015-09-02,N05B,9.5,daily
2015-09-03,N05B,13.0,daily
2015-09-04,N05B,8.0,daily
2015-09-05,N05B,10.5,daily
2015-09-06,N05B,8.0,daily
2015-09-07,N05B,7.0,daily
2015-09-08,N05B,4.0,daily
2015-09-09,N05B,8.0,daily
2015-09-10,N05B,18.0,daily
2015-09-11,N05B,9.0,daily
2015-09-12,N05B,6.0,daily
2015-09-13,N05B,4.0,daily
2015-09-14,N05B,14.0,daily
2015-09-15,N05B,7.5,daily
2015-09-16,N05B,6.0,daily
2015-09-17,N05B,3.0,daily
2015-09-18,N05B,4.0,daily
2015-09-19,N05B,7.0,daily
2015-09-20,N05B,15.0,daily
2015-09-21,N05B,6.0,daily
2015-09-22,N05B,10.0,daily
2015-09-23,N05B,7.0,daily
2015-09-24,N05B,7.0,daily
2015-09-25,N05B,11.0,daily
2015-09-26,N05B,6.0,daily
2015-09-27,N05B,3.0,daily
2015-09-28,N05B,8.0,daily
2015-09-29,N05B,7.0,daily
2015-09-30,N05B,9.0,daily
2015-10-01,N05B,2.0,daily
2015-10-02,N05B,5.0,daily
2015-10-03,N05B,7.0,daily
2015-10-04,N05B,3.0,daily
2015-10-05,N05B,11.0,daily
2015-10-06,N05B,9.0,daily
2015-10-07,N05B,8.0,daily
2015-10-08,N05B,5.0,daily
2015-10-09,N05B,13.0,daily
2015-10-10,N05B,19.5,daily
2015-10-11,N05B,8.0,daily
2015-10-12,N05B,12.0,daily
2015-10-13,N05B,5.5,daily
2015-10-14,N05B,7.0,daily
2015-10-15,N05B,4.0,daily
2015-10-16,N05B,2.0,daily
2015-10-17,N05B,8.0,daily
2015-10-18,N05B,3.0,daily
2015-10-19,N05B,3.0,daily
2015-10-20,N05B,6.0,daily
2015-10-21,N05B,9.0,daily
2015-10-22,N05B,9.0,daily
2015-10-23,N05B,3.0,daily
2015-10-24,N05B,8.0,daily
2015-10-25,N05B,4.0,daily
2015-10-26,N05B,8.0,daily
2015-10-27,N05B,7.0,daily
2015-10-28,N05B,11.0,daily
2015-10-29,N05B,8.0,daily
2015-10-30,N05B,8.0,daily
2015-10-31,N05B,6.0,daily
2015-11-01,N05B,11.0,daily
2015-11-02,N05B,7.0,daily
2015-11-03,N05B,5.0,daily
2015-11-04,N05B,18.0,daily
2015-11-05,N05B,3.0,daily
2015-11-06,N05B,5.0,daily
2015-11-07,N05B,15.0,daily
2015-11-08,N05B,7.0,daily
2015-11-09,N05B,3.0,daily
2015-11-10,N05B,8.0,daily
2015-11-11,N05B,4.0,daily
2015-11-12,N05B,11.0,daily
2015-11-13,N05B,13.0,daily
2015-11-14,N05B,5.0,daily
2015-11-15,N05B,8.0,daily
2015-11-16,N05B,9.0,daily
2015-11-17,N05B,1.0,daily
2015-11-18,N05B,11.0,daily
2015-11-19,N05B,22.0,daily
2015-11-20,N05B,2.0,daily
2015-11-21,N05B,4.0,daily
2015-11-22,N05B,6.0,daily
2015-11-23,N05B,3.0,daily
2015-11-24,N05B,12.0,daily
2015-11-25,N05B,11.0,daily
2015-11-26,N05B,8.0,daily
2015-11-27,N05B,7.0,daily
2015-11-28,N05B,3.0,daily
2015-11-29,N05B,1.0,daily
2015-11-30,N05B,5.0,daily
2015-12-01,N05B,4.0,daily
2015-12-02,N05B,23.0,daily
2015-12-03,N05B,6.0,daily
2015-12-04,N05B,9.0,daily
2015-12-05,N05B,2.0,daily
2015-12-06,N05B,5.0,daily
2015-12-07,N05B,6.0,daily
2015-12-08,N05B,8.0,daily
2015-12-09,N05B,16.0,daily
2015-12-10,N05B,9.0,daily
2015-12-11,N05B,9.0,daily
2015-12-12,N05B,5.0,daily
2015-12-13,N05B,5.0,daily
2015-12-14,N05B,11.0,daily
2015-12-15,N05B,3.0,daily
2015-12-16,N05B,11.0,daily
2015-12-17,N05B,7.0,daily
2015-12-18,N05B,12.0,daily
2015-12-19,N05B,0.0,daily
2015-12-20,N05B,3.0,daily
2015-12-21,N05B,14.0,daily
2015-12-22,N05B,6.0,daily
2015-12-23,N05B,3.0,daily
2015-12-24,N05B,5.0,daily
2015-12-25,N05B,28.0,daily
2015-12-26,N05B,15.0,daily
2015-12-27,N05B,4.0,daily
2015-12-28,N05B,18.0,daily
2015-12-29,N05B,9.0,daily
2015-12-30,N05B,12.0,daily
2015-12-31,N05B,18.0,daily
2016-01-01,N05B,0.0,daily
2016-01-02,N05B,0.0,daily
2016-01-03,N05B,1.0,daily
2016-01-04,N05B,6.0,daily
2016-01-05,N05B,15.0,daily
2016-01-06,N05B,2.0,daily
2016-01-07,N05B,0.0,daily
2016-01-08,N05B,8.0,daily
2016-01-09,N05B,9.0,daily
2016-01-10,N05B,8.0,daily
2016-01-11,N05B,18.0,daily
2016-01-12,N05B,8.0,daily
2016-01-13,N05B,15.0,daily
2016-01-14,N05B,18.0,daily
2016-01-15,N05B,8.0,daily
2016-01-16,N05B,11.0,daily
2016-01-17,N05B,4.0,daily
2016-01-18,N05B,3.0,daily
2016-01-19,N05B,7.0,daily
2016-01-20,N05B,29.0,daily
2016-01-21,N05B,8.0,daily
2016-01-22,N05B,11.0,daily
2016-01-23,N05B,4.0,daily
2016-01-24,N05B,3.0,daily
2016-01-25,N05B,12.0,daily
2016-01-26,N05B,9.0,daily
2016-01-27,N05B,18.0,daily
2016-01-28,N05B,4.0,daily
2016-01-29,N05B,3.0,daily
2016-01-30,N05B,3.0,daily
2016-01-31,N05B,3.0,daily
2016-02-01,N05B,7.0,daily
2016-02-02,N05B,6.0,daily
2016-02-03,N05B,11.0,daily
2016-02-04,N05B,5.0,daily
2016-02-05,N05B,7.0,daily
2016-02-06,N05B,1.0,daily
2016-02-07,N05B,2.0,daily
2016-02-08,N05B,5.0,daily
2016-02-09,N05B,16.0,daily
2016-02-10,N05B,29.0,daily
2016-02-11,N05B,10.0,daily
2016-02-12,N05B,4.0,daily
2016-02-13,N05B,2.0,daily
2016-02-14,N05B,5.0,daily
2016-02-15,N05B,6.0,daily
2016-02-16,N05B,3.0,daily
2016-02-17,N05B,12.0,daily
2016-02-18,N05B,3.0,daily
2016-02-19,N05B,18.0,daily
2016-02-20,N05B,5.0,daily
2016-02-21,N05B,5.0,daily
2016-02-22,N05B,10.0,daily
2016-02-23,N05B,11.0,daily
2016-02-24,N05B,6.0,daily
2016-02-25,N05B,22.0,daily
2016-02-26,N05B,6.0,daily
2016-02-27,N05B,3.0,daily
2016-02-28,N05B,6.0,daily
2016-02-29,N05B,13.0,daily
2016-03-01,N05B,11.0,daily
2016-03-02,N05B,15.0,daily
2016-03-03,N05B,2.0,daily
2016-03-04,N05B,3.0,daily
2016-03-05,N05B,9.0,daily
2016-03-06,N05B,2.0,daily
2016-03-07,N05B,3.0,daily
2016-03-08,N05B,7.0,daily
2016-03-09,N05B,7.0,daily
2016-03-10,N05B,8.0,daily
2016-03-11,N05B,8.0,daily
2016-03-12,N05B,4.0,daily
2016-03-13,N05B,4.0,daily
2016-03-14,N05B,12.0,daily
2016-03-15,N05B,7.0,daily
2016-03-16,N05B,16.0,daily
2016-03-17,N05B,10.0,daily
2016-03-18,N05B,15.0,daily
2016-03-19,N05B,6.0,daily
2016-03-20,N05B,1.0,daily
2016-03-21,N05B,11.0,daily
2016-03-22,N05B,12.0,daily
2016-03-23,N05B,22.0,daily
2016-03-24,N05B,4.0,daily
2016-03-25,N05B,8.0,daily
2016-03-26,N05B,4.0,daily
2016-03-27,N05B,11.0,daily
2016-03-28,N05B,20.0,daily
2016-03-29,N05B,4.0,daily
2016-03-30,N05B,3.0,daily
2016-03-31,N05B,1.0,daily
2016-04-01,N05B,4.0,daily
2016-04-02,N05B,4.0,daily
2016-04-03,N05B,5.0,daily
2016-04-04,N05B,3.0,daily
2016-04-05,N05B,5.0,daily
2016-04-06,N05B,7.0,daily
2016-04-07,N05B,7.0,daily
2016-04-08,N05B,2.0,daily
2016-04-09,N05B,7.0,daily
2016-04-10,N05B,4.0,daily
2016-04-11,N05B,11.0,daily
2016-04-12,N05B,19.0,daily
2016-04-13,N05B,22.33333333,daily
2016-04-14,N05B,9.0,daily
2016-04-15,N05B,6.0,daily
2016-04-16,N05B,11.0,daily
2016-04-17,N05B,2.0,daily
2016-04-18,N05B,15.0,daily
2016-04-19,N05B,7.0,daily
2016-04-20,N05B,11.0,daily
2016-04-21,N05B,6.0,daily
2016-04-22,N05B,4.0,daily
2016-04-23,N05B,8.0,daily
2016-04-24,N05B,3.0,daily
2016-04-25,N05B,20.0,daily
2016-04-26,N05B,19.0,daily
2016-04-27,N05B,27.0,daily
2016-04-28,N05B,17.66666667,daily
2016-04-29,N05B,15.0,daily
2016-04-30,N05B,11.0,daily
2016-05-01,N05B,0.0,daily
2016-05-02,N05B,7.0,daily
2016-05-03,N05B,3.0,daily
2016-05-04,N05B,4.0,daily
2016-05-05,N05B,16.0,daily
2016-05-06,N05B,7.0,daily
2016-05-07,N05B,5.0,daily
2016-05-08,N05B,12.0,daily
2016-05-09,N05B,3.0,daily
2016-05-10,N05B,4.0,daily
2016-05-11,N05B,13.0,daily
2016-05-12,N05B,8.0,daily
2016-05-13,N05B,9.0,daily
2016-05-14,N05B,13.0,daily
2016-05-15,N05B,6.0,daily
2016-05-16,N05B,17.0,daily
2016-05-17,N05B,4.0,daily
2016-05-18,N05B,7.0,daily
2016-05-19,N05B,10.0,daily
2016-05-20,N05B,14.0,daily
2016-05-21,N05B,3.0,daily
2016-05-22,N05B,6.0,daily
2016-05-23,N05B,19.0,daily
2016-05-24,N05B,3.0,daily
2016-05-25,N05B,16.0,daily
2016-05-26,N05B,20.0,daily
2016-05-27,N05B,14.0,daily
2016-05-28,N05B,4.0,daily
2016-05-29,N05B,2.0,daily
2016-05-30,N05B,3.0,daily
2016-05-31,N05B,3.0,daily
2016-06-01,N05B,11.0,daily
2016-06-02,N05B,18.0,daily
2016-06-03,N05B,8.0,daily
2016-06-04,N05B,2.0,daily
2016-06-05,N05B,5.0,daily
2016-06-06,N05B,5.0,daily
2016-06-07,N05B,13.0,daily
2016-06-08,N05B,10.0,daily
2016-06-09,N05B,7.0,daily
2016-06-10,N05B,11.0,daily
2016-06-11,N05B,4.0,daily
2016-06-12,N05B,8.0,daily
2016-06-13,N05B,7.0,daily
2016-06-14,N05B,17.0,daily
2016-06-15,N05B,22.0,daily
2016-06-16,N05B,4.0,daily
2016-06-17,N05B,8.0,daily
2016-06-18,N05B,1.0,daily
2016-06-19,N05B,1.0,daily
2016-06-20,N05B,5.0,daily
2016-06-21,N05B,15.0,daily
2016-06-22,N05B,6.0,daily
2016-06-23,N05B,5.0,daily
2016-06-24,N05B,15.0,daily
2016-06-25,N05B,5.0,daily
2016-06-26,N05B,20.0,daily
2016-06-27,N05B,9.0,daily
2016-06-28,N05B,20.0,daily
2016-06-29,N05B,12.5,daily
2016-06-30,N05B,6.0,daily
2016-07-01,N05B,1.0,daily
2016-07-02,N05B,9.0,daily
2016-07-03,N05B,4.0,daily
2016-07-04,N05B,8.0,daily
2016-07-05,N05B,10.0,daily
2016-07-06,N05B,5.0,daily
2016-07-07,N05B,11.0,daily
2016-07-08,N05B,12.0,daily
2016-07-09,N05B,12.0,daily
2016-07-10,N05B,6.0,daily
2016-07-11,N05B,9.0,daily
2016-07-12,N05B,14.0,daily
2016-07-13,N05B,11.0,daily
2016-07-14,N05B,3.0,daily
2016-07-15,N05B,4.0,daily
2016-07-16,N05B,6.0,daily
2016-07-17,N05B,3.0,daily
2016-07-18,N05B,2.0,daily
2016-07-19,N05B,5.0,daily
2016-07-20,N05B,6.0,daily
2016-07-21,N05B,15.0,daily
2016-07-22,N05B,4.0,daily
2016-07-23,N05B,6.0,daily
2016-07-24,N05B,4.0,daily
2016-07-25,N05B,9.0,daily
2016-07-26,N05B,16.0,daily
2016-07-27,N05B,4.0,daily
2016-07-28,N05B,12.0,daily
2016-07-29,N05B,17.0,daily
2016-07-30,N05B,7.0,daily
2016-07-31,N05B,5.0,daily
2016-08-01,N05B,7.5,daily
2016-08-02,N05B,12.0,daily
2016-08-03,N05B,11.0,daily
2016-08-04,N05B,12.0,daily
2016-08-05,N05B,24.0,daily
2016-08-06,N05B,33.0,daily
2016-08-07,N05B,12.0,daily
2016-08-08,N05B,36.0,daily
2016-08-09,N05B,26.0,daily
2016-08-10,N05B,11.0,daily
2016-08-11,N05B,1.0,daily
2016-08-12,N05B,6.0,daily
2016-08-13,N05B,2.0,daily
2016-08-14,N05B,2.0,daily
2016-08-15,N05B,11.0,daily
2016-08-16,N05B,4.0,daily
2016-08-17,N05B,7.0,daily
2016-08-18,N05B,7.0,daily
2016-08-19,N05B,12.0,daily
2016-08-20,N05B,1.0,daily
2016-08-21,N05B,3.0,daily
2016-08-22,N05B,3.0,daily
2016-08-23,N05B,7.0,daily
2016-08-24,N05B,2.0,daily
2016-08-25,N05B,4.0,daily
2016-08-26,N05B,3.0,daily
2016-08-27,N05B,2.0,daily
2016-08-28,N05B,3.0,daily
2016-08-29,N05B,4.0,daily
2016-08-30,N05B,4.0,daily
2016-08-31,N05B,3.0,daily
2016-09-01,N05B,2.0,daily
2016-09-02,N05B,25.0,daily
2016-09-03,N05B,5.0,daily
2016-09-04,N05B,10.0,daily
2016-09-05,N05B,8.0,daily
2016-09-06,N05B,14.0,daily
2016-09-07,N05B,14.0,daily
2016-09-08,N05B,8.0,daily
2016-09-09,N05B,11.0,daily
2016-09-10,N05B,9.0,daily
2016-09-11,N05B,8.0,daily
2016-09-12,N05B,10.0,daily
2016-09-13,N05B,13.0,daily
2016-09-14,N05B,7.0,daily
2016-09-15,N05B,31.0,daily
2016-09-16,N05B,17.0,daily
2016-09-17,N05B,11.0,daily
2016-09-18,N05B,4.0,daily
2016-09-19,N05B,11.0,daily
2016-09-20,N05B,14.0,daily
2016-09-21,N05B,12.0,daily
2016-09-22,N05B,6.0,daily
2016-09-23,N05B,13.0,daily
2016-09-24,N05B,8.0,daily
2016-09-25,N05B,3.0,daily
2016-09-26,N05B,4.0,daily
2016-09-27,N05B,17.0,daily
2016-09-28,N05B,3.0,daily
2016-09-29,N05B,4.0,daily
2016-09-30,N05B,5.0,daily
2016-10-01,N05B,5.0,daily
2016-10-02,N05B,6.0,daily
2016-10-03,N05B,2.0,daily
2016-10-04,N05B,8.0,daily
2016-10-05,N05B,8.0,daily
2016-10-06,N05B,4.0,daily
2016-10-07,N05B,4.0,daily
2016-10-08,N05B,2.0,daily
2016-10-09,N05B,2.0,daily
2016-10-10,N05B,1.0,daily
2016-10-11,N05B,54.83333333,daily
2016-10-12,N05B,18.0,daily
2016-10-13,N05B,20.0,daily
2016-10-14,N05B,22.0,daily
2016-10-15,N05B,16.0,daily
2016-10-16,N05B,3.0,daily
2016-10-17,N05B,1.0,daily
2016-10-18,N05B,9.0,daily
2016-10-19,N05B,11.0,daily
2016-10-20,N05B,2.0,daily
2016-10-21,N05B,5.0,daily
2016-10-22,N05B,3.0,daily
2016-10-23,N05B,10.0,daily
2016-10-24,N05B,1.0,daily
2016-10-25,N05B,10.0,daily
2016-10-26,N05B,10.0,daily
2016-10-27,N05B,10.0,daily
2016-10-28,N05B,9.0,daily
2016-10-29,N05B,23.0,daily
2016-10-30,N05B,5.0,daily
2016-10-31,N05B,6.0,daily
2016-11-01,N05B,18.0,daily
2016-11-02,N05B,1.0,daily
2016-11-03,N05B,3.0,daily
2016-11-04,N05B,14.0,daily
2016-11-05,N05B,9.0,daily
2016-11-06,N05B,3.0,daily
2016-11-07,N05B,9.0,daily
2016-11-08,N05B,19.16666667,daily
2016-11-09,N05B,18.0,daily
2016-11-10,N05B,5.0,daily
2016-11-11,N05B,6.0,daily
2016-11-12,N05B,10.0,daily
2016-11-13,N05B,0.0,daily
2016-11-14,N05B,5.0,daily
2016-11-15,N05B,27.0,daily
2016-11-16,N05B,5.0,daily
2016-11-17,N05B,0.0,daily
2016-11-18,N05B,7.0,daily
2016-11-19,N05B,3.0,daily
2016-11-20,N05B,3.0,daily
2016-11-21,N05B,1.0,daily
2016-11-22,N05B,3.0,daily
2016-11-23,N05B,5.0,daily
2016-11-24,N05B,2.0,daily
2016-11-25,N05B,20.0,daily
2016-11-26,N05B,9.0,daily
2016-11-27,N05B,5.0,daily
2016-11-28,N05B,5.0,daily
2016-11-29,N05B,6.0,daily
2016-11-30,N05B,13.0,daily
2016-12-01,N05B,8.0,daily
2016-12-02,N05B,14.0,daily
2016-12-03,N05B,2.0,daily
2016-12-04,N05B,4.0,daily
2016-12-05,N05B,6.0,daily
2016-12-06,N05B,4.0,daily
2016-12-07,N05B,8.0,daily
2016-12-08,N05B,9.0,daily
2016-12-09,N05B,2.0,daily
2016-12-10,N05B,1.0,daily
2016-12-11,N05B,7.0,daily
2016-12-12,N05B,28.33333333,daily
2016-12-13,N05B,0.0,daily
2016-12-14,N05B,21.0,daily
2016-12-15,N05B,8.0,daily
2016-12-16,N05B,8.0,daily
2016-12-17,N05B,10.0,daily
2016-12-18,N05B,13.0,daily
2016-12-19,N05B,0.0,daily
2016-12-20,N05B,12.0,daily
2016-12-21,N05B,5.0,daily
2016-12-22,N05B,1.0,daily
2016-12-23,N05B,6.0,daily
2016-12-24,N05B,4.0,daily
2016-12-25,N05B,0.0,daily
2016-12-26,N05B,6.0,daily
2016-12-27,N05B,8.0,daily
2016-12-28,N05B,7.0,daily
2016-12-29,N05B,4.0,daily
2016-12-30,N05B,13.0,daily
2016-12-31,N05B,7.0,daily
2017-01-01,N05B,8.75,daily
2017-01-02,N05B,0.0,daily
2017-01-03,N05B,8.75,daily
2017-01-04,N05B,10.0,daily
2017-01-05,N05B,14.58333333,daily
2017-01-06,N05B,10.83333333,daily
2017-01-07,N05B,8.75,daily
2017-01-08,N05B,10.0,daily
2017-01-09,N05B,9.166666667,daily
2017-01-10,N05B,25.0,daily
2017-01-11,N05B,20.0,daily
2017-01-12,N05B,14.16666667,daily
2017-01-13,N05B,19.58333333,daily
2017-01-14,N05B,16.66666667,daily
2017-01-15,N05B,15.41666667,daily
2017-01-16,N05B,12.5,daily
2017-01-17,N05B,13.33333333,daily
2017-01-18,N05B,16.66666667,daily
2017-01-19,N05B,15.83333333,daily
2017-01-20,N05B,23.33333333,daily
2017-01-21,N05B,15.0,daily
2017-01-22,N05B,19.16666667,daily
2017-01-23,N05B,15.83333333,daily
2017-01-24,N05B,11.25,daily
2017-01-25,N05B,18.75,daily
2017-01-26,N05B,13.75,daily
2017-01-27,N05B,21.25,daily
2017-01-28,N05B,9.166666667,daily
2017-01-29,N05B,15.83333333,daily
2017-01-30,N05B,17.08333333,daily
2017-01-31,N05B,13.33333333,daily
2017-02-01,N05B,10.83333333,daily
2017-02-02,N05B,9.166666667,daily
2017-02-03,N05B,15.83333333,daily
2017-02-04,N05B,12.08333333,daily
2017-02-05,N05B,1.0,daily
2017-02-06,N05B,3.0,daily
2017-02-07,N05B,3.0,daily
2017-02-08,N05B,7.0,daily
2017-02-09,N05B,6.0,daily
2017-02-10,N05B,5.0,daily
2017-02-11,N05B,11.0,daily
2017-02-12,N05B,4.0,daily
2017-02-13,N05B,0.0,daily
2017-02-14,N05B,0.0,daily
2017-02-15,N05B,1.0,daily
2017-02-16,N05B,2.0,daily
2017-02-17,N05B,4.0,daily
2017-02-18,N05B,10.0,daily
2017-02-19,N05B,1.0,daily
2017-02-20,N05B,2.0,daily
2017-02-21,N05B,14.0,daily
2017-02-22,N05B,9.0,daily
2017-02-23,N05B,5.0,daily
2017-02-24,N05B,10.0,daily
2017-02-25,N05B,6.875,daily
2017-02-26,N05B,3.0,daily
2017-02-27,N05B,14.0,daily
2017-02-28,N05B,9.0,daily
2017-03-01,N05B,17.0,daily
2017-03-02,N05B,1.0,daily
2017-03-03,N05B,9.0,daily
2017-03-04,N05B,0.0,daily
2017-03-05,N05B,3.0,daily
2017-03-06,N05B,1.0,daily
2017-03-07,N05B,4.0,daily
2017-03-08,N05B,4.0,daily
2017-03-09,N05B,6.0,daily
2017-03-10,N05B,8.0,daily
2017-03-11,N05B,2.0,daily
2017-03-12,N05B,6.0,daily
2017-03-13,N05B,2.0,daily
2017-03-14,N05B,5.0,daily
2017-03-15,N05B,4.0,daily
2017-03-16,N05B,4.0,daily
2017-03-17,N05B,14.0,daily
2017-03-18,N05B,3.0,daily
2017-03-19,N05B,3.0,daily
2017-03-20,N05B,3.0,daily
2017-03-21,N05B,4.0,daily
2017-03-22,N05B,7.0,daily
2017-03-23,N05B,8.0,daily
2017-03-24,N05B,7.0,daily
2017-03-25,N05B,3.0,daily
2017-03-26,N05B,4.0,daily
2017-03-27,N05B,5.0,daily
2017-03-28,N05B,14.0,daily
2017-03-29,N05B,3.0,daily
2017-03-30,N05B,9.0,daily
2017-03-31,N05B,2.0,daily
2017-04-01,N05B,2.0,daily
2017-04-02,N05B,4.0,daily
2017-04-03,N05B,8.0,daily
2017-04-04,N05B,2.0,daily
2017-04-05,N05B,9.0,daily
2017-04-06,N05B,4.0,daily
2017-04-07,N05B,5.0,daily
2017-04-08,N05B,3.0,daily
2017-04-09,N05B,3.0,daily
2017-04-10,N05B,1.0,daily
2017-04-11,N05B,5.0,daily
2017-04-12,N05B,10.0,daily
2017-04-13,N05B,1.0,daily
2017-04-14,N05B,3.0,daily
2017-04-15,N05B,1.0,daily
2017-04-16,N05B,0.0,daily
2017-04-17,N05B,1.0,daily
2017-04-18,N05B,8.0,daily
2017-04-19,N05B,2.0,daily
2017-04-20,N05B,10.0,daily
2017-04-21,N05B,3.0,daily
2017-04-22,N05B,7.0,daily
2017-04-23,N05B,7.0,daily
2017-04-24,N05B,9.0,daily
2017-04-25,N05B,4.0,daily
2017-04-26,N05B,3.0,daily
2017-04-27,N05B,10.0,daily
2017-04-28,N05B,2.0,daily
2017-04-29,N05B,3.0,daily
2017-04-30,N05B,2.0,daily
2017-05-01,N05B,0.0,daily
2017-05-02,N05B,5.0,daily
2017-05-03,N05B,6.0,daily
2017-05-04,N05B,4.0,daily
2017-05-05,N05B,8.0,daily
2017-05-06,N05B,4.0,daily
2017-05-07,N05B,3.0,daily
2017-05-08,N05B,8.0,daily
2017-05-09,N05B,4.0,daily
2017-05-10,N05B,4.0,daily
2017-05-11,N05B,6.0,daily
2017-05-12,N05B,4.0,daily
2017-05-13,N05B,4.0,daily
2017-05-14,N05B,6.0,daily
2017-05-15,N05B,0.0,daily
2017-05-16,N05B,2.0,daily
2017-05-17,N05B,5.0,daily
2017-05-18,N05B,4.0,daily
2017-05-19,N05B,11.0,daily
2017-05-20,N05B,5.0,daily
2017-05-21,N05B,5.0,daily
2017-05-22,N05B,5.0,daily
2017-05-23,N05B,9.0,daily
2017-05-24,N05B,9.0,daily
2017-05-25,N05B,3.0,daily
2017-05-26,N05B,4.0,daily
2017-05-27,N05B,5.0,daily
2017-05-28,N05B,2.0,daily
2017-05-29,N05B,4.0,daily
2017-05-30,N05B,3.0,daily
2017-05-31,N05B,6.0,daily
2017-06-01,N05B,10.0,daily
2017-06-02,N05B,9.0,daily
2017-06-03,N05B,3.0,daily
2017-06-04,N05B,3.0,daily
2017-06-05,N05B,5.0,daily
2017-06-06,N05B,3.0,daily
2017-06-07,N05B,13.0,daily
2017-06-08,N05B,4.0,daily
2017-06-09,N05B,2.0,daily
2017-06-10,N05B,2.0,daily
2017-06-11,N05B,8.0,daily
2017-06-12,N05B,3.0,daily
2017-06-13,N05B,9.0,daily
2017-06-14,N05B,6.0,daily
2017-06-15,N05B,10.0,daily
2017-06-16,N05B,6.0,daily
2017-06-17,N05B,4.0,daily
2017-06-18,N05B,2.0,daily
2017-06-19,N05B,1.0,daily
2017-06-20,N05B,5.0,daily
2017-06-21,N05B,4.0,daily
2017-06-22,N05B,4.0,daily
2017-06-23,N05B,5.0,daily
2017-06-24,N05B,8.0,daily
2017-06-25,N05B,4.0,daily
2017-06-26,N05B,11.0,daily
2017-06-27,N05B,9.0,daily
2017-06-28,N05B,7.0,daily
2017-06-29,N05B,1.0,daily
2017-06-30,N05B,2.0,daily
2017-07-01,N05B,5.0,daily
2017-07-02,N05B,6.0,daily
2017-07-03,N05B,11.0,daily
2017-07-04,N05B,7.0,daily
2017-07-05,N05B,20.0,daily
2017-07-06,N05B,3.0,daily
2017-07-07,N05B,6.0,daily
2017-07-08,N05B,12.0,daily
2017-07-09,N05B,4.0,daily
2017-07-10,N05B,5.0,daily
2017-07-11,N05B,2.0,daily
2017-07-12,N05B,12.0,daily
2017-07-13,N05B,5.0,daily
2017-07-14,N05B,8.0,daily
2017-07-15,N05B,3.0,daily
2017-07-16,N05B,6.0,daily
2017-07-17,N05B,6.0,daily
2017-07-18,N05B,8.0,daily
2017-07-19,N05B,6.0,daily
2017-07-20,N05B,11.0,daily
2017-07-21,N05B,5.0,daily
2017-07-22,N05B,3.0,daily
2017-07-23,N05B,4.0,daily
2017-07-24,N05B,6.0,daily
2017-07-25,N05B,5.0,daily
2017-07-26,N05B,11.0,daily
2017-07-27,N05B,8.0,daily
2017-07-28,N05B,10.0,daily
2017-07-29,N05B,1.0,daily
2017-07-30,N05B,11.0,daily
2017-07-31,N05B,9.0,daily
2017-08-01,N05B,3.0,daily
2017-08-02,N05B,2.0,daily
2017-08-03,N05B,8.0,daily
2017-08-04,N05B,11.0,daily
2017-08-05,N05B,2.0,daily
2017-08-06,N05B,6.0,daily
2017-08-07,N05B,9.0,daily
2017-08-08,N05B,8.0,daily
2017-08-09,N05B,15.0,daily
2017-08-10,N05B,19.0,daily
2017-08-11,N05B,6.0,daily
2017-08-12,N05B,4.0,daily
2017-08-13,N05B,5.0,daily
2017-08-14,N05B,4.0,daily
2017-08-15,N05B,11.0,daily
2017-08-16,N05B,13.0,daily
2017-08-17,N05B,8.0,daily
2017-08-18,N05B,4.0,daily
2017-08-19,N05B,10.0,daily
2017-08-20,N05B,6.0,daily
2017-08-21,N05B,4.0,daily
2017-08-22,N05B,3.0,daily
2017-08-23,N05B,8.0,daily
2017-08-24,N05B,13.0,daily
2017-08-25,N05B,17.0,daily
2017-08-26,N05B,10.0,daily
2017-08-27,N05B,5.0,daily
2017-08-28,N05B,12.0,daily
2017-08-29,N05B,5.0,daily
2017-08-30,N05B,4.0,daily
2017-08-31,N05B,4.0,daily
2017-09-01,N05B,8.0,daily
2017-09-02,N05B,8.0,daily
2017-09-03,N05B,7.0,daily
2017-09-04,N05B,7.0,daily
2017-09-05,N05B,7.0,daily
2017-09-06,N05B,6.0,daily
2017-09-07,N05B,2.0,daily
2017-09-08,N05B,8.0,daily
2017-09-09,N05B,7.0,daily
2017-09-10,N05B,7.0,daily
2017-09-11,N05B,16.0,daily
2017-09-12,N05B,6.0,daily
2017-09-13,N05B,16.0,daily
2017-09-14,N05B,6.0,daily
2017-09-15,N05B,12.0,daily
2017-09-16,N05B,11.0,daily
2017-09-17,N05B,6.0,daily
2017-09-18,N05B,7.0,daily
2017-09-19,N05B,6.0,daily
2017-09-20,N05B,6.0,daily
2017-09-21,N05B,8.0,daily
2017-09-22,N05B,2.0,daily
2017-09-23,N05B,12.0,daily
2017-09-24,N05B,7.0,daily
2017-09-25,N05B,7.0,daily
2017-09-26,N05B,4.0,daily
2017-09-27,N05B,7.0,daily
2017-09-28,N05B,3.0,daily
2017-09-29,N05B,8.0,daily
2017-09-30,N05B,6.0,daily
2017-10-01,N05B,7.0,daily
2017-10-02,N05B,3.0,daily
2017-10-03,N05B,21.0,daily
2017-10-04,N05B,6.0,daily
2017-10-05,N05B,5.0,daily
2017-10-06,N05B,7.0,daily
2017-10-07,N05B,4.0,daily
2017-10-08,N05B,2.0,daily
2017-10-09,N05B,0.0,daily
2017-10-10,N05B,8.0,daily
2017-10-11,N05B,2.0,daily
2017-10-12,N05B,9.0,daily
2017-10-13,N05B,8.0,daily
2017-10-14,N05B,9.0,daily
2017-10-15,N05B,5.0,daily
2017-10-16,N05B,9.0,daily
2017-10-17,N05B,9.0,daily
2017-10-18,N05B,15.0,daily
2017-10-19,N05B,8.0,daily
2017-10-20,N05B,15.0,daily
2017-10-21,N05B,9.0,daily
2017-10-22,N05B,8.0,daily
2017-10-23,N05B,4.0,daily
2017-10-24,N05B,3.0,daily
2017-10-25,N05B,4.0,daily
2017-10-26,N05B,9.0,daily
2017-10-27,N05B,14.0,daily
2017-10-28,N05B,11.0,daily
2017-10-29,N05B,3.0,daily
2017-10-30,N05B,7.0,daily
2017-10-31,N05B,2.0,daily
2017-11-01,N05B,5.0,daily
2017-11-02,N05B,5.0,daily
2017-11-03,N05B,10.0,daily
2017-11-04,N05B,5.0,daily
2017-11-05,N05B,1.0,daily
2017-11-06,N05B,11.0,daily
2017-11-07,N05B,4.0,daily
2017-11-08,N05B,1.0,daily
2017-11-09,N05B,2.0,daily
2017-11-10,N05B,9.0,daily
2017-11-11,N05B,8.0,daily
2017-11-12,N05B,9.0,daily
2017-11-13,N05B,5.0,daily
2017-11-14,N05B,14.0,daily
2017-11-15,N05B,8.0,daily
2017-11-16,N05B,3.0,daily
2017-11-17,N05B,5.0,daily
2017-11-18,N05B,2.0,daily
2017-11-19,N05B,3.0,daily
2017-11-20,N05B,10.0,daily
2017-11-21,N05B,5.0,daily
2017-11-22,N05B,20.0,daily
2017-11-23,N05B,14.0,daily
2017-11-24,N05B,5.0,daily
2017-11-25,N05B,8.0,daily
2017-11-26,N05B,2.0,daily
2017-11-27,N05B,4.0,daily
2017-11-28,N05B,5.0,daily
2017-11-29,N05B,7.0,daily
2017-11-30,N05B,2.0,daily
2017-12-01,N05B,3.0,daily
2017-12-02,N05B,11.0,daily
2017-12-03,N05B,3.0,daily
2017-12-04,N05B,3.0,daily
2017-12-05,N05B,1.0,daily
2017-12-06,N05B,12.0,daily
2017-12-07,N05B,8.0,daily
2017-12-08,N05B,5.0,daily
2017-12-09,N05B,14.0,daily
2017-12-10,N05B,7.0,daily
2017-12-11,N05B,10.0,daily
2017-12-12,N05B,6.0,daily
2017-12-13,N05B,9.0,daily
2017-12-14,N05B,5.0,daily
2017-12-15,N05B,6.0,daily
2017-12-16,N05B,6.0,daily
2017-12-17,N05B,11.0,daily
2017-12-18,N05B,7.0,daily
2017-12-19,N05B,0.0,daily
2017-12-20,N05B,3.0,daily
2017-12-21,N05B,5.0,daily
2017-12-22,N05B,13.0,daily
2017-12-23,N05B,6.0,daily
2017-12-24,N05B,4.0,daily
2017-12-25,N05B,4.0,daily
2017-12-26,N05B,9.0,daily
2017-12-27,N05B,9.0,daily
2017-12-28,N05B,12.0,daily
2017-12-29,N05B,17.0,daily
2017-12-30,N05B,8.0,daily
2017-12-31,N05B,9.0,daily
2018-01-01,N05B,0.0,daily
2018-01-02,N05B,3.0,daily
2018-01-03,N05B,4.0,daily
2018-01-04,N05B,9.0,daily
2018-01-05,N05B,11.0,daily
2018-01-06,N05B,4.0,daily
2018-01-07,N05B,0.0,daily
2018-01-08,N05B,5.0,daily
2018-01-09,N05B,9.0,daily
2018-01-10,N05B,12.0,daily
2018-01-11,N05B,7.0,daily
2018-01-12,N05B,11.0,daily
2018-01-13,N05B,6.0,daily
2018-01-14,N05B,2.0,daily
2018-01-15,N05B,8.0,daily
2018-01-16,N05B,2.0,daily
2018-01-17,N05B,10.0,daily
2018-01-18,N05B,9.0,daily
2018-01-19,N05B,12.0,daily
2018-01-20,N05B,2.0,daily
2018-01-21,N05B,6.0,daily
2018-01-22,N05B,5.0,daily
2018-01-23,N05B,4.0,daily
2018-01-24,N05B,13.0,daily
2018-01-25,N05B,15.0,daily
2018-01-26,N05B,9.0,daily
2018-01-27,N05B,7.0,daily
2018-01-28,N05B,11.0,daily
2018-01-29,N05B,10.0,daily
2018-01-30,N05B,11.0,daily
2018-01-31,N05B,12.0,daily
2018-02-01,N05B,7.0,daily
2018-02-02,N05B,6.0,daily
2018-02-03,N05B,12.0,daily
2018-02-04,N05B,6.0,daily
2018-02-05,N05B,18.0,daily
2018-02-06,N05B,8.0,daily
2018-02-07,N05B,8.0,daily
2018-02-08,N05B,7.0,daily
2018-02-09,N05B,17.0,daily
2018-02-10,N05B,6.0,daily
2018-02-11,N05B,12.0,daily
2018-02-12,N05B,14.0,daily
2018-02-13,N05B,10.0,daily
2018-02-14,N05B,15.0,daily
2018-02-15,N05B,6.0,daily
2018-02-16,N05B,10.0,daily
2018-02-17,N05B,5.0,daily
2018-02-18,N05B,2.0,daily
2018-02-19,N05B,6.0,daily
2018-02-20,N05B,6.0,daily
2018-02-21,N05B,5.0,daily
2018-02-22,N05B,6.0,daily
2018-02-23,N05B,6.0,daily
2018-02-24,N05B,10.0,daily
2018-02-25,N05B,10.0,daily
2018-02-26,N05B,9.0,daily
2018-02-27,N05B,20.0,daily
2018-02-28,N05B,21.0,daily
2018-03-01,N05B,26.0,daily
2018-03-02,N05B,24.0,daily
2018-03-03,N05B,12.0,daily
2018-03-04,N05B,3.0,daily
2018-03-05,N05B,6.0,daily
2018-03-06,N05B,22.0,daily
2018-03-07,N05B,31.0,daily
2018-03-08,N05B,10.0,daily
2018-03-09,N05B,11.0,daily
2018-03-10,N05B,11.0,daily
2018-03-11,N05B,0.0,daily
2018-03-12,N05B,9.0,daily
2018-03-13,N05B,18.0,daily
2018-03-14,N05B,14.0,daily
2018-03-15,N05B,10.0,daily
2018-03-16,N05B,7.0,daily
2018-03-17,N05B,11.0,daily
2018-03-18,N05B,8.0,daily
2018-03-19,N05B,11.0,daily
2018-03-20,N05B,7.0,daily
2018-03-21,N05B,4.0,daily
2018-03-22,N05B,4.0,daily
2018-03-23,N05B,8.0,daily
2018-03-24,N05B,7.0,daily
2018-03-25,N05B,9.0,daily
2018-03-26,N05B,15.0,daily
2018-03-27,N05B,14.0,daily
2018-03-28,N05B,23.0,daily
2018-03-29,N05B,5.0,daily
2018-03-30,N05B,33.0,daily
2018-03-31,N05B,8.0,daily
2018-04-01,N05B,19.0,daily
2018-04-02,N05B,31.0,daily
2018-04-03,N05B,10.0,daily
2018-04-04,N05B,9.0,daily
2018-04-05,N05B,16.0,daily
2018-04-06,N05B,13.0,daily
2018-04-07,N05B,4.0,daily
2018-04-08,N05B,0.0,daily
2018-04-09,N05B,6.0,daily
2018-04-10,N05B,18.0,daily
2018-04-11,N05B,12.0,daily
2018-04-12,N05B,9.0,daily
2018-04-13,N05B,12.0,daily
2018-04-14,N05B,2.0,daily
2018-04-15,N05B,5.0,daily
2018-04-16,N05B,9.0,daily
2018-04-17,N05B,10.0,daily
2018-04-18,N05B,5.0,daily
2018-04-19,N05B,3.0,daily
2018-04-20,N05B,10.0,daily
2018-04-21,N05B,7.0,daily
2018-04-22,N05B,7.0,daily
2018-04-23,N05B,7.0,daily
2018-04-24,N05B,9.0,daily
2018-04-25,N05B,8.0,daily
2018-04-26,N05B,8.0,daily
2018-04-27,N05B,12.0,daily
2018-04-28,N05B,11.0,daily
2018-04-29,N05B,5.0,daily
2018-04-30,N05B,12.0,daily
2018-05-01,N05B,0.0,daily
2018-05-02,N05B,7.0,daily
2018-05-03,N05B,10.0,daily
2018-05-04,N05B,6.0,daily
2018-05-05,N05B,9.0,daily
2018-05-06,N05B,9.0,daily
2018-05-07,N05B,13.0,daily
2018-05-08,N05B,14.0,daily
2018-05-09,N05B,8.0,daily
2018-05-10,N05B,12.0,daily
2018-05-11,N05B,6.0,daily
2018-05-12,N05B,10.0,daily
2018-05-13,N05B,3.0,daily
2018-05-14,N05B,4.0,daily
2018-05-15,N05B,11.0,daily
2018-05-16,N05B,9.0,daily
2018-05-17,N05B,11.0,daily
2018-05-18,N05B,11.0,daily
2018-05-19,N05B,7.0,daily
2018-05-20,N05B,6.0,daily
2018-05-21,N05B,18.0,daily
2018-05-22,N05B,7.0,daily
2018-05-23,N05B,7.0,daily
2018-05-24,N05B,6.0,daily
2018-05-25,N05B,9.0,daily
2018-05-26,N05B,7.0,daily
2018-05-27,N05B,6.0,daily
2018-05-28,N05B,7.0,daily
2018-05-29,N05B,7.0,daily
2018-05-30,N05B,9.0,daily
2018-05-31,N05B,10.0,daily
2018-06-01,N05B,9.0,daily
2018-06-02,N05B,9.0,daily
2018-06-03,N05B,8.0,daily
2018-06-04,N05B,3.0,daily
2018-06-05,N05B,7.0,daily
2018-06-06,N05B,16.0,daily
2018-06-07,N05B,11.0,daily
2018-06-08,N05B,6.0,daily
2018-06-09,N05B,11.0,daily
2018-06-10,N05B,7.0,daily
2018-06-11,N05B,17.0,daily
2018-06-12,N05B,3.0,daily
2018-06-13,N05B,1.0,daily
2018-06-14,N05B,11.0,daily
2018-06-15,N05B,10.0,daily
2018-06-16,N05B,5.0,daily
2018-06-17,N05B,10.0,daily
2018-06-18,N05B,4.0,daily
2018-06-19,N05B,8.0,daily
2018-06-20,N05B,8.0,daily
2018-06-21,N05B,5.0,daily
2018-06-22,N05B,3.0,daily
2018-06-23,N05B,7.0,daily
2018-06-24,N05B,10.0,daily
2018-06-25,N05B,12.0,daily
2018-06-26,N05B,6.0,daily
2018-06-27,N05B,10.0,daily
2018-06-28,N05B,13.0,daily
2018-06-29,N05B,8.0,daily
2018-06-30,N05B,10.0,daily
2018-07-01,N05B,7.0,daily
2018-07-02,N05B,18.0,daily
2018-07-03,N05B,9.0,daily
2018-07-04,N05B,6.0,daily
2018-07-05,N05B,6.0,daily
2018-07-06,N05B,15.0,daily
2018-07-07,N05B,14.0,daily
2018-07-08,N05B,10.0,daily
2018-07-09,N05B,12.0,daily
2018-07-10,N05B,9.0,daily
2018-07-11,N05B,13.0,daily
2018-07-12,N05B,11.0,daily
2018-07-13,N05B,5.0,daily
2018-07-14,N05B,8.0,daily
2018-07-15,N05B,4.0,daily
2018-07-16,N05B,8.0,daily
2018-07-17,N05B,13.0,daily
2018-07-18,N05B,17.0,daily
2018-07-19,N05B,14.0,daily
2018-07-20,N05B,2.0,daily
2018-07-21,N05B,7.0,daily
2018-07-22,N05B,4.0,daily
2018-07-23,N05B,15.0,daily
2018-07-24,N05B,4.0,daily
2018-07-25,N05B,7.0,daily
2018-07-26,N05B,4.0,daily
2018-07-27,N05B,11.0,daily
2018-07-28,N05B,9.0,daily
2018-07-29,N05B,7.0,daily
2018-07-30,N05B,9.0,daily
2018-07-31,N05B,5.0,daily
2018-08-01,N05B,9.0,daily
2018-08-02,N05B,11.0,daily
2018-08-03,N05B,9.0,daily
2018-08-04,N05B,11.0,daily
2018-08-05,N05B,4.0,daily
2018-08-06,N05B,7.0,daily
2018-08-07,N05B,7.0,daily
2018-08-08,N05B,13.0,daily
2018-08-09,N05B,13.0,daily
2018-08-10,N05B,4.0,daily
2018-08-11,N05B,16.0,daily
2018-08-12,N05B,6.0,daily
2018-08-13,N05B,15.0,daily
2018-08-14,N05B,9.0,daily
2018-08-15,N05B,13.0,daily
2018-08-16,N05B,6.0,daily
2018-08-17,N05B,5.0,daily
2018-08-18,N05B,5.0,daily
2018-08-19,N05B,3.0,daily
2018-08-20,N05B,7.0,daily
2018-08-21,N05B,4.0,daily
2018-08-22,N05B,4.0,daily
2018-08-23,N05B,8.0,daily
2018-08-24,N05B,7.0,daily
2018-08-25,N05B,4.0,daily
2018-08-26,N05B,10.0,daily
2018-08-27,N05B,6.0,daily
2018-08-28,N05B,7.0,daily
2018-08-29,N05B,10.0,daily
2018-08-30,N05B,7.0,daily
2018-08-31,N05B,13.0,daily
2018-09-01,N05B,6.0,daily
2018-09-02,N05B,5.0,daily
2018-09-03,N05B,12.0,daily
2018-09-04,N05B,7.0,daily
2018-09-05,N05B,11.0,daily
2018-09-06,N05B,13.0,daily
2018-09-07,N05B,6.0,daily
2018-09-08,N05B,12.0,daily
2018-09-09,N05B,2.0,daily
2018-09-10,N05B,14.0,daily
2018-09-11,N05B,15.0,daily
2018-09-12,N05B,18.0,daily
2018-09-13,N05B,5.0,daily
2018-09-14,N05B,7.0,daily
2018-09-15,N05B,6.0,daily
2018-09-16,N05B,6.0,daily
2018-09-17,N05B,10.0,daily
2018-09-18,N05B,6.0,daily
2018-09-19,N05B,10.0,daily
2018-09-20,N05B,13.0,daily
2018-09-21,N05B,10.0,daily
2018-09-22,N05B,6.0,daily
2018-09-23,N05B,9.0,daily
2018-09-24,N05B,7.0,daily
2018-09-25,N05B,11.0,daily
2018-09-26,N05B,9.0,daily
2018-09-27,N05B,11.0,daily
2018-09-28,N05B,3.0,daily
2018-09-29,N05B,4.0,daily
2018-09-30,N05B,9.0,daily
2018-10-01,N05B,10.0,daily
2018-10-02,N05B,7.0,daily
2018-10-03,N05B,12.0,daily
2018-10-04,N05B,12.0,daily
2018-10-05,N05B,7.0,daily
2018-10-06,N05B,4.0,daily
2018-10-07,N05B,8.0,daily
2018-10-08,N05B,18.0,daily
2018-10-09,N05B,18.0,daily
2018-10-10,N05B,13.0,daily
2018-10-11,N05B,15.0,daily
2018-10-12,N05B,6.0,daily
2018-10-13,N05B,8.0,daily
2018-10-14,N05B,9.0,daily
2018-10-15,N05B,12.0,daily
2018-10-16,N05B,5.0,daily
2018-10-17,N05B,5.0,daily
2018-10-18,N05B,9.0,daily
2018-10-19,N05B,5.0,daily
2018-10-20,N05B,9.0,daily
2018-10-21,N05B,5.0,daily
2018-10-22,N05B,8.0,daily
2018-10-23,N05B,9.0,daily
2018-10-24,N05B,7.0,daily
2018-10-25,N05B,12.0,daily
2018-10-26,N05B,14.0,daily
2018-10-27,N05B,12.0,daily
2018-10-28,N05B,9.0,daily
2018-10-29,N05B,5.0,daily
2018-10-30,N05B,7.0,daily
2018-10-31,N05B,7.0,daily
2018-11-01,N05B,6.0,daily
2018-11-02,N05B,8.2,daily
2018-11-03,N05B,2.0,daily
2018-11-04,N05B,7.0,daily
2018-11-05,N05B,14.0,daily
2018-11-06,N05B,8.0,daily
2018-11-07,N05B,15.0,daily
2018-11-08,N05B,5.0,daily
2018-11-09,N05B,7.0,daily
2018-11-10,N05B,7.0,daily
2018-11-11,N05B,14.0,daily
2018-11-12,N05B,15.0,daily
2018-11-13,N05B,18.0,daily
2018-11-14,N05B,9.0,daily
2018-11-15,N05B,3.0,daily
2018-11-16,N05B,6.0,daily
2018-11-17,N05B,5.0,daily
2018-11-18,N05B,7.0,daily
2018-11-19,N05B,6.0,daily
2018-11-20,N05B,4.0,daily
2018-11-21,N05B,5.0,daily
2018-11-22,N05B,9.0,daily
2018-11-23,N05B,13.0,daily
2018-11-24,N05B,11.0,daily
2018-11-25,N05B,6.0,daily
2018-11-26,N05B,15.0,daily
2018-11-27,N05B,2.0,daily
2018-11-28,N05B,15.0,daily
2018-11-29,N05B,7.0,daily
2018-11-30,N05B,3.0,daily
2018-12-01,N05B,7.0,daily
2018-12-02,N05B,6.0,daily
2018-12-03,N05B,13.0,daily
2018-12-04,N05B,11.0,daily
2018-12-05,N05B,13.0,daily
2018-12-06,N05B,0.0,daily
2018-12-07,N05B,14.0,daily
2018-12-08,N05B,0.0,daily
2018-12-09,N05B,9.0,daily
2018-12-10,N05B,12.0,daily
2018-12-11,N05B,12.0,daily
2018-12-12,N05B,11.0,daily
2018-12-13,N05B,6.0,daily
2018-12-14,N05B,2.0,daily
2018-12-15,N05B,5.0,daily
2018-12-16,N05B,3.0,daily
2018-12-17,N05B,6.0,daily
2018-12-18,N05B,12.0,daily
2018-12-19,N05B,0.0,daily
2018-12-20,N05B,12.0,daily
2018-12-21,N05B,12.0,daily
2018-12-22,N05B,3.0,daily
2018-12-23,N05B,8.0,daily
2018-12-24,N05B,20.0,daily
2018-12-25,N05B,9.0,daily
2018-12-26,N05B,8.0,daily
2018-12-27,N05B,8.0,daily
2018-12-28,N05B,11.0,daily
2018-12-29,N05B,5.0,daily
2018-12-30,N05B,6.0,daily
2018-12-31,N05B,10.0,daily
2019-01-01,N05B,0.0,daily
2019-01-02,N05B,4.0,daily
2019-01-03,N05B,6.0,daily
2019-01-04,N05B,10.0,daily
2019-01-05,N05B,10.0,daily
2019-01-06,N05B,11.0,daily
2019-01-07,N05B,0.0,daily
2019-01-08,N05B,6.0,daily
2019-01-09,N05B,24.0,daily
2019-01-10,N05B,12.0,daily
2019-01-11,N05B,12.0,daily
2019-01-12,N05B,21.2,daily
2019-01-13,N05B,4.0,daily
2019-01-14,N05B,10.0,daily
2019-01-15,N05B,9.0,daily
2019-01-16,N05B,12.0,daily
2019-01-17,N05B,10.0,daily
2019-01-18,N05B,13.0,daily
2019-01-19,N05B,9.0,daily
2019-01-20,N05B,6.0,daily
2019-01-21,N05B,11.0,daily
2019-01-22,N05B,13.0,daily
2019-01-23,N05B,4.0,daily
2019-01-24,N05B,7.0,daily
2019-01-25,N05B,11.0,daily
2019-01-26,N05B,11.0,daily
2019-01-27,N05B,12.0,daily
2019-01-28,N05B,11.0,daily
2019-01-29,N05B,10.0,daily
2019-01-30,N05B,8.0,daily
2019-01-31,N05B,8.0,daily
2019-02-01,N05B,9.0,daily
2019-02-02,N05B,8.0,daily
2019-02-03,N05B,10.0,daily
2019-02-04,N05B,5.0,daily
2019-02-05,N05B,2.0,daily
2019-02-06,N05B,4.0,daily
2019-02-07,N05B,11.0,daily
2019-02-08,N05B,9.0,daily
2019-02-09,N05B,10.0,daily
2019-02-10,N05B,9.0,daily
2019-02-11,N05B,10.0,daily
2019-02-12,N05B,8.2,daily
2019-02-13,N05B,16.0,daily
2019-02-14,N05B,9.0,daily
2019-02-15,N05B,16.0,daily
2019-02-16,N05B,8.0,daily
2019-02-17,N05B,11.2,daily
2019-02-18,N05B,7.0,daily
2019-02-19,N05B,15.0,daily
2019-02-20,N05B,14.0,daily
2019-02-21,N05B,15.0,daily
2019-02-22,N05B,5.0,daily
2019-02-23,N05B,13.0,daily
2019-02-24,N05B,2.0,daily
2019-02-25,N05B,4.0,daily
2019-02-26,N05B,8.0,daily
2019-02-27,N05B,9.0,daily
2019-02-28,N05B,2.0,daily
2019-03-01,N05B,12.0,daily
2019-03-02,N05B,9.0,daily
2019-03-03,N05B,5.0,daily
2019-03-04,N05B,3.0,daily
2019-03-05,N05B,8.0,daily
2019-03-06,N05B,17.0,daily
2019-03-07,N05B,24.0,daily
2019-03-08,N05B,4.0,daily
2019-03-09,N05B,11.0,daily
2019-03-10,N05B,5.0,daily
2019-03-11,N05B,10.0,daily
2019-03-12,N05B,12.0,daily
2019-03-13,N05B,10.0,daily
2019-03-14,N05B,12.0,daily
2019-03-15,N05B,7.0,daily
2019-03-16,N05B,9.0,daily
2019-03-17,N05B,6.0,daily
2019-03-18,N05B,11.0,daily
2019-03-19,N05B,10.0,daily
2019-03-20,N05B,8.2,daily
2019-03-21,N05B,13.0,daily
2019-03-22,N05B,13.0,daily
2019-03-23,N05B,7.0,daily
2019-03-24,N05B,6.2,daily
2019-03-25,N05B,11.0,daily
2019-03-26,N05B,11.0,daily
2019-03-27,N05B,12.0,daily
2019-03-28,N05B,6.0,daily
2019-03-29,N05B,10.0,daily
2019-03-30,N05B,11.0,daily
2019-03-31,N05B,8.0,daily
2019-04-01,N05B,12.0,daily
2019-04-02,N05B,7.0,daily
2019-04-03,N05B,12.0,daily
2019-04-04,N05B,8.0,daily
2019-04-05,N05B,7.0,daily
2019-04-06,N05B,13.0,daily
2019-04-07,N05B,3.0,daily
2019-04-08,N05B,8.2,daily
2019-04-09,N05B,10.0,daily
2019-04-10,N05B,16.2,daily
2019-04-11,N05B,15.0,daily
2019-04-12,N05B,16.0,daily
2019-04-13,N05B,4.0,daily
2019-04-14,N05B,3.0,daily
2019-04-15,N05B,17.0,daily
2019-04-16,N05B,12.0,daily
2019-04-17,N05B,11.0,daily
2019-04-18,N05B,0.0,daily
2019-04-19,N05B,17.0,daily
2019-04-20,N05B,12.0,daily
2019-04-21,N05B,11.0,daily
2019-04-22,N05B,12.0,daily
2019-04-23,N05B,6.0,daily
2019-04-24,N05B,13.0,daily
2019-04-25,N05B,17.0,daily
2019-04-26,N05B,6.0,daily
2019-04-27,N05B,13.0,daily
2019-04-28,N05B,0.0,daily
2019-04-29,N05B,5.0,daily
2019-04-30,N05B,13.0,daily
2019-05-01,N05B,1.0,daily
2019-05-02,N05B,15.0,daily
2019-05-03,N05B,11.0,daily
2019-05-04,N05B,5.0,daily
2019-05-05,N05B,2.0,daily
2019-05-06,N05B,11.0,daily
2019-05-07,N05B,19.0,daily
2019-05-08,N05B,15.0,daily
2019-05-09,N05B,10.0,daily
2019-05-10,N05B,13.0,daily
2019-05-11,N05B,9.0,daily
2019-05-12,N05B,2.0,daily
2019-05-13,N05B,11.0,daily
2019-05-14,N05B,5.0,daily
2019-05-15,N05B,7.0,daily
2019-05-16,N05B,9.0,daily
2019-05-17,N05B,18.0,daily
2019-05-18,N05B,9.0,daily
2019-05-19,N05B,9.0,daily
2019-05-20,N05B,11.0,daily
2019-05-21,N05B,12.2,daily
2019-05-22,N05B,8.0,daily
2019-05-23,N05B,4.0,daily
2019-05-24,N05B,8.0,daily
2019-05-25,N05B,4.0,daily
2019-05-26,N05B,2.6,daily
2019-05-27,N05B,8.0,daily
2019-05-28,N05B,10.0,daily
2019-05-29,N05B,10.0,daily
2019-05-30,N05B,5.0,daily
2019-05-31,N05B,2.0,daily
2019-06-01,N05B,1.0,daily
2019-06-02,N05B,4.0,daily
2019-06-03,N05B,4.0,daily
2019-06-04,N05B,9.0,daily
2019-06-05,N05B,7.0,daily
2019-06-06,N05B,7.0,daily
2019-06-07,N05B,6.0,daily
2019-06-08,N05B,12.0,daily
2019-06-09,N05B,7.0,daily
2019-06-10,N05B,7.0,daily
2019-06-11,N05B,9.0,daily
2019-06-12,N05B,11.0,daily
2019-06-13,N05B,2.0,daily
2019-06-14,N05B,2.0,daily
2019-06-15,N05B,13.0,daily
2019-06-16,N05B,2.0,daily
2019-06-17,N05B,6.0,daily
2019-06-18,N05B,8.0,daily
2019-06-19,N05B,6.0,daily
2019-06-20,N05B,9.0,daily
2019-06-21,N05B,8.0,daily
2019-06-22,N05B,11.0,daily
2019-06-23,N05B,1.0,daily
2019-06-24,N05B,9.0,daily
2019-06-25,N05B,10.0,daily
2019-06-26,N05B,5.0,daily
2019-06-27,N05B,5.0,daily
2019-06-28,N05B,5.0,daily
2019-06-29,N05B,2.0,daily
2019-06-30,N05B,5.0,daily
2019-07-01,N05B,7.0,daily
2019-07-02,N05B,9.0,daily
2019-07-03,N05B,9.0,daily
2019-07-04,N05B,7.0,daily
2019-07-05,N05B,11.0,daily
2019-07-06,N05B,2.0,daily
2019-07-07,N05B,2.0,daily
2019-07-08,N05B,9.2,daily
2019-07-09,N05B,12.0,daily
2019-07-10,N05B,10.2,daily
2019-07-11,N05B,7.0,daily
2019-07-12,N05B,7.2,daily
2019-07-13,N05B,5.0,daily
2019-07-14,N05B,3.0,daily
2019-07-15,N05B,6.0,daily
2019-07-16,N05B,7.0,daily
2019-07-17,N05B,7.0,daily
2019-07-18,N05B,11.0,daily
2019-07-19,N05B,15.0,daily
2019-07-20,N05B,4.0,daily
2019-07-21,N05B,5.0,daily
2019-07-22,N05B,10.0,daily
2019-07-23,N05B,11.0,daily
2019-07-24,N05B,19.0,daily
2019-07-25,N05B,9.0,daily
2019-07-26,N05B,12.0,daily
2019-07-27,N05B,6.0,daily
2019-07-28,N05B,3.0,daily
2019-07-29,N05B,12.0,daily
2019-07-30,N05B,9.0,daily
2019-07-31,N05B,4.0,daily
2019-08-01,N05B,6.0,daily
2019-08-02,N05B,7.0,daily
2019-08-03,N05B,6.0,daily
2019-08-04,N05B,10.0,daily
2019-08-05,N05B,7.0,daily
2019-08-06,N05B,4.0,daily
2019-08-07,N05B,7.0,daily
2019-08-08,N05B,10.0,daily
2019-08-09,N05B,13.0,daily
2019-08-10,N05B,11.0,daily
2019-08-11,N05B,5.0,daily
2019-08-12,N05B,11.0,daily
2019-08-13,N05B,3.0,daily
2019-08-14,N05B,6.0,daily
2019-08-15,N05B,9.0,daily
2019-08-16,N05B,15.0,daily
2019-08-17,N05B,5.0,daily
2019-08-18,N05B,4.0,daily
2019-08-19,N05B,11.0,daily
2019-08-20,N05B,8.0,daily
2019-08-21,N05B,10.0,daily
2019-08-22,N05B,8.0,daily
2019-08-23,N05B,11.0,daily
2019-08-24,N05B,9.0,daily
2019-08-25,N05B,4.0,daily
2019-08-26,N05B,11.0,daily
2019-08-27,N05B,3.0,daily
2019-08-28,N05B,6.0,daily
2019-08-29,N05B,9.0,daily
2019-08-30,N05B,3.0,daily
2019-08-31,N05B,5.0,daily
2019-09-01,N05B,8.2,daily
2019-09-02,N05B,7.0,daily
2019-09-03,N05B,8.0,daily
2019-09-04,N05B,7.0,daily
2019-09-05,N05B,1.0,daily
2019-09-06,N05B,7.0,daily
2019-09-07,N05B,14.0,daily
2019-09-08,N05B,7.0,daily
2019-09-09,N05B,4.0,daily
2019-09-10,N05B,17.0,daily
2019-09-11,N05B,5.0,daily
2019-09-12,N05B,11.2,daily
2019-09-13,N05B,12.0,daily
2019-09-14,N05B,12.0,daily
2019-09-15,N05B,6.0,daily
2019-09-16,N05B,5.0,daily
2019-09-17,N05B,8.2,daily
2019-09-18,N05B,4.0,daily
2019-09-19,N05B,5.0,daily
2019-09-20,N05B,3.0,daily
2019-09-21,N05B,3.0,daily
2019-09-22,N05B,3.0,daily
2019-09-23,N05B,6.0,daily
2019-09-24,N05B,12.0,daily
2019-09-25,N05B,14.0,daily
2019-09-26,N05B,13.0,daily
2019-09-27,N05B,4.0,daily
2019-09-28,N05B,6.2,daily
2019-09-29,N05B,6.0,daily
2019-09-30,N05B,9.0,daily
2019-10-01,N05B,15.0,daily
2019-10-02,N05B,9.0,daily
2019-10-03,N05B,10.0,daily
2019-10-04,N05B,13.0,daily
2019-10-05,N05B,7.0,daily
2019-10-06,N05B,6.0,daily
2019-10-07,N05B,6.0,daily
2019-10-08,N05B,20.0,daily
2014-01-02,N05C,0.0,daily
2014-01-03,N05C,0.0,daily
2014-01-04,N05C,0.0,daily
2014-01-05,N05C,0.0,daily
2014-01-06,N05C,2.0,daily
2014-01-07,N05C,0.0,daily
2014-01-08,N05C,1.0,daily
2014-01-09,N05C,0.0,daily
2014-01-10,N05C,2.0,daily
2014-01-11,N05C,0.0,daily
2014-01-12,N05C,0.0,daily
2014-01-13,N05C,0.0,daily
2014-01-14,N05C,1.0,daily
2014-01-15,N05C,2.0,daily
2014-01-16,N05C,1.0,daily
2014-01-17,N05C,0.0,daily
2014-01-18,N05C,4.0,daily
2014-01-19,N05C,0.0,daily
2014-01-20,N05C,2.0,daily
2014-01-21,N05C,2.0,daily
2014-01-22,N05C,0.0,daily
2014-01-23,N05C,3.0,daily
2014-01-24,N05C,1.0,daily
2014-01-25,N05C,0.0,daily
2014-01-26,N05C,0.0,daily
2014-01-27,N05C,2.0,daily
2014-01-28,N05C,5.0,daily
2014-01-29,N05C,1.0,daily
2014-01-30,N05C,1.0,daily
2014-01-31,N05C,0.0,daily
2014-02-01,N05C,1.0,daily
2014-02-02,N05C,2.0,daily
2014-02-03,N05C,1.0,daily
2014-02-04,N05C,1.0,daily
2014-02-05,N05C,1.0,daily
2014-02-06,N05C,2.0,daily
2014-02-07,N05C,1.0,daily
2014-02-08,N05C,1.0,daily
2014-02-09,N05C,0.0,daily
2014-02-10,N05C,3.0,daily
2014-02-11,N05C,2.0,daily
2014-02-12,N05C,0.0,daily
2014-02-13,N05C,3.0,daily
2014-02-14,N05C,4.0,daily
2014-02-15,N05C,0.0,daily
2014-02-16,N05C,2.0,daily
2014-02-17,N05C,1.0,daily
2014-02-18,N05C,0.0,daily
2014-02-19,N05C,1.0,daily
2014-02-20,N05C,3.0,daily
2014-02-21,N05C,0.0,daily
2014-02-22,N05C,0.0,daily
2014-02-23,N05C,0.0,daily
2014-02-24,N05C,0.0,daily
2014-02-25,N05C,0.0,daily
2014-02-26,N05C,0.0,daily
2014-02-27,N05C,1.0,daily
2014-02-28,N05C,1.0,daily
2014-03-01,N05C,0.0,daily
2014-03-02,N05C,0.0,daily
2014-03-03,N05C,2.0,daily
2014-03-04,N05C,0.0,daily
2014-03-05,N05C,0.0,daily
2014-03-06,N05C,1.0,daily
2014-03-07,N05C,1.0,daily
2014-03-08,N05C,0.0,daily
2014-03-09,N05C,0.0,daily
2014-03-10,N05C,0.0,daily
2014-03-11,N05C,1.0,daily
2014-03-12,N05C,3.0,daily
2014-03-13,N05C,0.0,daily
2014-03-14,N05C,0.0,daily
2014-03-15,N05C,1.0,daily
2014-03-16,N05C,0.0,daily
2014-03-17,N05C,1.0,daily
2014-03-18,N05C,0.0,daily
2014-03-19,N05C,0.0,daily
2014-03-20,N05C,0.0,daily
2014-03-21,N05C,0.0,daily
2014-03-22,N05C,2.0,daily
2014-03-23,N05C,1.0,daily
2014-03-24,N05C,0.0,daily
2014-03-25,N05C,0.0,daily
2014-03-26,N05C,3.0,daily
2014-03-27,N05C,1.0,daily
2014-03-28,N05C,0.0,daily
2014-03-29,N05C,2.0,daily
2014-03-30,N05C,0.0,daily
2014-03-31,N05C,1.0,daily
2014-04-01,N05C,3.0,daily
2014-04-02,N05C,0.0,daily
2014-04-03,N05C,0.0,daily
2014-04-04,N05C,3.0,daily
2014-04-05,N05C,0.0,daily
2014-04-06,N05C,0.0,daily
2014-04-07,N05C,0.0,daily
2014-04-08,N05C,1.0,daily
2014-04-09,N05C,1.0,daily
2014-04-10,N05C,0.0,daily
2014-04-11,N05C,2.0,daily
2014-04-12,N05C,0.0,daily
2014-04-13,N05C,0.0,daily
2014-04-14,N05C,0.0,daily
2014-04-15,N05C,0.0,daily
2014-04-16,N05C,0.0,daily
2014-04-17,N05C,0.0,daily
2014-04-18,N05C,1.0,daily
2014-04-19,N05C,0.0,daily
2014-04-20,N05C,0.0,daily
2014-04-21,N05C,0.0,daily
2014-04-22,N05C,1.0,daily
2014-04-23,N05C,1.0,daily
2014-04-24,N05C,0.0,daily
2014-04-25,N05C,1.0,daily
2014-04-26,N05C,1.0,daily
2014-04-27,N05C,0.0,daily
2014-04-28,N05C,2.0,daily
2014-04-29,N05C,1.0,daily
2014-04-30,N05C,0.0,daily
2014-05-01,N05C,0.0,daily
2014-05-02,N05C,1.0,daily
2014-05-03,N05C,2.0,daily
2014-05-04,N05C,0.0,daily
2014-05-05,N05C,0.0,daily
2014-05-06,N05C,2.0,daily
2014-05-07,N05C,1.0,daily
2014-05-08,N05C,3.0,daily
2014-05-09,N05C,2.0,daily
2014-05-10,N05C,3.0,daily
2014-05-11,N05C,0.0,daily
2014-05-12,N05C,0.0,daily
2014-05-13,N05C,0.0,daily
2014-05-14,N05C,0.0,daily
2014-05-15,N05C,0.0,daily
2014-05-16,N05C,1.0,daily
2014-05-17,N05C,1.0,daily
2014-05-18,N05C,0.0,daily
2014-05-19,N05C,0.0,daily
2014-05-20,N05C,1.0,daily
2014-05-21,N05C,1.0,daily
2014-05-22,N05C,0.0,daily
2014-05-23,N05C,2.0,daily
2014-05-24,N05C,1.0,daily
2014-05-25,N05C,0.0,daily
2014-05-26,N05C,1.0,daily
2014-05-27,N05C,1.0,daily
2014-05-28,N05C,0.0,daily
2014-05-29,N05C,0.0,daily
2014-05-30,N05C,0.0,daily
2014-05-31,N05C,0.0,daily
2014-06-01,N05C,1.0,daily
2014-06-02,N05C,3.0,daily
2014-06-03,N05C,2.0,daily
2014-06-04,N05C,0.0,daily
2014-06-05,N05C,0.0,daily
2014-06-06,N05C,2.0,daily
2014-06-07,N05C,1.0,daily
2014-06-08,N05C,0.0,daily
2014-06-09,N05C,4.0,daily
2014-06-10,N05C,2.0,daily
2014-06-11,N05C,2.0,daily
2014-06-12,N05C,0.0,daily
2014-06-13,N05C,0.0,daily
2014-06-14,N05C,0.0,daily
2014-06-15,N05C,0.0,daily
2014-06-16,N05C,0.0,daily
2014-06-17,N05C,2.0,daily
2014-06-18,N05C,0.0,daily
2014-06-19,N05C,0.0,daily
2014-06-20,N05C,0.0,daily
2014-06-21,N05C,3.0,daily
2014-06-22,N05C,0.0,daily
2014-06-23,N05C,0.0,daily
2014-06-24,N05C,0.0,daily
2014-06-25,N05C,0.0,daily
2014-06-26,N05C,0.0,daily
2014-06-27,N05C,0.0,daily
2014-06-28,N05C,1.0,daily
2014-06-29,N05C,0.0,daily
2014-06-30,N05C,0.0,daily
2014-07-01,N05C,0.0,daily
2014-07-02,N05C,0.0,daily
2014-07-03,N05C,2.0,daily
2014-07-04,N05C,0.0,daily
2014-07-05,N05C,1.0,daily
2014-07-06,N05C,0.0,daily
2014-07-07,N05C,0.0,daily
2014-07-08,N05C,0.0,daily
2014-07-09,N05C,4.0,daily
2014-07-10,N05C,0.0,daily
2014-07-11,N05C,0.0,daily
2014-07-12,N05C,3.0,daily
2014-07-13,N05C,0.0,daily
2014-07-14,N05C,1.0,daily
2014-07-15,N05C,0.0,daily
2014-07-16,N05C,1.0,daily
2014-07-17,N05C,1.0,daily
2014-07-18,N05C,3.0,daily
2014-07-19,N05C,0.0,daily
2014-07-20,N05C,0.0,daily
2014-07-21,N05C,1.0,daily
2014-07-22,N05C,0.0,daily
2014-07-23,N05C,0.0,daily
2014-07-24,N05C,0.0,daily
2014-07-25,N05C,1.0,daily
2014-07-26,N05C,0.0,daily
2014-07-27,N05C,0.0,daily
2014-07-28,N05C,0.0,daily
2014-07-29,N05C,3.0,daily
2014-07-30,N05C,0.0,daily
2014-07-31,N05C,0.0,daily
2014-08-01,N05C,1.0,daily
2014-08-02,N05C,0.0,daily
2014-08-03,N05C,5.0,daily
2014-08-04,N05C,0.0,daily
2014-08-05,N05C,0.0,daily
2014-08-06,N05C,1.0,daily
2014-08-07,N05C,1.0,daily
2014-08-08,N05C,3.0,daily
2014-08-09,N05C,3.0,daily
2014-08-10,N05C,0.0,daily
2014-08-11,N05C,0.0,daily
2014-08-12,N05C,1.0,daily
2014-08-13,N05C,0.0,daily
2014-08-14,N05C,0.0,daily
2014-08-15,N05C,2.0,daily
2014-08-16,N05C,2.0,daily
2014-08-17,N05C,0.0,daily
2014-08-18,N05C,3.0,daily
2014-08-19,N05C,1.0,daily
2014-08-20,N05C,2.0,daily
2014-08-21,N05C,1.0,daily
2014-08-22,N05C,0.0,daily
2014-08-23,N05C,0.0,daily
2014-08-24,N05C,0.0,daily
2014-08-25,N05C,0.0,daily
2014-08-26,N05C,1.0,daily
2014-08-27,N05C,0.0,daily
2014-08-28,N05C,0.0,daily
2014-08-29,N05C,1.0,daily
2014-08-30,N05C,1.0,daily
2014-08-31,N05C,0.0,daily
2014-09-01,N05C,0.0,daily
2014-09-02,N05C,0.0,daily
2014-09-03,N05C,0.0,daily
2014-09-04,N05C,1.0,daily
2014-09-05,N05C,2.0,daily
2014-09-06,N05C,2.0,daily
2014-09-07,N05C,0.0,daily
2014-09-08,N05C,0.0,daily
2014-09-09,N05C,0.0,daily
2014-09-10,N05C,0.0,daily
2014-09-11,N05C,0.0,daily
2014-09-12,N05C,0.0,daily
2014-09-13,N05C,0.0,daily
2014-09-14,N05C,0.0,daily
2014-09-15,N05C,0.0,daily
2014-09-16,N05C,0.0,daily
2014-09-17,N05C,2.0,daily
2014-09-18,N05C,0.0,daily
2014-09-19,N05C,0.0,daily
2014-09-20,N05C,1.0,daily
2014-09-21,N05C,0.0,daily
2014-09-22,N05C,1.0,daily
2014-09-23,N05C,0.0,daily
2014-09-24,N05C,0.0,daily
2014-09-25,N05C,1.0,daily
2014-09-26,N05C,2.0,daily
2014-09-27,N05C,0.0,daily
2014-09-28,N05C,0.0,daily
2014-09-29,N05C,0.0,daily
2014-09-30,N05C,2.0,daily
2014-10-01,N05C,0.0,daily
2014-10-02,N05C,0.0,daily
2014-10-03,N05C,0.0,daily
2014-10-04,N05C,1.0,daily
2014-10-05,N05C,0.0,daily
2014-10-06,N05C,1.0,daily
2014-10-07,N05C,1.0,daily
2014-10-08,N05C,0.0,daily
2014-10-09,N05C,2.0,daily
2014-10-10,N05C,3.0,daily
2014-10-11,N05C,0.0,daily
2014-10-12,N05C,0.0,daily
2014-10-13,N05C,0.0,daily
2014-10-14,N05C,0.0,daily
2014-10-15,N05C,1.0,daily
2014-10-16,N05C,0.625,daily
2014-10-17,N05C,3.0,daily
2014-10-18,N05C,0.0,daily
2014-10-19,N05C,0.0,daily
2014-10-20,N05C,2.0,daily
2014-10-21,N05C,0.0,daily
2014-10-22,N05C,0.0,daily
2014-10-23,N05C,1.0,daily
2014-10-24,N05C,0.0,daily
2014-10-25,N05C,0.0,daily
2014-10-26,N05C,0.0,daily
2014-10-27,N05C,1.0,daily
2014-10-28,N05C,0.0,daily
2014-10-29,N05C,2.0,daily
2014-10-30,N05C,1.0,daily
2014-10-31,N05C,0.0,daily
2014-11-01,N05C,0.0,daily
2014-11-02,N05C,0.0,daily
2014-11-03,N05C,0.0,daily
2014-11-04,N05C,0.0,daily
2014-11-05,N05C,3.0,daily
2014-11-06,N05C,1.0,daily
2014-11-07,N05C,1.0,daily
2014-11-08,N05C,0.0,daily
2014-11-09,N05C,0.0,daily
2014-11-10,N05C,0.0,daily
2014-11-11,N05C,0.0,daily
2014-11-12,N05C,0.0,daily
2014-11-13,N05C,0.0,daily
2014-11-14,N05C,1.0,daily
2014-11-15,N05C,2.0,daily
2014-11-16,N05C,1.0,daily
2014-11-17,N05C,1.0,daily
2014-11-18,N05C,1.0,daily
2014-11-19,N05C,0.0,daily
2014-11-20,N05C,0.0,daily
2014-11-21,N05C,0.0,daily
2014-11-22,N05C,1.0,daily
2014-11-23,N05C,0.0,daily
2014-11-24,N05C,1.0,daily
2014-11-25,N05C,0.0,daily
2014-11-26,N05C,3.0,daily
2014-11-27,N05C,1.0,daily
2014-11-28,N05C,1.0,daily
2014-11-29,N05C,0.0,daily
2014-11-30,N05C,1.0,daily
2014-12-01,N05C,0.0,daily
2014-12-02,N05C,0.0,daily
2014-12-03,N05C,2.0,daily
2014-12-04,N05C,1.0,daily
2014-12-05,N05C,1.0,daily
2014-12-06,N05C,0.0,daily
2014-12-07,N05C,0.0,daily
2014-12-08,N05C,0.0,daily
2014-12-09,N05C,1.0,daily
2014-12-10,N05C,3.0,daily
2014-12-11,N05C,2.0,daily
2014-12-12,N05C,0.0,daily
2014-12-13,N05C,1.0,daily
2014-12-14,N05C,0.0,daily
2014-12-15,N05C,1.0,daily
2014-12-16,N05C,3.0,daily
2014-12-17,N05C,2.0,daily
2014-12-18,N05C,0.0,daily
2014-12-19,N05C,0.0,daily
2014-12-20,N05C,0.0,daily
2014-12-21,N05C,0.0,daily
2014-12-22,N05C,1.0,daily
2014-12-23,N05C,2.0,daily
2014-12-24,N05C,0.0,daily
2014-12-25,N05C,0.0,daily
2014-12-26,N05C,1.0,daily
2014-12-27,N05C,0.0,daily
2014-12-28,N05C,0.0,daily
2014-12-29,N05C,1.0,daily
2014-12-30,N05C,0.0,daily
2014-12-31,N05C,3.0,daily
2015-01-01,N05C,0.0,daily
2015-01-02,N05C,0.0,daily
2015-01-03,N05C,3.0,daily
2015-01-04,N05C,0.0,daily
2015-01-05,N05C,0.0,daily
2015-01-06,N05C,0.0,daily
2015-01-07,N05C,0.0,daily
2015-01-08,N05C,1.0,daily
2015-01-09,N05C,2.0,daily
2015-01-10,N05C,3.0,daily
2015-01-11,N05C,1.0,daily
2015-01-12,N05C,0.0,daily
2015-01-13,N05C,2.0,daily
2015-01-14,N05C,0.0,daily
2015-01-15,N05C,0.0,daily
2015-01-16,N05C,2.0,daily
2015-01-17,N05C,0.0,daily
2015-01-18,N05C,0.0,daily
2015-01-19,N05C,0.0,daily
2015-01-20,N05C,1.0,daily
2015-01-21,N05C,1.0,daily
2015-01-22,N05C,0.0,daily
2015-01-23,N05C,0.0,daily
2015-01-24,N05C,0.0,daily
2015-01-25,N05C,1.0,daily
2015-01-26,N05C,0.0,daily
2015-01-27,N05C,0.0,daily
2015-01-28,N05C,3.0,daily
2015-01-29,N05C,3.0,daily
2015-01-30,N05C,1.0,daily
2015-01-31,N05C,0.0,daily
2015-02-01,N05C,1.0,daily
2015-02-02,N05C,0.0,daily
2015-02-03,N05C,0.0,daily
2015-02-04,N05C,0.0,daily
2015-02-05,N05C,0.0,daily
2015-02-06,N05C,1.0,daily
2015-02-07,N05C,0.0,daily
2015-02-08,N05C,0.0,daily
2015-02-09,N05C,1.0,daily
2015-02-10,N05C,0.0,daily
2015-02-11,N05C,0.0,daily
2015-02-12,N05C,1.0,daily
2015-02-13,N05C,1.0,daily
2015-02-14,N05C,1.0,daily
2015-02-15,N05C,0.0,daily
2015-02-16,N05C,0.0,daily
2015-02-17,N05C,0.0,daily
2015-02-18,N05C,0.0,daily
2015-02-19,N05C,2.0,daily
2015-02-20,N05C,0.0,daily
2015-02-21,N05C,0.0,daily
2015-02-22,N05C,0.0,daily
2015-02-23,N05C,0.0,daily
2015-02-24,N05C,0.0,daily
2015-02-25,N05C,0.0,daily
2015-02-26,N05C,0.0,daily
2015-02-27,N05C,1.0,daily
2015-02-28,N05C,0.0,daily
2015-03-01,N05C,4.0,daily
2015-03-02,N05C,1.0,daily
2015-03-03,N05C,0.0,daily
2015-03-04,N05C,0.0,daily
2015-03-05,N05C,0.0,daily
2015-03-06,N05C,0.0,daily
2015-03-07,N05C,0.0,daily
2015-03-08,N05C,0.0,daily
2015-03-09,N05C,0.0,daily
2015-03-10,N05C,0.0,daily
2015-03-11,N05C,0.0,daily
2015-03-12,N05C,0.0,daily
2015-03-13,N05C,2.0,daily
2015-03-14,N05C,0.0,daily
2015-03-15,N05C,0.0,daily
2015-03-16,N05C,0.0,daily
2015-03-17,N05C,1.0,daily
2015-03-18,N05C,0.0,daily
2015-03-19,N05C,0.0,daily
2015-03-20,N05C,1.0,daily
2015-03-21,N05C,0.0,daily
2015-03-22,N05C,0.0,daily
2015-03-23,N05C,0.0,daily
2015-03-24,N05C,2.0,daily
2015-03-25,N05C,2.0,daily
2015-03-26,N05C,0.0,daily
2015-03-27,N05C,0.0,daily
2015-03-28,N05C,0.0,daily
2015-03-29,N05C,0.0,daily
2015-03-30,N05C,0.0,daily
2015-03-31,N05C,0.0,daily
2015-04-01,N05C,2.0,daily
2015-04-02,N05C,0.0,daily
2015-04-03,N05C,0.0,daily
2015-04-04,N05C,1.0,daily
2015-04-05,N05C,0.0,daily
2015-04-06,N05C,0.0,daily
2015-04-07,N05C,0.0,daily
2015-04-08,N05C,0.0,daily
2015-04-09,N05C,0.0,daily
2015-04-10,N05C,2.0,daily
2015-04-11,N05C,0.0,daily
2015-04-12,N05C,0.0,daily
2015-04-13,N05C,0.0,daily
2015-04-14,N05C,0.0,daily
2015-04-15,N05C,0.0,daily
2015-04-16,N05C,0.0,daily
2015-04-17,N05C,0.0,daily
2015-04-18,N05C,0.0,daily
2015-04-19,N05C,0.0,daily
2015-04-20,N05C,0.0,daily
2015-04-21,N05C,0.0,daily
2015-04-22,N05C,0.0,daily
2015-04-23,N05C,0.0,daily
2015-04-24,N05C,0.0,daily
2015-04-25,N05C,0.0,daily
2015-04-26,N05C,0.0,daily
2015-04-27,N05C,0.0,daily
2015-04-28,N05C,0.0,daily
2015-04-29,N05C,0.0,daily
2015-04-30,N05C,0.0,daily
2015-05-01,N05C,0.0,daily
2015-05-02,N05C,2.0,daily
2015-05-03,N05C,0.0,daily
2015-05-04,N05C,1.0,daily
2015-05-05,N05C,0.0,daily
2015-05-06,N05C,0.0,daily
2015-05-07,N05C,1.0,daily
2015-05-08,N05C,0.0,daily
2015-05-09,N05C,1.0,daily
2015-05-10,N05C,0.0,daily
2015-05-11,N05C,0.0,daily
2015-05-12,N05C,0.0,daily
2015-05-13,N05C,0.0,daily
2015-05-14,N05C,0.0,daily
2015-05-15,N05C,0.0,daily
2015-05-16,N05C,0.0,daily
2015-05-17,N05C,0.0,daily
2015-05-18,N05C,1.0,daily
2015-05-19,N05C,0.0,daily
2015-05-20,N05C,1.0,daily
2015-05-21,N05C,0.0,daily
2015-05-22,N05C,0.0,daily
2015-05-23,N05C,0.0,daily
2015-05-24,N05C,0.0,daily
2015-05-25,N05C,3.0,daily
2015-05-26,N05C,0.0,daily
2015-05-27,N05C,0.0,daily
2015-05-28,N05C,0.0,daily
2015-05-29,N05C,0.0,daily
2015-05-30,N05C,0.0,daily
2015-05-31,N05C,0.0,daily
2015-06-01,N05C,0.0,daily
2015-06-02,N05C,4.0,daily
2015-06-03,N05C,0.0,daily
2015-06-04,N05C,0.0,daily
2015-06-05,N05C,0.0,daily
2015-06-06,N05C,0.0,daily
2015-06-07,N05C,1.0,daily
2015-06-08,N05C,1.0,daily
2015-06-09,N05C,0.0,daily
2015-06-10,N05C,0.0,daily
2015-06-11,N05C,0.0,daily
2015-06-12,N05C,2.0,daily
2015-06-13,N05C,0.0,daily
2015-06-14,N05C,0.0,daily
2015-06-15,N05C,0.0,daily
2015-06-16,N05C,0.0,daily
2015-06-17,N05C,1.0,daily
2015-06-18,N05C,0.0,daily
2015-06-19,N05C,2.0,daily
2015-06-20,N05C,0.0,daily
2015-06-21,N05C,0.0,daily
2015-06-22,N05C,0.0,daily
2015-06-23,N05C,0.0,daily
2015-06-24,N05C,1.0,daily
2015-06-25,N05C,0.0,daily
2015-06-26,N05C,0.0,daily
2015-06-27,N05C,0.0,daily
2015-06-28,N05C,0.0,daily
2015-06-29,N05C,0.0,daily
2015-06-30,N05C,0.0,daily
2015-07-01,N05C,1.0,daily
2015-07-02,N05C,0.0,daily
2015-07-03,N05C,0.0,daily
2015-07-04,N05C,0.0,daily
2015-07-05,N05C,0.0,daily
2015-07-06,N05C,0.0,daily
2015-07-07,N05C,0.0,daily
2015-07-08,N05C,0.0,daily
2015-07-09,N05C,0.0,daily
2015-07-10,N05C,0.0,daily
2015-07-11,N05C,0.0,daily
2015-07-12,N05C,0.0,daily
2015-07-13,N05C,0.0,daily
2015-07-14,N05C,0.0,daily
2015-07-15,N05C,0.0,daily
2015-07-16,N05C,0.0,daily
2015-07-17,N05C,0.0,daily
2015-07-18,N05C,3.0,daily
2015-07-19,N05C,0.0,daily
2015-07-20,N05C,0.0,daily
2015-07-21,N05C,0.0,daily
2015-07-22,N05C,0.0,daily
2015-07-23,N05C,0.0,daily
2015-07-24,N05C,1.0,daily
2015-07-25,N05C,1.0,daily
2015-07-26,N05C,0.0,daily
2015-07-27,N05C,0.0,daily
2015-07-28,N05C,0.0,daily
2015-07-29,N05C,0.0,daily
2015-07-30,N05C,0.0,daily
2015-07-31,N05C,0.0,daily
2015-08-01,N05C,0.0,daily
2015-08-02,N05C,0.0,daily
2015-08-03,N05C,1.0,daily
2015-08-04,N05C,1.0,daily
2015-08-05,N05C,0.0,daily
2015-08-06,N05C,0.0,daily
2015-08-07,N05C,2.0,daily
2015-08-08,N05C,0.0,daily
2015-08-09,N05C,0.0,daily
2015-08-10,N05C,0.0,daily
2015-08-11,N05C,0.0,daily
2015-08-12,N05C,0.0,daily
2015-08-13,N05C,0.0,daily
2015-08-14,N05C,0.0,daily
2015-08-15,N05C,1.0,daily
2015-08-16,N05C,2.0,daily
2015-08-17,N05C,0.0,daily
2015-08-18,N05C,0.0,daily
2015-08-19,N05C,0.0,daily
2015-08-20,N05C,1.0,daily
2015-08-21,N05C,1.0,daily
2015-08-22,N05C,3.0,daily
2015-08-23,N05C,0.0,daily
2015-08-24,N05C,0.0,daily
2015-08-25,N05C,0.0,daily
2015-08-26,N05C,0.0,daily
2015-08-27,N05C,0.0,daily
2015-08-28,N05C,0.0,daily
2015-08-29,N05C,3.0,daily
2015-08-30,N05C,0.0,daily
2015-08-31,N05C,0.0,daily
2015-09-01,N05C,0.0,daily
2015-09-02,N05C,0.0,daily
2015-09-03,N05C,0.0,daily
2015-09-04,N05C,1.0,daily
2015-09-05,N05C,1.0,daily
2015-09-06,N05C,1.0,daily
2015-09-07,N05C,1.0,daily
2015-09-08,N05C,0.0,daily
2015-09-09,N05C,0.0,daily
2015-09-10,N05C,0.0,daily
2015-09-11,N05C,0.0,daily
2015-09-12,N05C,3.0,daily
2015-09-13,N05C,0.0,daily
2015-09-14,N05C,0.0,daily
2015-09-15,N05C,0.0,daily
2015-09-16,N05C,0.0,daily
2015-09-17,N05C,0.0,daily
2015-09-18,N05C,0.0,daily
2015-09-19,N05C,0.0,daily
2015-09-20,N05C,0.0,daily
2015-09-21,N05C,0.0,daily
2015-09-22,N05C,2.0,daily
2015-09-23,N05C,0.0,daily
2015-09-24,N05C,0.0,daily
2015-09-25,N05C,0.0,daily
2015-09-26,N05C,1.0,daily
2015-09-27,N05C,1.0,daily
2015-09-28,N05C,0.0,daily
2015-09-29,N05C,0.0,daily
2015-09-30,N05C,0.0,daily
2015-10-01,N05C,0.0,daily
2015-10-02,N05C,0.0,daily
2015-10-03,N05C,0.0,daily
2015-10-04,N05C,0.0,daily
2015-10-05,N05C,1.0,daily
2015-10-06,N05C,1.0,daily
2015-10-07,N05C,0.0,daily
2015-10-08,N05C,0.0,daily
2015-10-09,N05C,2.0,daily
2015-10-10,N05C,0.0,daily
2015-10-11,N05C,0.0,daily
2015-10-12,N05C,0.0,daily
2015-10-13,N05C,0.0,daily
2015-10-14,N05C,0.0,daily
2015-10-15,N05C,0.0,daily
2015-10-16,N05C,0.0,daily
2015-10-17,N05C,0.0,daily
2015-10-18,N05C,1.0,daily
2015-10-19,N05C,0.0,daily
2015-10-20,N05C,0.0,daily
2015-10-21,N05C,1.0,daily
2015-10-22,N05C,0.0,daily
2015-10-23,N05C,0.0,daily
2015-10-24,N05C,0.0,daily
2015-10-25,N05C,0.0,daily
2015-10-26,N05C,1.0,daily
2015-10-27,N05C,0.0,daily
2015-10-28,N05C,1.0,daily
2015-10-29,N05C,0.0,daily
2015-10-30,N05C,0.0,daily
2015-10-31,N05C,0.0,daily
2015-11-01,N05C,0.0,daily
2015-11-02,N05C,0.0,daily
2015-11-03,N05C,0.0,daily
2015-11-04,N05C,3.0,daily
2015-11-05,N05C,0.0,daily
2015-11-06,N05C,2.0,daily
2015-11-07,N05C,1.0,daily
2015-11-08,N05C,0.0,daily
2015-11-09,N05C,1.0,daily
2015-11-10,N05C,0.0,daily
2015-11-11,N05C,0.0,daily
2015-11-12,N05C,0.0,daily
2015-11-13,N05C,0.0,daily
2015-11-14,N05C,1.0,daily
2015-11-15,N05C,2.0,daily
2015-11-16,N05C,0.0,daily
2015-11-17,N05C,0.0,daily
2015-11-18,N05C,0.0,daily
2015-11-19,N05C,0.0,daily
2015-11-20,N05C,2.0,daily
2015-11-21,N05C,0.0,daily
2015-11-22,N05C,2.0,daily
2015-11-23,N05C,0.0,daily
2015-11-24,N05C,3.0,daily
2015-11-25,N05C,0.0,daily
2015-11-26,N05C,0.0,daily
2015-11-27,N05C,0.0,daily
2015-11-28,N05C,0.0,daily
2015-11-29,N05C,0.0,daily
2015-11-30,N05C,1.0,daily
2015-12-01,N05C,1.0,daily
2015-12-02,N05C,4.0,daily
2015-12-03,N05C,1.0,daily
2015-12-04,N05C,3.0,daily
2015-12-05,N05C,0.0,daily
2015-12-06,N05C,2.0,daily
2015-12-07,N05C,1.0,daily
2015-12-08,N05C,0.0,daily
2015-12-09,N05C,0.0,daily
2015-12-10,N05C,0.0,daily
2015-12-11,N05C,0.0,daily
2015-12-12,N05C,2.0,daily
2015-12-13,N05C,0.0,daily
2015-12-14,N05C,0.0,daily
2015-12-15,N05C,1.0,daily
2015-12-16,N05C,1.0,daily
2015-12-17,N05C,0.0,daily
2015-12-18,N05C,4.0,daily
2015-12-19,N05C,0.0,daily
2015-12-20,N05C,0.0,daily
2015-12-21,N05C,0.0,daily
2015-12-22,N05C,0.0,daily
2015-12-23,N05C,0.0,daily
2015-12-24,N05C,0.0,daily
2015-12-25,N05C,2.0,daily
2015-12-26,N05C,3.0,daily
2015-12-27,N05C,0.0,daily
2015-12-28,N05C,3.0,daily
2015-12-29,N05C,0.0,daily
2015-12-30,N05C,0.0,daily
2015-12-31,N05C,0.0,daily
2016-01-01,N05C,0.0,daily
2016-01-02,N05C,1.0,daily
2016-01-03,N05C,0.0,daily
2016-01-04,N05C,0.0,daily
2016-01-05,N05C,0.0,daily
2016-01-06,N05C,0.0,daily
2016-01-07,N05C,0.0,daily
2016-01-08,N05C,3.0,daily
2016-01-09,N05C,0.0,daily
2016-01-10,N05C,1.0,daily
2016-01-11,N05C,0.0,daily
2016-01-12,N05C,0.0,daily
2016-01-13,N05C,0.0,daily
2016-01-14,N05C,0.0,daily
2016-01-15,N05C,0.0,daily
2016-01-16,N05C,0.0,daily
2016-01-17,N05C,0.0,daily
2016-01-18,N05C,2.0,daily
2016-01-19,N05C,0.0,daily
2016-01-20,N05C,3.0,daily
2016-01-21,N05C,4.0,daily
2016-01-22,N05C,0.0,daily
2016-01-23,N05C,0.0,daily
2016-01-24,N05C,0.0,daily
2016-01-25,N05C,2.0,daily
2016-01-26,N05C,0.0,daily
2016-01-27,N05C,5.0,daily
2016-01-28,N05C,0.0,daily
2016-01-29,N05C,1.0,daily
2016-01-30,N05C,2.0,daily
2016-01-31,N05C,0.0,daily
2016-02-01,N05C,0.0,daily
2016-02-02,N05C,0.0,daily
2016-02-03,N05C,5.0,daily
2016-02-04,N05C,0.0,daily
2016-02-05,N05C,0.0,daily
2016-02-06,N05C,0.0,daily
2016-02-07,N05C,0.0,daily
2016-02-08,N05C,0.0,daily
2016-02-09,N05C,2.0,daily
2016-02-10,N05C,0.0,daily
2016-02-11,N05C,1.0,daily
2016-02-12,N05C,0.0,daily
2016-02-13,N05C,0.0,daily
2016-02-14,N05C,0.0,daily
2016-02-15,N05C,0.0,daily
2016-02-16,N05C,2.0,daily
2016-02-17,N05C,1.0,daily
2016-02-18,N05C,0.0,daily
2016-02-19,N05C,2.0,daily
2016-02-20,N05C,0.0,daily
2016-02-21,N05C,2.0,daily
2016-02-22,N05C,0.0,daily
2016-02-23,N05C,0.0,daily
2016-02-24,N05C,2.0,daily
2016-02-25,N05C,1.0,daily
2016-02-26,N05C,2.0,daily
2016-02-27,N05C,0.0,daily
2016-02-28,N05C,0.0,daily
2016-02-29,N05C,0.0,daily
2016-03-01,N05C,2.0,daily
2016-03-02,N05C,2.0,daily
2016-03-03,N05C,0.0,daily
2016-03-04,N05C,0.0,daily
2016-03-05,N05C,0.0,daily
2016-03-06,N05C,0.0,daily
2016-03-07,N05C,1.0,daily
2016-03-08,N05C,0.0,daily
2016-03-09,N05C,1.0,daily
2016-03-10,N05C,0.0,daily
2016-03-11,N05C,0.0,daily
2016-03-12,N05C,0.0,daily
2016-03-13,N05C,0.0,daily
2016-03-14,N05C,0.0,daily
2016-03-15,N05C,0.0,daily
2016-03-16,N05C,0.0,daily
2016-03-17,N05C,0.0,daily
2016-03-18,N05C,2.0,daily
2016-03-19,N05C,1.0,daily
2016-03-20,N05C,0.0,daily
2016-03-21,N05C,0.0,daily
2016-03-22,N05C,2.0,daily
2016-03-23,N05C,1.0,daily
2016-03-24,N05C,0.0,daily
2016-03-25,N05C,0.0,daily
2016-03-26,N05C,0.0,daily
2016-03-27,N05C,1.0,daily
2016-03-28,N05C,0.0,daily
2016-03-29,N05C,0.0,daily
2016-03-30,N05C,0.0,daily
2016-03-31,N05C,0.0,daily
2016-04-01,N05C,0.0,daily
2016-04-02,N05C,0.0,daily
2016-04-03,N05C,0.0,daily
2016-04-04,N05C,1.0,daily
2016-04-05,N05C,1.0,daily
2016-04-06,N05C,0.0,daily
2016-04-07,N05C,2.0,daily
2016-04-08,N05C,1.0,daily
2016-04-09,N05C,0.0,daily
2016-04-10,N05C,1.0,daily
2016-04-11,N05C,2.0,daily
2016-04-12,N05C,1.0,daily
2016-04-13,N05C,0.0,daily
2016-04-14,N05C,0.0,daily
2016-04-15,N05C,0.0,daily
2016-04-16,N05C,0.0,daily
2016-04-17,N05C,0.0,daily
2016-04-18,N05C,3.0,daily
2016-04-19,N05C,0.0,daily
2016-04-20,N05C,5.0,daily
2016-04-21,N05C,0.0,daily
2016-04-22,N05C,0.0,daily
2016-04-23,N05C,0.0,daily
2016-04-24,N05C,0.0,daily
2016-04-25,N05C,1.0,daily
2016-04-26,N05C,0.0,daily
2016-04-27,N05C,0.0,daily
2016-04-28,N05C,0.0,daily
2016-04-29,N05C,0.0,daily
2016-04-30,N05C,0.0,daily
2016-05-01,N05C,0.0,daily
2016-05-02,N05C,0.0,daily
2016-05-03,N05C,0.0,daily
2016-05-04,N05C,0.0,daily
2016-05-05,N05C,3.0,daily
2016-05-06,N05C,0.0,daily
2016-05-07,N05C,1.0,daily
2016-05-08,N05C,0.0,daily
2016-05-09,N05C,0.0,daily
2016-05-10,N05C,0.0,daily
2016-05-11,N05C,0.0,daily
2016-05-12,N05C,1.0,daily
2016-05-13,N05C,0.0,daily
2016-05-14,N05C,0.0,daily
2016-05-15,N05C,0.0,daily
2016-05-16,N05C,0.0,daily
2016-05-17,N05C,0.0,daily
2016-05-18,N05C,0.0,daily
2016-05-19,N05C,0.0,daily
2016-05-20,N05C,2.0,daily
2016-05-21,N05C,0.0,daily
2016-05-22,N05C,1.0,daily
2016-05-23,N05C,0.0,daily
2016-05-24,N05C,0.0,daily
2016-05-25,N05C,1.0,daily
2016-05-26,N05C,1.0,daily
2016-05-27,N05C,7.0,daily
2016-05-28,N05C,0.0,daily
2016-05-29,N05C,1.0,daily
2016-05-30,N05C,0.0,daily
2016-05-31,N05C,0.0,daily
2016-06-01,N05C,0.0,daily
2016-06-02,N05C,3.0,daily
2016-06-03,N05C,0.0,daily
2016-06-04,N05C,0.0,daily
2016-06-05,N05C,0.0,daily
2016-06-06,N05C,0.0,daily
2016-06-07,N05C,0.0,daily
2016-06-08,N05C,0.0,daily
2016-06-09,N05C,0.0,daily
2016-06-10,N05C,2.0,daily
2016-06-11,N05C,1.0,daily
2016-06-12,N05C,0.0,daily
2016-06-13,N05C,0.0,daily
2016-06-14,N05C,1.0,daily
2016-06-15,N05C,1.0,daily
2016-06-16,N05C,0.0,daily
2016-06-17,N05C,0.0,daily
2016-06-18,N05C,0.0,daily
2016-06-19,N05C,0.0,daily
2016-06-20,N05C,0.0,daily
2016-06-21,N05C,0.0,daily
2016-06-22,N05C,0.0,daily
2016-06-23,N05C,0.0,daily
2016-06-24,N05C,0.0,daily
2016-06-25,N05C,0.0,daily
2016-06-26,N05C,0.0,daily
2016-06-27,N05C,0.0,daily
2016-06-28,N05C,5.0,daily
2016-06-29,N05C,7.0,daily
2016-06-30,N05C,0.0,daily
2016-07-01,N05C,0.0,daily
2016-07-02,N05C,0.0,daily
2016-07-03,N05C,0.0,daily
2016-07-04,N05C,3.0,daily
2016-07-05,N05C,0.0,daily
2016-07-06,N05C,0.0,daily
2016-07-07,N05C,1.0,daily
2016-07-08,N05C,1.0,daily
2016-07-09,N05C,0.0,daily
2016-07-10,N05C,0.0,daily
2016-07-11,N05C,0.0,daily
2016-07-12,N05C,0.0,daily
2016-07-13,N05C,0.0,daily
2016-07-14,N05C,0.0,daily
2016-07-15,N05C,0.0,daily
2016-07-16,N05C,0.0,daily
2016-07-17,N05C,0.0,daily
2016-07-18,N05C,0.0,daily
2016-07-19,N05C,0.0,daily
2016-07-20,N05C,0.0,daily
2016-07-21,N05C,0.0,daily
2016-07-22,N05C,0.0,daily
2016-07-23,N05C,0.0,daily
2016-07-24,N05C,0.0,daily
2016-07-25,N05C,0.0,daily
2016-07-26,N05C,0.0,daily
2016-07-27,N05C,1.0,daily
2016-07-28,N05C,1.0,daily
2016-07-29,N05C,1.0,daily
2016-07-30,N05C,0.0,daily
2016-07-31,N05C,0.0,daily
2016-08-01,N05C,1.0,daily
2016-08-02,N05C,0.0,daily
2016-08-03,N05C,0.0,daily
2016-08-04,N05C,0.0,daily
2016-08-05,N05C,0.0,daily
2016-08-06,N05C,0.0,daily
2016-08-07,N05C,0.0,daily
2016-08-08,N05C,0.0,daily
2016-08-09,N05C,1.0,daily
2016-08-10,N05C,0.0,daily
2016-08-11,N05C,0.0,daily
2016-08-12,N05C,4.0,daily
2016-08-13,N05C,0.0,daily
2016-08-14,N05C,0.0,daily
2016-08-15,N05C,0.0,daily
2016-08-16,N05C,0.0,daily
2016-08-17,N05C,0.0,daily
2016-08-18,N05C,0.0,daily
2016-08-19,N05C,0.0,daily
2016-08-20,N05C,0.0,daily
2016-08-21,N05C,4.0,daily
2016-08-22,N05C,0.0,daily
2016-08-23,N05C,1.0,daily
2016-08-24,N05C,0.0,daily
2016-08-25,N05C,1.0,daily
2016-08-26,N05C,0.0,daily
2016-08-27,N05C,0.0,daily
2016-08-28,N05C,0.0,daily
2016-08-29,N05C,0.0,daily
2016-08-30,N05C,0.0,daily
2016-08-31,N05C,0.0,daily
2016-09-01,N05C,0.0,daily
2016-09-02,N05C,0.0,daily
2016-09-03,N05C,0.0,daily
2016-09-04,N05C,0.0,daily
2016-09-05,N05C,2.0,daily
2016-09-06,N05C,3.0,daily
2016-09-07,N05C,0.0,daily
2016-09-08,N05C,1.0,daily
2016-09-09,N05C,2.0,daily
2016-09-10,N05C,0.0,daily
2016-09-11,N05C,0.0,daily
2016-09-12,N05C,0.0,daily
2016-09-13,N05C,0.0,daily
2016-09-14,N05C,0.0,daily
2016-09-15,N05C,0.0,daily
2016-09-16,N05C,0.0,daily
2016-09-17,N05C,0.0,daily
2016-09-18,N05C,0.0,daily
2016-09-19,N05C,2.0,daily
2016-09-20,N05C,0.0,daily
2016-09-21,N05C,0.0,daily
2016-09-22,N05C,0.0,daily
2016-09-23,N05C,3.0,daily
2016-09-24,N05C,0.0,daily
2016-09-25,N05C,0.0,daily
2016-09-26,N05C,2.0,daily
2016-09-27,N05C,3.0,daily
2016-09-28,N05C,0.0,daily
2016-09-29,N05C,0.0,daily
2016-09-30,N05C,0.0,daily
2016-10-01,N05C,0.0,daily
2016-10-02,N05C,0.0,daily
2016-10-03,N05C,2.0,daily
2016-10-04,N05C,0.0,daily
2016-10-05,N05C,0.0,daily
2016-10-06,N05C,0.0,daily
2016-10-07,N05C,0.0,daily
2016-10-08,N05C,0.0,daily
2016-10-09,N05C,0.0,daily
2016-10-10,N05C,0.0,daily
2016-10-11,N05C,1.0,daily
2016-10-12,N05C,1.0,daily
2016-10-13,N05C,0.0,daily
2016-10-14,N05C,0.0,daily
2016-10-15,N05C,1.0,daily
2016-10-16,N05C,0.0,daily
2016-10-17,N05C,0.0,daily
2016-10-18,N05C,3.0,daily
2016-10-19,N05C,0.0,daily
2016-10-20,N05C,0.0,daily
2016-10-21,N05C,0.0,daily
2016-10-22,N05C,0.0,daily
2016-10-23,N05C,0.0,daily
2016-10-24,N05C,1.0,daily
2016-10-25,N05C,0.0,daily
2016-10-26,N05C,0.0,daily
2016-10-27,N05C,2.0,daily
2016-10-28,N05C,0.0,daily
2016-10-29,N05C,0.0,daily
2016-10-30,N05C,0.0,daily
2016-10-31,N05C,0.0,daily
2016-11-01,N05C,0.0,daily
2016-11-02,N05C,0.0,daily
2016-11-03,N05C,0.0,daily
2016-11-04,N05C,1.0,daily
2016-11-05,N05C,0.0,daily
2016-11-06,N05C,2.0,daily
2016-11-07,N05C,0.0,daily
2016-11-08,N05C,2.0,daily
2016-11-09,N05C,0.0,daily
2016-11-10,N05C,2.0,daily
2016-11-11,N05C,0.0,daily
2016-11-12,N05C,0.0,daily
2016-11-13,N05C,0.0,daily
2016-11-14,N05C,3.0,daily
2016-11-15,N05C,5.0,daily
2016-11-16,N05C,0.0,daily
2016-11-17,N05C,0.0,daily
2016-11-18,N05C,1.0,daily
2016-11-19,N05C,0.0,daily
2016-11-20,N05C,0.0,daily
2016-11-21,N05C,0.0,daily
2016-11-22,N05C,2.0,daily
2016-11-23,N05C,0.0,daily
2016-11-24,N05C,0.0,daily
2016-11-25,N05C,4.0,daily
2016-11-26,N05C,3.0,daily
2016-11-27,N05C,0.0,daily
2016-11-28,N05C,0.0,daily
2016-11-29,N05C,2.0,daily
2016-11-30,N05C,0.0,daily
2016-12-01,N05C,0.0,daily
2016-12-02,N05C,0.0,daily
2016-12-03,N05C,0.0,daily
2016-12-04,N05C,0.0,daily
2016-12-05,N05C,1.0,daily
2016-12-06,N05C,0.0,daily
2016-12-07,N05C,3.0,daily
2016-12-08,N05C,0.0,daily
2016-12-09,N05C,0.0,daily
2016-12-10,N05C,0.0,daily
2016-12-11,N05C,0.0,daily
2016-12-12,N05C,3.0,daily
2016-12-13,N05C,0.0,daily
2016-12-14,N05C,0.0,daily
2016-12-15,N05C,0.0,daily
2016-12-16,N05C,3.0,daily
2016-12-17,N05C,0.0,daily
2016-12-18,N05C,0.0,daily
2016-12-19,N05C,0.0,daily
2016-12-20,N05C,2.0,daily
2016-12-21,N05C,0.0,daily
2016-12-22,N05C,0.0,daily
2016-12-23,N05C,0.0,daily
2016-12-24,N05C,1.0,daily
2016-12-25,N05C,0.0,daily
2016-12-26,N05C,0.0,daily
2016-12-27,N05C,2.0,daily
2016-12-28,N05C,0.0,daily
2016-12-29,N05C,3.0,daily
2016-12-30,N05C,0.0,daily
2016-12-31,N05C,0.0,daily
2017-01-01,N05C,1.875,daily
2017-01-02,N05C,0.625,daily
2017-01-03,N05C,0.0,daily
2017-01-04,N05C,1.25,daily
2017-01-05,N05C,0.0,daily
2017-01-06,N05C,0.0,daily
2017-01-07,N05C,0.0,daily
2017-01-08,N05C,2.083333333,daily
2017-01-09,N05C,0.416666667,daily
2017-01-10,N05C,1.666666667,daily
2017-01-11,N05C,1.25,daily
2017-01-12,N05C,1.25,daily
2017-01-13,N05C,0.0,daily
2017-01-14,N05C,0.833333333,daily
2017-01-15,N05C,0.0,daily
2017-01-16,N05C,0.416666667,daily
2017-01-17,N05C,1.666666667,daily
2017-01-18,N05C,1.25,daily
2017-01-19,N05C,0.0,daily
2017-01-20,N05C,2.916666667,daily
2017-01-21,N05C,2.083333333,daily
2017-01-22,N05C,1.25,daily
2017-01-23,N05C,0.833333333,daily
2017-01-24,N05C,0.0,daily
2017-01-25,N05C,2.083333333,daily
2017-01-26,N05C,0.833333333,daily
2017-01-27,N05C,2.083333333,daily
2017-01-28,N05C,0.0,daily
2017-01-29,N05C,2.5,daily
2017-01-30,N05C,4.166666667,daily
2017-01-31,N05C,0.833333333,daily
2017-02-01,N05C,0.416666667,daily
2017-02-02,N05C,0.416666667,daily
2017-02-03,N05C,2.5,daily
2017-02-04,N05C,0.833333333,daily
2017-02-05,N05C,0.0,daily
2017-02-06,N05C,2.0,daily
2017-02-07,N05C,0.0,daily
2017-02-08,N05C,0.0,daily
2017-02-09,N05C,0.0,daily
2017-02-10,N05C,0.0,daily
2017-02-11,N05C,1.0,daily
2017-02-12,N05C,0.0,daily
2017-02-13,N05C,0.0,daily
2017-02-14,N05C,0.0,daily
2017-02-15,N05C,0.0,daily
2017-02-16,N05C,0.0,daily
2017-02-17,N05C,0.0,daily
2017-02-18,N05C,0.0,daily
2017-02-19,N05C,0.0,daily
2017-02-20,N05C,0.0,daily
2017-02-21,N05C,0.0,daily
2017-02-22,N05C,0.0,daily
2017-02-23,N05C,1.0,daily
2017-02-24,N05C,1.0,daily
2017-02-25,N05C,0.0,daily
2017-02-26,N05C,0.0,daily
2017-02-27,N05C,0.0,daily
2017-02-28,N05C,2.0,daily
2017-03-01,N05C,0.0,daily
2017-03-02,N05C,1.0,daily
2017-03-03,N05C,1.0,daily
2017-03-04,N05C,0.0,daily
2017-03-05,N05C,0.0,daily
2017-03-06,N05C,0.0,daily
2017-03-07,N05C,0.0,daily
2017-03-08,N05C,0.0,daily
2017-03-09,N05C,1.0,daily
2017-03-10,N05C,1.0,daily
2017-03-11,N05C,1.0,daily
2017-03-12,N05C,4.0,daily
2017-03-13,N05C,0.0,daily
2017-03-14,N05C,0.0,daily
2017-03-15,N05C,0.0,daily
2017-03-16,N05C,0.0,daily
2017-03-17,N05C,0.0,daily
2017-03-18,N05C,0.0,daily
2017-03-19,N05C,0.0,daily
2017-03-20,N05C,0.0,daily
2017-03-21,N05C,0.0,daily
2017-03-22,N05C,0.0,daily
2017-03-23,N05C,0.0,daily
2017-03-24,N05C,0.0,daily
2017-03-25,N05C,0.0,daily
2017-03-26,N05C,0.0,daily
2017-03-27,N05C,0.0,daily
2017-03-28,N05C,0.0,daily
2017-03-29,N05C,0.0,daily
2017-03-30,N05C,0.0,daily
2017-03-31,N05C,0.0,daily
2017-04-01,N05C,0.0,daily
2017-04-02,N05C,0.0,daily
2017-04-03,N05C,0.0,daily
2017-04-04,N05C,0.0,daily
2017-04-05,N05C,2.0,daily
2017-04-06,N05C,1.0,daily
2017-04-07,N05C,0.0,daily
2017-04-08,N05C,0.0,daily
2017-04-09,N05C,0.0,daily
2017-04-10,N05C,0.0,daily
2017-04-11,N05C,0.0,daily
2017-04-12,N05C,2.0,daily
2017-04-13,N05C,0.0,daily
2017-04-14,N05C,0.0,daily
2017-04-15,N05C,0.0,daily
2017-04-16,N05C,0.0,daily
2017-04-17,N05C,0.0,daily
2017-04-18,N05C,1.0,daily
2017-04-19,N05C,0.0,daily
2017-04-20,N05C,0.0,daily
2017-04-21,N05C,0.0,daily
2017-04-22,N05C,1.0,daily
2017-04-23,N05C,0.0,daily
2017-04-24,N05C,0.0,daily
2017-04-25,N05C,0.0,daily
2017-04-26,N05C,0.0,daily
2017-04-27,N05C,1.0,daily
2017-04-28,N05C,0.0,daily
2017-04-29,N05C,1.0,daily
2017-04-30,N05C,0.0,daily
2017-05-01,N05C,0.0,daily
2017-05-02,N05C,0.0,daily
2017-05-03,N05C,0.0,daily
2017-05-04,N05C,0.0,daily
2017-05-05,N05C,0.0,daily
2017-05-06,N05C,0.0,daily
2017-05-07,N05C,0.0,daily
2017-05-08,N05C,3.0,daily
2017-05-09,N05C,0.0,daily
2017-05-10,N05C,0.0,daily
2017-05-11,N05C,2.0,daily
2017-05-12,N05C,9.0,daily
2017-05-13,N05C,0.0,daily
2017-05-14,N05C,0.0,daily
2017-05-15,N05C,3.0,daily
2017-05-16,N05C,0.0,daily
2017-05-17,N05C,0.0,daily
2017-05-18,N05C,0.0,daily
2017-05-19,N05C,0.0,daily
2017-05-20,N05C,0.0,daily
2017-05-21,N05C,0.0,daily
2017-05-22,N05C,0.0,daily
2017-05-23,N05C,0.0,daily
2017-05-24,N05C,0.0,daily
2017-05-25,N05C,0.0,daily
2017-05-26,N05C,0.0,daily
2017-05-27,N05C,0.0,daily
2017-05-28,N05C,0.0,daily
2017-05-29,N05C,2.0,daily
2017-05-30,N05C,0.0,daily
2017-05-31,N05C,4.0,daily
2017-06-01,N05C,0.0,daily
2017-06-02,N05C,1.0,daily
2017-06-03,N05C,1.0,daily
2017-06-04,N05C,1.0,daily
2017-06-05,N05C,0.0,daily
2017-06-06,N05C,0.0,daily
2017-06-07,N05C,0.0,daily
2017-06-08,N05C,0.0,daily
2017-06-09,N05C,0.0,daily
2017-06-10,N05C,0.0,daily
2017-06-11,N05C,0.0,daily
2017-06-12,N05C,0.0,daily
2017-06-13,N05C,0.0,daily
2017-06-14,N05C,3.0,daily
2017-06-15,N05C,0.0,daily
2017-06-16,N05C,0.0,daily
2017-06-17,N05C,0.0,daily
2017-06-18,N05C,0.0,daily
2017-06-19,N05C,1.0,daily
2017-06-20,N05C,0.0,daily
2017-06-21,N05C,0.0,daily
2017-06-22,N05C,0.0,daily
2017-06-23,N05C,0.0,daily
2017-06-24,N05C,1.0,daily
2017-06-25,N05C,0.0,daily
2017-06-26,N05C,0.0,daily
2017-06-27,N05C,0.0,daily
2017-06-28,N05C,0.0,daily
2017-06-29,N05C,0.0,daily
2017-06-30,N05C,0.0,daily
2017-07-01,N05C,0.0,daily
2017-07-02,N05C,0.0,daily
2017-07-03,N05C,0.0,daily
2017-07-04,N05C,0.0,daily
2017-07-05,N05C,0.0,daily
2017-07-06,N05C,1.0,daily
2017-07-07,N05C,0.0,daily
2017-07-08,N05C,0.0,daily
2017-07-09,N05C,0.0,daily
2017-07-10,N05C,2.0,daily
2017-07-11,N05C,0.0,daily
2017-07-12,N05C,0.0,daily
2017-07-13,N05C,3.0,daily
2017-07-14,N05C,0.0,daily
2017-07-15,N05C,0.0,daily
2017-07-16,N05C,0.0,daily
2017-07-17,N05C,2.0,daily
2017-07-18,N05C,0.0,daily
2017-07-19,N05C,3.0,daily
2017-07-20,N05C,2.0,daily
2017-07-21,N05C,0.0,daily
2017-07-22,N05C,1.0,daily
2017-07-23,N05C,0.0,daily
2017-07-24,N05C,0.0,daily
2017-07-25,N05C,0.0,daily
2017-07-26,N05C,1.0,daily
2017-07-27,N05C,0.0,daily
2017-07-28,N05C,0.0,daily
2017-07-29,N05C,0.0,daily
2017-07-30,N05C,0.0,daily
2017-07-31,N05C,0.0,daily
2017-08-01,N05C,0.0,daily
2017-08-02,N05C,0.0,daily
2017-08-03,N05C,0.0,daily
2017-08-04,N05C,2.0,daily
2017-08-05,N05C,0.0,daily
2017-08-06,N05C,0.0,daily
2017-08-07,N05C,2.0,daily
2017-08-08,N05C,0.0,daily
2017-08-09,N05C,0.0,daily
2017-08-10,N05C,0.0,daily
2017-08-11,N05C,3.0,daily
2017-08-12,N05C,0.0,daily
2017-08-13,N05C,0.0,daily
2017-08-14,N05C,0.0,daily
2017-08-15,N05C,0.0,daily
2017-08-16,N05C,0.0,daily
2017-08-17,N05C,0.0,daily
2017-08-18,N05C,0.0,daily
2017-08-19,N05C,0.0,daily
2017-08-20,N05C,0.0,daily
2017-08-21,N05C,0.0,daily
2017-08-22,N05C,0.0,daily
2017-08-23,N05C,0.0,daily
2017-08-24,N05C,0.0,daily
2017-08-25,N05C,0.0,daily
2017-08-26,N05C,0.0,daily
2017-08-27,N05C,2.0,daily
2017-08-28,N05C,0.0,daily
2017-08-29,N05C,0.0,daily
2017-08-30,N05C,3.0,daily
2017-08-31,N05C,0.0,daily
2017-09-01,N05C,0.0,daily
2017-09-02,N05C,0.0,daily
2017-09-03,N05C,0.0,daily
2017-09-04,N05C,0.0,daily
2017-09-05,N05C,1.0,daily
2017-09-06,N05C,0.0,daily
2017-09-07,N05C,0.0,daily
2017-09-08,N05C,0.0,daily
2017-09-09,N05C,0.0,daily
2017-09-10,N05C,0.0,daily
2017-09-11,N05C,0.0,daily
2017-09-12,N05C,1.0,daily
2017-09-13,N05C,0.0,daily
2017-09-14,N05C,0.0,daily
2017-09-15,N05C,1.0,daily
2017-09-16,N05C,0.0,daily
2017-09-17,N05C,1.0,daily
2017-09-18,N05C,0.0,daily
2017-09-19,N05C,2.0,daily
2017-09-20,N05C,0.0,daily
2017-09-21,N05C,2.0,daily
2017-09-22,N05C,0.0,daily
2017-09-23,N05C,2.0,daily
2017-09-24,N05C,1.0,daily
2017-09-25,N05C,3.0,daily
2017-09-26,N05C,0.0,daily
2017-09-27,N05C,3.0,daily
2017-09-28,N05C,0.0,daily
2017-09-29,N05C,6.0,daily
2017-09-30,N05C,0.0,daily
2017-10-01,N05C,1.0,daily
2017-10-02,N05C,1.0,daily
2017-10-03,N05C,3.0,daily
2017-10-04,N05C,0.0,daily
2017-10-05,N05C,0.0,daily
2017-10-06,N05C,0.0,daily
2017-10-07,N05C,0.0,daily
2017-10-08,N05C,0.0,daily
2017-10-09,N05C,0.0,daily
2017-10-10,N05C,0.0,daily
2017-10-11,N05C,0.0,daily
2017-10-12,N05C,0.0,daily
2017-10-13,N05C,2.0,daily
2017-10-14,N05C,1.0,daily
2017-10-15,N05C,0.0,daily
2017-10-16,N05C,0.0,daily
2017-10-17,N05C,2.0,daily
2017-10-18,N05C,0.0,daily
2017-10-19,N05C,0.0,daily
2017-10-20,N05C,0.0,daily
2017-10-21,N05C,3.0,daily
2017-10-22,N05C,0.0,daily
2017-10-23,N05C,0.0,daily
2017-10-24,N05C,0.0,daily
2017-10-25,N05C,0.0,daily
2017-10-26,N05C,1.0,daily
2017-10-27,N05C,1.0,daily
2017-10-28,N05C,0.0,daily
2017-10-29,N05C,0.0,daily
2017-10-30,N05C,0.0,daily
2017-10-31,N05C,0.0,daily
2017-11-01,N05C,0.0,daily
2017-11-02,N05C,0.0,daily
2017-11-03,N05C,3.0,daily
2017-11-04,N05C,0.0,daily
2017-11-05,N05C,0.0,daily
2017-11-06,N05C,3.0,daily
2017-11-07,N05C,0.0,daily
2017-11-08,N05C,0.0,daily
2017-11-09,N05C,0.0,daily
2017-11-10,N05C,0.0,daily
2017-11-11,N05C,0.0,daily
2017-11-12,N05C,0.0,daily
2017-11-13,N05C,0.0,daily
2017-11-14,N05C,0.0,daily
2017-11-15,N05C,3.0,daily
2017-11-16,N05C,0.0,daily
2017-11-17,N05C,0.0,daily
2017-11-18,N05C,0.0,daily
2017-11-19,N05C,0.0,daily
2017-11-20,N05C,0.0,daily
2017-11-21,N05C,0.0,daily
2017-11-22,N05C,0.0,daily
2017-11-23,N05C,0.0,daily
2017-11-24,N05C,2.0,daily
2017-11-25,N05C,0.0,daily
2017-11-26,N05C,1.0,daily
2017-11-27,N05C,0.0,daily
2017-11-28,N05C,3.0,daily
2017-11-29,N05C,0.0,daily
2017-11-30,N05C,0.0,daily
2017-12-01,N05C,0.0,daily
2017-12-02,N05C,0.0,daily
2017-12-03,N05C,0.0,daily
2017-12-04,N05C,0.0,daily
2017-12-05,N05C,0.0,daily
2017-12-06,N05C,0.0,daily
2017-12-07,N05C,0.0,daily
2017-12-08,N05C,1.0,daily
2017-12-09,N05C,0.0,daily
2017-12-10,N05C,0.0,daily
2017-12-11,N05C,0.0,daily
2017-12-12,N05C,1.0,daily
2017-12-13,N05C,0.0,daily
2017-12-14,N05C,0.0,daily
2017-12-15,N05C,0.0,daily
2017-12-16,N05C,1.0,daily
2017-12-17,N05C,0.0,daily
2017-12-18,N05C,0.0,daily
2017-12-19,N05C,0.0,daily
2017-12-20,N05C,0.0,daily
2017-12-21,N05C,0.0,daily
2017-12-22,N05C,0.0,daily
2017-12-23,N05C,0.0,daily
2017-12-24,N05C,0.0,daily
2017-12-25,N05C,0.0,daily
2017-12-26,N05C,0.0,daily
2017-12-27,N05C,0.0,daily
2017-12-28,N05C,3.0,daily
2017-12-29,N05C,0.0,daily
2017-12-30,N05C,0.0,daily
2017-12-31,N05C,0.0,daily
2018-01-01,N05C,0.0,daily
2018-01-02,N05C,0.0,daily
2018-01-03,N05C,0.0,daily
2018-01-04,N05C,0.0,daily
2018-01-05,N05C,0.0,daily
2018-01-06,N05C,0.0,daily
2018-01-07,N05C,0.0,daily
2018-01-08,N05C,0.0,daily
2018-01-09,N05C,6.0,daily
2018-01-10,N05C,0.0,daily
2018-01-11,N05C,0.0,daily
2018-01-12,N05C,0.0,daily
2018-01-13,N05C,0.0,daily
2018-01-14,N05C,0.0,daily
2018-01-15,N05C,0.0,daily
2018-01-16,N05C,0.0,daily
2018-01-17,N05C,2.0,daily
2018-01-18,N05C,0.0,daily
2018-01-19,N05C,0.0,daily
2018-01-20,N05C,0.0,daily
2018-01-21,N05C,0.0,daily
2018-01-22,N05C,0.0,daily
2018-01-23,N05C,0.0,daily
2018-01-24,N05C,0.0,daily
2018-01-25,N05C,0.0,daily
2018-01-26,N05C,0.0,daily
2018-01-27,N05C,0.0,daily
2018-01-28,N05C,0.0,daily
2018-01-29,N05C,3.0,daily
2018-01-30,N05C,0.0,daily
2018-01-31,N05C,0.0,daily
2018-02-01,N05C,0.0,daily
2018-02-02,N05C,0.0,daily
2018-02-03,N05C,0.0,daily
2018-02-04,N05C,0.0,daily
2018-02-05,N05C,0.0,daily
2018-02-06,N05C,0.0,daily
2018-02-07,N05C,0.0,daily
2018-02-08,N05C,0.0,daily
2018-02-09,N05C,0.0,daily
2018-02-10,N05C,0.0,daily
2018-02-11,N05C,0.0,daily
2018-02-12,N05C,1.0,daily
2018-02-13,N05C,0.0,daily
2018-02-14,N05C,0.0,daily
2018-02-15,N05C,0.0,daily
2018-02-16,N05C,0.0,daily
2018-02-17,N05C,0.0,daily
2018-02-18,N05C,0.0,daily
2018-02-19,N05C,0.0,daily
2018-02-20,N05C,0.0,daily
2018-02-21,N05C,0.0,daily
2018-02-22,N05C,0.0,daily
2018-02-23,N05C,0.0,daily
2018-02-24,N05C,0.0,daily
2018-02-25,N05C,0.0,daily
2018-02-26,N05C,0.0,daily
2018-02-27,N05C,9.0,daily
2018-02-28,N05C,2.0,daily
2018-03-01,N05C,1.0,daily
2018-03-02,N05C,3.0,daily
2018-03-03,N05C,1.0,daily
2018-03-04,N05C,0.0,daily
2018-03-05,N05C,0.0,daily
2018-03-06,N05C,8.0,daily
2018-03-07,N05C,5.0,daily
2018-03-08,N05C,0.0,daily
2018-03-09,N05C,1.0,daily
2018-03-10,N05C,3.0,daily
2018-03-11,N05C,0.0,daily
2018-03-12,N05C,0.0,daily
2018-03-13,N05C,0.0,daily
2018-03-14,N05C,2.0,daily
2018-03-15,N05C,0.0,daily
2018-03-16,N05C,0.0,daily
2018-03-17,N05C,0.0,daily
2018-03-18,N05C,0.0,daily
2018-03-19,N05C,2.0,daily
2018-03-20,N05C,0.0,daily
2018-03-21,N05C,0.0,daily
2018-03-22,N05C,0.0,daily
2018-03-23,N05C,0.0,daily
2018-03-24,N05C,1.0,daily
2018-03-25,N05C,0.0,daily
2018-03-26,N05C,4.0,daily
2018-03-27,N05C,1.0,daily
2018-03-28,N05C,2.0,daily
2018-03-29,N05C,0.0,daily
2018-03-30,N05C,8.0,daily
2018-03-31,N05C,0.0,daily
2018-04-01,N05C,1.0,daily
2018-04-02,N05C,0.0,daily
2018-04-03,N05C,6.0,daily
2018-04-04,N05C,0.0,daily
2018-04-05,N05C,1.0,daily
2018-04-06,N05C,0.0,daily
2018-04-07,N05C,0.0,daily
2018-04-08,N05C,0.0,daily
2018-04-09,N05C,0.0,daily
2018-04-10,N05C,3.0,daily
2018-04-11,N05C,0.0,daily
2018-04-12,N05C,0.0,daily
2018-04-13,N05C,0.0,daily
2018-04-14,N05C,0.0,daily
2018-04-15,N05C,0.0,daily
2018-04-16,N05C,0.0,daily
2018-04-17,N05C,0.0,daily
2018-04-18,N05C,0.0,daily
2018-04-19,N05C,0.0,daily
2018-04-20,N05C,0.0,daily
2018-04-21,N05C,0.0,daily
2018-04-22,N05C,0.0,daily
2018-04-23,N05C,0.0,daily
2018-04-24,N05C,0.0,daily
2018-04-25,N05C,2.0,daily
2018-04-26,N05C,0.0,daily
2018-04-27,N05C,0.0,daily
2018-04-28,N05C,1.0,daily
2018-04-29,N05C,0.0,daily
2018-04-30,N05C,0.0,daily
2018-05-01,N05C,0.0,daily
2018-05-02,N05C,0.0,daily
2018-05-03,N05C,0.0,daily
2018-05-04,N05C,0.0,daily
2018-05-05,N05C,0.0,daily
2018-05-06,N05C,0.0,daily
2018-05-07,N05C,0.0,daily
2018-05-08,N05C,2.0,daily
2018-05-09,N05C,2.0,daily
2018-05-10,N05C,0.0,daily
2018-05-11,N05C,0.0,daily
2018-05-12,N05C,0.0,daily
2018-05-13,N05C,0.0,daily
2018-05-14,N05C,1.0,daily
2018-05-15,N05C,0.0,daily
2018-05-16,N05C,0.0,daily
2018-05-17,N05C,0.0,daily
2018-05-18,N05C,0.0,daily
2018-05-19,N05C,5.0,daily
2018-05-20,N05C,1.0,daily
2018-05-21,N05C,0.0,daily
2018-05-22,N05C,0.0,daily
2018-05-23,N05C,0.0,daily
2018-05-24,N05C,1.0,daily
2018-05-25,N05C,0.0,daily
2018-05-26,N05C,0.0,daily
2018-05-27,N05C,1.0,daily
2018-05-28,N05C,0.0,daily
2018-05-29,N05C,0.0,daily
2018-05-30,N05C,0.0,daily
2018-05-31,N05C,0.0,daily
2018-06-01,N05C,0.0,daily
2018-06-02,N05C,3.0,daily
2018-06-03,N05C,1.0,daily
2018-06-04,N05C,0.0,daily
2018-06-05,N05C,2.0,daily
2018-06-06,N05C,3.0,daily
2018-06-07,N05C,1.0,daily
2018-06-08,N05C,0.0,daily
2018-06-09,N05C,0.0,daily
2018-06-10,N05C,0.0,daily
2018-06-11,N05C,0.0,daily
2018-06-12,N05C,0.0,daily
2018-06-13,N05C,0.0,daily
2018-06-14,N05C,0.0,daily
2018-06-15,N05C,0.0,daily
2018-06-16,N05C,0.0,daily
2018-06-17,N05C,0.0,daily
2018-06-18,N05C,0.0,daily
2018-06-19,N05C,0.0,daily
2018-06-20,N05C,3.0,daily
2018-06-21,N05C,0.0,daily
2018-06-22,N05C,0.0,daily
2018-06-23,N05C,0.0,daily
2018-06-24,N05C,0.0,daily
2018-06-25,N05C,3.0,daily
2018-06-26,N05C,0.0,daily
2018-06-27,N05C,0.0,daily
2018-06-28,N05C,0.0,daily
2018-06-29,N05C,0.0,daily
2018-06-30,N05C,2.0,daily
2018-07-01,N05C,0.0,daily
2018-07-02,N05C,0.0,daily
2018-07-03,N05C,0.0,daily
2018-07-04,N05C,0.0,daily
2018-07-05,N05C,3.0,daily
2018-07-06,N05C,0.0,daily
2018-07-07,N05C,0.0,daily
2018-07-08,N05C,0.0,daily
2018-07-09,N05C,3.0,daily
2018-07-10,N05C,2.0,daily
2018-07-11,N05C,0.0,daily
2018-07-12,N05C,4.0,daily
2018-07-13,N05C,0.0,daily
2018-07-14,N05C,0.0,daily
2018-07-15,N05C,0.0,daily
2018-07-16,N05C,0.0,daily
2018-07-17,N05C,0.0,daily
2018-07-18,N05C,0.0,daily
2018-07-19,N05C,1.0,daily
2018-07-20,N05C,1.0,daily
2018-07-21,N05C,0.0,daily
2018-07-22,N05C,0.0,daily
2018-07-23,N05C,1.0,daily
2018-07-24,N05C,1.0,daily
2018-07-25,N05C,0.0,daily
2018-07-26,N05C,0.0,daily
2018-07-27,N05C,0.0,daily
2018-07-28,N05C,0.0,daily
2018-07-29,N05C,1.0,daily
2018-07-30,N05C,2.0,daily
2018-07-31,N05C,0.0,daily
2018-08-01,N05C,1.0,daily
2018-08-02,N05C,0.0,daily
2018-08-03,N05C,0.0,daily
2018-08-04,N05C,3.0,daily
2018-08-05,N05C,2.0,daily
2018-08-06,N05C,0.0,daily
2018-08-07,N05C,1.0,daily
2018-08-08,N05C,0.0,daily
2018-08-09,N05C,0.0,daily
2018-08-10,N05C,0.0,daily
2018-08-11,N05C,1.0,daily
2018-08-12,N05C,0.0,daily
2018-08-13,N05C,0.0,daily
2018-08-14,N05C,0.0,daily
2018-08-15,N05C,2.0,daily
2018-08-16,N05C,3.0,daily
2018-08-17,N05C,1.0,daily
2018-08-18,N05C,1.0,daily
2018-08-19,N05C,0.0,daily
2018-08-20,N05C,0.0,daily
2018-08-21,N05C,1.0,daily
2018-08-22,N05C,1.0,daily
2018-08-23,N05C,0.0,daily
2018-08-24,N05C,0.0,daily
2018-08-25,N05C,0.0,daily
2018-08-26,N05C,0.0,daily
2018-08-27,N05C,0.0,daily
2018-08-28,N05C,1.0,daily
2018-08-29,N05C,1.0,daily
2018-08-30,N05C,0.0,daily
2018-08-31,N05C,1.0,daily
2018-09-01,N05C,1.0,daily
2018-09-02,N05C,0.0,daily
2018-09-03,N05C,0.0,daily
2018-09-04,N05C,0.0,daily
2018-09-05,N05C,0.0,daily
2018-09-06,N05C,0.0,daily
2018-09-07,N05C,0.0,daily
2018-09-08,N05C,0.0,daily
2018-09-09,N05C,0.0,daily
2018-09-10,N05C,3.0,daily
2018-09-11,N05C,0.0,daily
2018-09-12,N05C,0.0,daily
2018-09-13,N05C,2.0,daily
2018-09-14,N05C,0.0,daily
2018-09-15,N05C,0.0,daily
2018-09-16,N05C,1.0,daily
2018-09-17,N05C,1.0,daily
2018-09-18,N05C,0.0,daily
2018-09-19,N05C,0.0,daily
2018-09-20,N05C,1.0,daily
2018-09-21,N05C,0.0,daily
2018-09-22,N05C,1.0,daily
2018-09-23,N05C,0.0,daily
2018-09-24,N05C,0.0,daily
2018-09-25,N05C,0.0,daily
2018-09-26,N05C,1.0,daily
2018-09-27,N05C,0.0,daily
2018-09-28,N05C,0.0,daily
2018-09-29,N05C,0.0,daily
2018-09-30,N05C,1.0,daily
2018-10-01,N05C,0.0,daily
2018-10-02,N05C,0.0,daily
2018-10-03,N05C,2.0,daily
2018-10-04,N05C,1.0,daily
2018-10-05,N05C,0.0,daily
2018-10-06,N05C,0.0,daily
2018-10-07,N05C,0.0,daily
2018-10-08,N05C,5.0,daily
2018-10-09,N05C,0.0,daily
2018-10-10,N05C,0.0,daily
2018-10-11,N05C,0.0,daily
2018-10-12,N05C,0.0,daily
2018-10-13,N05C,0.0,daily
2018-10-14,N05C,2.0,daily
2018-10-15,N05C,0.0,daily
2018-10-16,N05C,3.0,daily
2018-10-17,N05C,0.0,daily
2018-10-18,N05C,1.0,daily
2018-10-19,N05C,2.0,daily
2018-10-20,N05C,0.0,daily
2018-10-21,N05C,3.0,daily
2018-10-22,N05C,0.0,daily
2018-10-23,N05C,1.0,daily
2018-10-24,N05C,0.0,daily
2018-10-25,N05C,0.0,daily
2018-10-26,N05C,1.0,daily
2018-10-27,N05C,1.0,daily
2018-10-28,N05C,3.0,daily
2018-10-29,N05C,0.0,daily
2018-10-30,N05C,0.0,daily
2018-10-31,N05C,0.0,daily
2018-11-01,N05C,3.0,daily
2018-11-02,N05C,0.0,daily
2018-11-03,N05C,0.0,daily
2018-11-04,N05C,0.0,daily
2018-11-05,N05C,0.0,daily
2018-11-06,N05C,0.0,daily
2018-11-07,N05C,3.0,daily
2018-11-08,N05C,0.0,daily
2018-11-09,N05C,1.0,daily
2018-11-10,N05C,1.0,daily
2018-11-11,N05C,0.0,daily
2018-11-12,N05C,2.0,daily
2018-11-13,N05C,0.0,daily
2018-11-14,N05C,0.0,daily
2018-11-15,N05C,2.0,daily
2018-11-16,N05C,0.0,daily
2018-11-17,N05C,0.0,daily
2018-11-18,N05C,1.0,daily
2018-11-19,N05C,3.0,daily
2018-11-20,N05C,1.0,daily
2018-11-21,N05C,0.0,daily
2018-11-22,N05C,0.0,daily
2018-11-23,N05C,1.0,daily
2018-11-24,N05C,0.0,daily
2018-11-25,N05C,1.0,daily
2018-11-26,N05C,1.0,daily
2018-11-27,N05C,0.0,daily
2018-11-28,N05C,2.0,daily
2018-11-29,N05C,0.0,daily
2018-11-30,N05C,0.0,daily
2018-12-01,N05C,3.0,daily
2018-12-02,N05C,0.0,daily
2018-12-03,N05C,0.0,daily
2018-12-04,N05C,0.0,daily
2018-12-05,N05C,0.0,daily
2018-12-06,N05C,0.0,daily
2018-12-07,N05C,0.0,daily
2018-12-08,N05C,0.0,daily
2018-12-09,N05C,0.0,daily
2018-12-10,N05C,1.0,daily
2018-12-11,N05C,3.0,daily
2018-12-12,N05C,0.0,daily
2018-12-13,N05C,0.0,daily
2018-12-14,N05C,1.0,daily
2018-12-15,N05C,0.0,daily
2018-12-16,N05C,0.0,daily
2018-12-17,N05C,1.0,daily
2018-12-18,N05C,3.0,daily
2018-12-19,N05C,0.0,daily
2018-12-20,N05C,3.0,daily
2018-12-21,N05C,1.0,daily
2018-12-22,N05C,1.0,daily
2018-12-23,N05C,0.0,daily
2018-12-24,N05C,0.0,daily
2018-12-25,N05C,3.0,daily
2018-12-26,N05C,1.0,daily
2018-12-27,N05C,0.0,daily
2018-12-28,N05C,6.0,daily
2018-12-29,N05C,0.0,daily
2018-12-30,N05C,0.0,daily
2018-12-31,N05C,0.0,daily
2019-01-01,N05C,0.0,daily
2019-01-02,N05C,0.0,daily
2019-01-03,N05C,0.0,daily
2019-01-04,N05C,0.0,daily
2019-01-05,N05C,0.0,daily
2019-01-06,N05C,2.0,daily
2019-01-07,N05C,0.0,daily
2019-01-08,N05C,0.0,daily
2019-01-09,N05C,3.0,daily
2019-01-10,N05C,2.0,daily
2019-01-11,N05C,0.0,daily
2019-01-12,N05C,0.0,daily
2019-01-13,N05C,1.0,daily
2019-01-14,N05C,0.0,daily
2019-01-15,N05C,0.0,daily
2019-01-16,N05C,0.0,daily
2019-01-17,N05C,3.0,daily
2019-01-18,N05C,0.0,daily
2019-01-19,N05C,0.0,daily
2019-01-20,N05C,0.0,daily
2019-01-21,N05C,0.0,daily
2019-01-22,N05C,1.0,daily
2019-01-23,N05C,0.0,daily
2019-01-24,N05C,4.0,daily
2019-01-25,N05C,2.0,daily
2019-01-26,N05C,1.0,daily
2019-01-27,N05C,1.0,daily
2019-01-28,N05C,0.0,daily
2019-01-29,N05C,2.0,daily
2019-01-30,N05C,0.0,daily
2019-01-31,N05C,1.0,daily
2019-02-01,N05C,0.0,daily
2019-02-02,N05C,1.0,daily
2019-02-03,N05C,1.0,daily
2019-02-04,N05C,1.0,daily
2019-02-05,N05C,0.0,daily
2019-02-06,N05C,0.0,daily
2019-02-07,N05C,0.0,daily
2019-02-08,N05C,3.0,daily
2019-02-09,N05C,0.0,daily
2019-02-10,N05C,0.0,daily
2019-02-11,N05C,0.0,daily
2019-02-12,N05C,0.0,daily
2019-02-13,N05C,0.0,daily
2019-02-14,N05C,0.0,daily
2019-02-15,N05C,0.0,daily
2019-02-16,N05C,0.0,daily
2019-02-17,N05C,0.0,daily
2019-02-18,N05C,0.0,daily
2019-02-19,N05C,2.0,daily
2019-02-20,N05C,0.0,daily
2019-02-21,N05C,1.0,daily
2019-02-22,N05C,0.0,daily
2019-02-23,N05C,0.0,daily
2019-02-24,N05C,0.0,daily
2019-02-25,N05C,2.0,daily
2019-02-26,N05C,0.0,daily
2019-02-27,N05C,0.0,daily
2019-02-28,N05C,1.0,daily
2019-03-01,N05C,0.0,daily
2019-03-02,N05C,3.0,daily
2019-03-03,N05C,0.0,daily
2019-03-04,N05C,0.0,daily
2019-03-05,N05C,3.0,daily
2019-03-06,N05C,1.0,daily
2019-03-07,N05C,0.0,daily
2019-03-08,N05C,1.0,daily
2019-03-09,N05C,0.0,daily
2019-03-10,N05C,0.0,daily
2019-03-11,N05C,3.0,daily
2019-03-12,N05C,0.0,daily
2019-03-13,N05C,0.0,daily
2019-03-14,N05C,1.0,daily
2019-03-15,N05C,1.0,daily
2019-03-16,N05C,0.0,daily
2019-03-17,N05C,0.0,daily
2019-03-18,N05C,0.0,daily
2019-03-19,N05C,1.0,daily
2019-03-20,N05C,0.0,daily
2019-03-21,N05C,0.0,daily
2019-03-22,N05C,0.0,daily
2019-03-23,N05C,0.0,daily
2019-03-24,N05C,1.0,daily
2019-03-25,N05C,1.0,daily
2019-03-26,N05C,0.0,daily
2019-03-27,N05C,1.0,daily
2019-03-28,N05C,0.0,daily
2019-03-29,N05C,0.0,daily
2019-03-30,N05C,1.0,daily
2019-03-31,N05C,1.0,daily
2019-04-01,N05C,0.0,daily
2019-04-02,N05C,0.0,daily
2019-04-03,N05C,0.0,daily
2019-04-04,N05C,1.0,daily
2019-04-05,N05C,0.0,daily
2019-04-06,N05C,0.0,daily
2019-04-07,N05C,0.0,daily
2019-04-08,N05C,0.0,daily
2019-04-09,N05C,0.0,daily
2019-04-10,N05C,3.0,daily
2019-04-11,N05C,0.0,daily
2019-04-12,N05C,0.0,daily
2019-04-13,N05C,0.0,daily
2019-04-14,N05C,1.0,daily
2019-04-15,N05C,2.0,daily
2019-04-16,N05C,3.0,daily
2019-04-17,N05C,1.0,daily
2019-04-18,N05C,0.0,daily
2019-04-19,N05C,0.0,daily
2019-04-20,N05C,3.0,daily
2019-04-21,N05C,0.0,daily
2019-04-22,N05C,0.0,daily
2019-04-23,N05C,1.0,daily
2019-04-24,N05C,3.0,daily
2019-04-25,N05C,1.0,daily
2019-04-26,N05C,0.0,daily
2019-04-27,N05C,1.0,daily
2019-04-28,N05C,0.0,daily
2019-04-29,N05C,0.0,daily
2019-04-30,N05C,2.0,daily
2019-05-01,N05C,0.0,daily
2019-05-02,N05C,1.0,daily
2019-05-03,N05C,3.0,daily
2019-05-04,N05C,1.0,daily
2019-05-05,N05C,0.0,daily
2019-05-06,N05C,2.0,daily
2019-05-07,N05C,0.0,daily
2019-05-08,N05C,2.0,daily
2019-05-09,N05C,1.0,daily
2019-05-10,N05C,2.0,daily
2019-05-11,N05C,0.0,daily
2019-05-12,N05C,1.0,daily
2019-05-13,N05C,0.0,daily
2019-05-14,N05C,0.0,daily
2019-05-15,N05C,0.0,daily
2019-05-16,N05C,1.0,daily
2019-05-17,N05C,2.0,daily
2019-05-18,N05C,2.0,daily
2019-05-19,N05C,0.0,daily
2019-05-20,N05C,4.0,daily
2019-05-21,N05C,0.0,daily
2019-05-22,N05C,0.0,daily
2019-05-23,N05C,0.0,daily
2019-05-24,N05C,1.0,daily
2019-05-25,N05C,0.0,daily
2019-05-26,N05C,0.0,daily
2019-05-27,N05C,0.0,daily
2019-05-28,N05C,2.0,daily
2019-05-29,N05C,1.0,daily
2019-05-30,N05C,0.0,daily
2019-05-31,N05C,0.0,daily
2019-06-01,N05C,0.0,daily
2019-06-02,N05C,1.0,daily
2019-06-03,N05C,0.0,daily
2019-06-04,N05C,1.0,daily
2019-06-05,N05C,0.0,daily
2019-06-06,N05C,2.0,daily
2019-06-07,N05C,0.0,daily
2019-06-08,N05C,0.0,daily
2019-06-09,N05C,4.0,daily
2019-06-10,N05C,0.0,daily
2019-06-11,N05C,0.0,daily
2019-06-12,N05C,0.0,daily
2019-06-13,N05C,0.0,daily
2019-06-14,N05C,1.0,daily
2019-06-15,N05C,0.0,daily
2019-06-16,N05C,0.0,daily
2019-06-17,N05C,0.0,daily
2019-06-18,N05C,0.0,daily
2019-06-19,N05C,1.0,daily
2019-06-20,N05C,4.0,daily
2019-06-21,N05C,3.0,daily
2019-06-22,N05C,2.0,daily
2019-06-23,N05C,0.0,daily
2019-06-24,N05C,3.0,daily
2019-06-25,N05C,1.0,daily
2019-06-26,N05C,1.0,daily
2019-06-27,N05C,1.0,daily
2019-06-28,N05C,0.0,daily
2019-06-29,N05C,0.0,daily
2019-06-30,N05C,0.0,daily
2019-07-01,N05C,0.0,daily
2019-07-02,N05C,0.0,daily
2019-07-03,N05C,0.0,daily
2019-07-04,N05C,1.0,daily
2019-07-05,N05C,0.0,daily
2019-07-06,N05C,0.0,daily
2019-07-07,N05C,0.0,daily
2019-07-08,N05C,1.0,daily
2019-07-09,N05C,4.0,daily
2019-07-10,N05C,0.0,daily
2019-07-11,N05C,0.0,daily
2019-07-12,N05C,0.0,daily
2019-07-13,N05C,3.0,daily
2019-07-14,N05C,0.0,daily
2019-07-15,N05C,1.0,daily
2019-07-16,N05C,0.0,daily
2019-07-17,N05C,1.0,daily
2019-07-18,N05C,0.0,daily
2019-07-19,N05C,0.0,daily
2019-07-20,N05C,0.0,daily
2019-07-21,N05C,0.0,daily
2019-07-22,N05C,0.0,daily
2019-07-23,N05C,0.0,daily
2019-07-24,N05C,0.0,daily
2019-07-25,N05C,1.0,daily
2019-07-26,N05C,0.0,daily
2019-07-27,N05C,3.0,daily
2019-07-28,N05C,1.0,daily
2019-07-29,N05C,0.0,daily
2019-07-30,N05C,4.0,daily
2019-07-31,N05C,0.0,daily
2019-08-01,N05C,0.0,daily
2019-08-02,N05C,2.0,daily
2019-08-03,N05C,5.0,daily
2019-08-04,N05C,0.0,daily
2019-08-05,N05C,1.0,daily
2019-08-06,N05C,0.0,daily
2019-08-07,N05C,0.0,daily
2019-08-08,N05C,0.0,daily
2019-08-09,N05C,5.0,daily
2019-08-10,N05C,0.0,daily
2019-08-11,N05C,2.0,daily
2019-08-12,N05C,1.0,daily
2019-08-13,N05C,0.0,daily
2019-08-14,N05C,0.0,daily
2019-08-15,N05C,0.0,daily
2019-08-16,N05C,0.0,daily
2019-08-17,N05C,1.0,daily
2019-08-18,N05C,0.0,daily
2019-08-19,N05C,2.0,daily
2019-08-20,N05C,0.0,daily
2019-08-21,N05C,0.0,daily
2019-08-22,N05C,2.0,daily
2019-08-23,N05C,2.0,daily
2019-08-24,N05C,0.0,daily
2019-08-25,N05C,0.0,daily
2019-08-26,N05C,0.0,daily
2019-08-27,N05C,0.0,daily
2019-08-28,N05C,1.0,daily
2019-08-29,N05C,1.0,daily
2019-08-30,N05C,0.0,daily
2019-08-31,N05C,1.0,daily
2019-09-01,N05C,1.0,daily
2019-09-02,N05C,0.0,daily
2019-09-03,N05C,3.0,daily
2019-09-04,N05C,0.0,daily
2019-09-05,N05C,0.0,daily
2019-09-06,N05C,0.0,daily
2019-09-07,N05C,3.0,daily
2019-09-08,N05C,0.0,daily
2019-09-09,N05C,3.0,daily
2019-09-10,N05C,0.0,daily
2019-09-11,N05C,0.0,daily
2019-09-12,N05C,0.0,daily
2019-09-13,N05C,2.0,daily
2019-09-14,N05C,0.0,daily
2019-09-15,N05C,0.0,daily
2019-09-16,N05C,1.0,daily
2019-09-17,N05C,0.0,daily
2019-09-18,N05C,0.0,daily
2019-09-19,N05C,2.0,daily
2019-09-20,N05C,0.0,daily
2019-09-21,N05C,0.0,daily
2019-09-22,N05C,0.0,daily
2019-09-23,N05C,0.0,daily
2019-09-24,N05C,0.0,daily
2019-09-25,N05C,1.0,daily
2019-09-26,N05C,0.0,daily
2019-09-27,N05C,0.0,daily
2019-09-28,N05C,0.0,daily
2019-09-29,N05C,0.0,daily
2019-09-30,N05C,0.0,daily
2019-10-01,N05C,4.0,daily
2019-10-02,N05C,1.0,daily
2019-10-03,N05C,0.0,daily
2019-10-04,N05C,0.0,daily
2019-10-05,N05C,0.0,daily
2019-10-06,N05C,0.0,daily
2019-10-07,N05C,0.0,daily
2019-10-08,N05C,2.0,daily
2014-01-02,R03,0.0,daily
2014-01-03,R03,20.0,daily
2014-01-04,R03,9.0,daily
2014-01-05,R03,3.0,daily
2014-01-06,R03,6.0,daily
2014-01-07,R03,0.0,daily
2014-01-08,R03,10.0,daily
2014-01-09,R03,3.0,daily
2014-01-10,R03,0.0,daily
2014-01-11,R03,1.0,daily
2014-01-12,R03,1.0,daily
2014-01-13,R03,7.0,daily
2014-01-14,R03,0.0,daily
2014-01-15,R03,3.0,daily
2014-01-16,R03,5.0,daily
2014-01-17,R03,6.0,daily
2014-01-18,R03,7.0,daily
2014-01-19,R03,1.0,daily
2014-01-20,R03,12.0,daily
2014-01-21,R03,0.0,daily
2014-01-22,R03,5.0,daily
2014-01-23,R03,1.0,daily
2014-01-24,R03,0.0,daily
2014-01-25,R03,5.0,daily
2014-01-26,R03,0.0,daily
2014-01-27,R03,1.0,daily
2014-01-28,R03,1.0,daily
2014-01-29,R03,1.0,daily
2014-01-30,R03,3.0,daily
2014-01-31,R03,1.0,daily
2014-02-01,R03,14.0,daily
2014-02-02,R03,8.0,daily
2014-02-03,R03,1.0,daily
2014-02-04,R03,17.0,daily
2014-02-05,R03,1.0,daily
2014-02-06,R03,5.0,daily
2014-02-07,R03,0.0,daily
2014-02-08,R03,1.0,daily
2014-02-09,R03,6.0,daily
2014-02-10,R03,3.0,daily
2014-02-11,R03,6.0,daily
2014-02-12,R03,5.0,daily
2014-02-13,R03,0.0,daily
2014-02-14,R03,0.0,daily
2014-02-15,R03,1.0,daily
2014-02-16,R03,3.0,daily
2014-02-17,R03,7.0,daily
2014-02-18,R03,13.0,daily
2014-02-19,R03,6.0,daily
2014-02-20,R03,8.0,daily
2014-02-21,R03,0.0,daily
2014-02-22,R03,1.0,daily
2014-02-23,R03,0.0,daily
2014-02-24,R03,0.0,daily
2014-02-25,R03,0.0,daily
2014-02-26,R03,12.0,daily
2014-02-27,R03,2.0,daily
2014-02-28,R03,2.0,daily
2014-03-01,R03,0.0,daily
2014-03-02,R03,0.0,daily
2014-03-03,R03,0.0,daily
2014-03-04,R03,5.0,daily
2014-03-05,R03,1.0,daily
2014-03-06,R03,5.0,daily
2014-03-07,R03,0.0,daily
2014-03-08,R03,0.0,daily
2014-03-09,R03,5.0,daily
2014-03-10,R03,0.0,daily
2014-03-11,R03,1.0,daily
2014-03-12,R03,2.0,daily
2014-03-13,R03,26.0,daily
2014-03-14,R03,1.0,daily
2014-03-15,R03,6.0,daily
2014-03-16,R03,0.0,daily
2014-03-17,R03,0.0,daily
2014-03-18,R03,0.0,daily
2014-03-19,R03,0.0,daily
2014-03-20,R03,7.0,daily
2014-03-21,R03,2.0,daily
2014-03-22,R03,18.0,daily
2014-03-23,R03,0.0,daily
2014-03-24,R03,6.0,daily
2014-03-25,R03,1.0,daily
2014-03-26,R03,3.0,daily
2014-03-27,R03,1.0,daily
2014-03-28,R03,9.0,daily
2014-03-29,R03,9.0,daily
2014-03-30,R03,0.0,daily
2014-03-31,R03,4.0,daily
2014-04-01,R03,3.0,daily
2014-04-02,R03,7.0,daily
2014-04-03,R03,0.0,daily
2014-04-04,R03,8.0,daily
2014-04-05,R03,5.0,daily
2014-04-06,R03,0.0,daily
2014-04-07,R03,0.0,daily
2014-04-08,R03,0.0,daily
2014-04-09,R03,2.0,daily
2014-04-10,R03,4.0,daily
2014-04-11,R03,0.0,daily
2014-04-12,R03,11.0,daily
2014-04-13,R03,5.0,daily
2014-04-14,R03,5.0,daily
2014-04-15,R03,10.0,daily
2014-04-16,R03,6.0,daily
2014-04-17,R03,0.0,daily
2014-04-18,R03,0.0,daily
2014-04-19,R03,3.0,daily
2014-04-20,R03,0.0,daily
2014-04-21,R03,0.0,daily
2014-04-22,R03,0.0,daily
2014-04-23,R03,2.0,daily
2014-04-24,R03,6.0,daily
2014-04-25,R03,1.0,daily
2014-04-26,R03,6.0,daily
2014-04-27,R03,1.0,daily
2014-04-28,R03,0.0,daily
2014-04-29,R03,5.0,daily
2014-04-30,R03,7.0,daily
2014-05-01,R03,0.0,daily
2014-05-02,R03,12.0,daily
2014-05-03,R03,0.0,daily
2014-05-04,R03,0.0,daily
2014-05-05,R03,3.0,daily
2014-05-06,R03,6.0,daily
2014-05-07,R03,3.0,daily
2014-05-08,R03,0.0,daily
2014-05-09,R03,1.0,daily
2014-05-10,R03,1.0,daily
2014-05-11,R03,1.0,daily
2014-05-12,R03,5.0,daily
2014-05-13,R03,25.0,daily
2014-05-14,R03,0.0,daily
2014-05-15,R03,1.0,daily
2014-05-16,R03,11.0,daily
2014-05-17,R03,0.0,daily
2014-05-18,R03,0.0,daily
2014-05-19,R03,3.0,daily
2014-05-20,R03,0.0,daily
2014-05-21,R03,0.0,daily
2014-05-22,R03,2.0,daily
2014-05-23,R03,10.0,daily
2014-05-24,R03,0.0,daily
2014-05-25,R03,5.0,daily
2014-05-26,R03,0.0,daily
2014-05-27,R03,1.0,daily
2014-05-28,R03,2.0,daily
2014-05-29,R03,0.0,daily
2014-05-30,R03,0.0,daily
2014-05-31,R03,15.0,daily
2014-06-01,R03,1.0,daily
2014-06-02,R03,0.0,daily
2014-06-03,R03,5.0,daily
2014-06-04,R03,1.0,daily
2014-06-05,R03,0.0,daily
2014-06-06,R03,1.0,daily
2014-06-07,R03,6.0,daily
2014-06-08,R03,6.0,daily
2014-06-09,R03,0.0,daily
2014-06-10,R03,2.0,daily
2014-06-11,R03,12.0,daily
2014-06-12,R03,2.0,daily
2014-06-13,R03,3.0,daily
2014-06-14,R03,1.0,daily
2014-06-15,R03,0.0,daily
2014-06-16,R03,5.0,daily
2014-06-17,R03,0.0,daily
2014-06-18,R03,1.0,daily
2014-06-19,R03,0.0,daily
2014-06-20,R03,3.0,daily
2014-06-21,R03,0.0,daily
2014-06-22,R03,2.0,daily
2014-06-23,R03,2.0,daily
2014-06-24,R03,2.0,daily
2014-06-25,R03,0.0,daily
2014-06-26,R03,0.0,daily
2014-06-27,R03,1.0,daily
2014-06-28,R03,1.0,daily
2014-06-29,R03,0.0,daily
2014-06-30,R03,0.0,daily
2014-07-01,R03,0.0,daily
2014-07-02,R03,6.0,daily
2014-07-03,R03,0.0,daily
2014-07-04,R03,2.0,daily
2014-07-05,R03,0.0,daily
2014-07-06,R03,0.0,daily
2014-07-07,R03,0.0,daily
2014-07-08,R03,5.0,daily
2014-07-09,R03,0.0,daily
2014-07-10,R03,5.0,daily
2014-07-11,R03,5.0,daily
2014-07-12,R03,12.0,daily
2014-07-13,R03,0.0,daily
2014-07-14,R03,2.0,daily
2014-07-15,R03,0.0,daily
2014-07-16,R03,4.0,daily
2014-07-17,R03,0.0,daily
2014-07-18,R03,0.0,daily
2014-07-19,R03,6.0,daily
2014-07-20,R03,0.0,daily
2014-07-21,R03,0.0,daily
2014-07-22,R03,1.0,daily
2014-07-23,R03,0.0,daily
2014-07-24,R03,0.0,daily
2014-07-25,R03,1.0,daily
2014-07-26,R03,0.0,daily
2014-07-27,R03,6.0,daily
2014-07-28,R03,0.0,daily
2014-07-29,R03,0.0,daily
2014-07-30,R03,6.0,daily
2014-07-31,R03,0.0,daily
2014-08-01,R03,0.0,daily
2014-08-02,R03,5.0,daily
2014-08-03,R03,0.0,daily
2014-08-04,R03,0.0,daily
2014-08-05,R03,0.0,daily
2014-08-06,R03,1.0,daily
2014-08-07,R03,0.0,daily
2014-08-08,R03,2.0,daily
2014-08-09,R03,0.0,daily
2014-08-10,R03,0.0,daily
2014-08-11,R03,0.0,daily
2014-08-12,R03,0.0,daily
2014-08-13,R03,0.0,daily
2014-08-14,R03,0.0,daily
2014-08-15,R03,3.0,daily
2014-08-16,R03,0.0,daily
2014-08-17,R03,0.0,daily
2014-08-18,R03,10.0,daily
2014-08-19,R03,3.0,daily
2014-08-20,R03,0.0,daily
2014-08-21,R03,0.0,daily
2014-08-22,R03,0.0,daily
2014-08-23,R03,0.0,daily
2014-08-24,R03,1.0,daily
2014-08-25,R03,0.0,daily
2014-08-26,R03,1.0,daily
2014-08-27,R03,0.0,daily
2014-08-28,R03,4.0,daily
2014-08-29,R03,0.0,daily
2014-08-30,R03,0.0,daily
2014-08-31,R03,7.0,daily
2014-09-01,R03,0.0,daily
2014-09-02,R03,2.0,daily
2014-09-03,R03,2.0,daily
2014-09-04,R03,0.0,daily
2014-09-05,R03,0.0,daily
2014-09-06,R03,5.0,daily
2014-09-07,R03,0.0,daily
2014-09-08,R03,1.0,daily
2014-09-09,R03,2.0,daily
2014-09-10,R03,0.0,daily
2014-09-11,R03,10.0,daily
2014-09-12,R03,8.0,daily
2014-09-13,R03,1.0,daily
2014-09-14,R03,6.0,daily
2014-09-15,R03,1.0,daily
2014-09-16,R03,0.0,daily
2014-09-17,R03,19.0,daily
2014-09-18,R03,0.0,daily
2014-09-19,R03,22.0,daily
2014-09-20,R03,2.0,daily
2014-09-21,R03,0.0,daily
2014-09-22,R03,0.0,daily
2014-09-23,R03,1.0,daily
2014-09-24,R03,0.0,daily
2014-09-25,R03,1.0,daily
2014-09-26,R03,0.0,daily
2014-09-27,R03,0.0,daily
2014-09-28,R03,0.0,daily
2014-09-29,R03,10.0,daily
2014-09-30,R03,22.0,daily
2014-10-01,R03,11.0,daily
2014-10-02,R03,2.0,daily
2014-10-03,R03,11.0,daily
2014-10-04,R03,25.0,daily
2014-10-05,R03,0.0,daily
2014-10-06,R03,0.0,daily
2014-10-07,R03,5.0,daily
2014-10-08,R03,0.0,daily
2014-10-09,R03,5.0,daily
2014-10-10,R03,6.0,daily
2014-10-11,R03,0.0,daily
2014-10-12,R03,5.0,daily
2014-10-13,R03,1.0,daily
2014-10-14,R03,11.0,daily
2014-10-15,R03,2.0,daily
2014-10-16,R03,5.0,daily
2014-10-17,R03,0.0,daily
2014-10-18,R03,3.0,daily
2014-10-19,R03,6.0,daily
2014-10-20,R03,0.0,daily
2014-10-21,R03,20.0,daily
2014-10-22,R03,2.0,daily
2014-10-23,R03,0.0,daily
2014-10-24,R03,5.0,daily
2014-10-25,R03,2.0,daily
2014-10-26,R03,1.0,daily
2014-10-27,R03,3.0,daily
2014-10-28,R03,0.0,daily
2014-10-29,R03,27.0,daily
2014-10-30,R03,2.0,daily
2014-10-31,R03,0.0,daily
2014-11-01,R03,7.0,daily
2014-11-02,R03,0.0,daily
2014-11-03,R03,5.0,daily
2014-11-04,R03,0.0,daily
2014-11-05,R03,1.0,daily
2014-11-06,R03,0.0,daily
2014-11-07,R03,0.0,daily
2014-11-08,R03,17.0,daily
2014-11-09,R03,2.0,daily
2014-11-10,R03,7.0,daily
2014-11-11,R03,8.0,daily
2014-11-12,R03,3.0,daily
2014-11-13,R03,0.0,daily
2014-11-14,R03,2.0,daily
2014-11-15,R03,2.0,daily
2014-11-16,R03,0.0,daily
2014-11-17,R03,10.0,daily
2014-11-18,R03,0.0,daily
2014-11-19,R03,10.0,daily
2014-11-20,R03,8.0,daily
2014-11-21,R03,2.0,daily
2014-11-22,R03,8.0,daily
2014-11-23,R03,0.0,daily
2014-11-24,R03,1.0,daily
2014-11-25,R03,2.0,daily
2014-11-26,R03,11.0,daily
2014-11-27,R03,4.0,daily
2014-11-28,R03,2.0,daily
2014-11-29,R03,0.0,daily
2014-11-30,R03,0.0,daily
2014-12-01,R03,2.0,daily
2014-12-02,R03,4.0,daily
2014-12-03,R03,13.0,daily
2014-12-04,R03,1.0,daily
2014-12-05,R03,1.0,daily
2014-12-06,R03,7.0,daily
2014-12-07,R03,12.0,daily
2014-12-08,R03,0.0,daily
2014-12-09,R03,0.0,daily
2014-12-10,R03,6.0,daily
2014-12-11,R03,0.0,daily
2014-12-12,R03,2.0,daily
2014-12-13,R03,7.0,daily
2014-12-14,R03,6.0,daily
2014-12-15,R03,9.0,daily
2014-12-16,R03,4.0,daily
2014-12-17,R03,8.0,daily
2014-12-18,R03,0.0,daily
2014-12-19,R03,0.0,daily
2014-12-20,R03,0.0,daily
2014-12-21,R03,10.0,daily
2014-12-22,R03,13.0,daily
2014-12-23,R03,15.0,daily
2014-12-24,R03,2.0,daily
2014-12-25,R03,2.0,daily
2014-12-26,R03,0.0,daily
2014-12-27,R03,9.0,daily
2014-12-28,R03,13.0,daily
2014-12-29,R03,2.0,daily
2014-12-30,R03,5.0,daily
2014-12-31,R03,10.0,daily
2015-01-01,R03,0.0,daily
2015-01-02,R03,6.25,daily
2015-01-03,R03,0.0,daily
2015-01-04,R03,2.0,daily
2015-01-05,R03,16.0,daily
2015-01-06,R03,3.0,daily
2015-01-07,R03,0.0,daily
2015-01-08,R03,1.0,daily
2015-01-09,R03,7.0,daily
2015-01-10,R03,1.0,daily
2015-01-11,R03,11.0,daily
2015-01-12,R03,6.0,daily
2015-01-13,R03,4.0,daily
2015-01-14,R03,1.0,daily
2015-01-15,R03,15.0,daily
2015-01-16,R03,6.0,daily
2015-01-17,R03,0.0,daily
2015-01-18,R03,0.0,daily
2015-01-19,R03,20.0,daily
2015-01-20,R03,4.0,daily
2015-01-21,R03,0.0,daily
2015-01-22,R03,0.0,daily
2015-01-23,R03,7.0,daily
2015-01-24,R03,22.0,daily
2015-01-25,R03,5.0,daily
2015-01-26,R03,13.0,daily
2015-01-27,R03,0.0,daily
2015-01-28,R03,5.0,daily
2015-01-29,R03,11.0,daily
2015-01-30,R03,0.0,daily
2015-01-31,R03,11.0,daily
2015-02-01,R03,0.0,daily
2015-02-02,R03,3.0,daily
2015-02-03,R03,6.0,daily
2015-02-04,R03,12.0,daily
2015-02-05,R03,2.0,daily
2015-02-06,R03,13.0,daily
2015-02-07,R03,0.0,daily
2015-02-08,R03,0.0,daily
2015-02-09,R03,0.0,daily
2015-02-10,R03,6.0,daily
2015-02-11,R03,20.0,daily
2015-02-12,R03,5.0,daily
2015-02-13,R03,22.0,daily
2015-02-14,R03,5.0,daily
2015-02-15,R03,7.0,daily
2015-02-16,R03,10.0,daily
2015-02-17,R03,6.0,daily
2015-02-18,R03,11.0,daily
2015-02-19,R03,6.0,daily
2015-02-20,R03,25.0,daily
2015-02-21,R03,0.0,daily
2015-02-22,R03,11.0,daily
2015-02-23,R03,20.0,daily
2015-02-24,R03,11.0,daily
2015-02-25,R03,2.0,daily
2015-02-26,R03,1.0,daily
2015-02-27,R03,0.0,daily
2015-02-28,R03,4.0,daily
2015-03-01,R03,0.0,daily
2015-03-02,R03,2.0,daily
2015-03-03,R03,1.0,daily
2015-03-04,R03,11.0,daily
2015-03-05,R03,0.0,daily
2015-03-06,R03,1.0,daily
2015-03-07,R03,0.0,daily
2015-03-08,R03,2.0,daily
2015-03-09,R03,1.0,daily
2015-03-10,R03,6.0,daily
2015-03-11,R03,4.0,daily
2015-03-12,R03,2.0,daily
2015-03-13,R03,1.0,daily
2015-03-14,R03,9.0,daily
2015-03-15,R03,12.0,daily
2015-03-16,R03,0.0,daily
2015-03-17,R03,2.0,daily
2015-03-18,R03,20.0,daily
2015-03-19,R03,15.0,daily
2015-03-20,R03,5.0,daily
2015-03-21,R03,6.0,daily
2015-03-22,R03,10.0,daily
2015-03-23,R03,0.0,daily
2015-03-24,R03,9.0,daily
2015-03-25,R03,13.0,daily
2015-03-26,R03,6.0,daily
2015-03-27,R03,22.0,daily
2015-03-28,R03,0.0,daily
2015-03-29,R03,8.0,daily
2015-03-30,R03,0.0,daily
2015-03-31,R03,2.0,daily
2015-04-01,R03,5.0,daily
2015-04-02,R03,3.0,daily
2015-04-03,R03,0.0,daily
2015-04-04,R03,5.0,daily
2015-04-05,R03,0.0,daily
2015-04-06,R03,3.0,daily
2015-04-07,R03,8.0,daily
2015-04-08,R03,10.0,daily
2015-04-09,R03,6.0,daily
2015-04-10,R03,8.0,daily
2015-04-11,R03,5.0,daily
2015-04-12,R03,0.0,daily
2015-04-13,R03,3.0,daily
2015-04-14,R03,5.0,daily
2015-04-15,R03,0.0,daily
2015-04-16,R03,9.0,daily
2015-04-17,R03,1.0,daily
2015-04-18,R03,1.0,daily
2015-04-19,R03,0.0,daily
2015-04-20,R03,1.0,daily
2015-04-21,R03,0.0,daily
2015-04-22,R03,1.0,daily
2015-04-23,R03,1.0,daily
2015-04-24,R03,1.0,daily
2015-04-25,R03,1.0,daily
2015-04-26,R03,1.0,daily
2015-04-27,R03,0.0,daily
2015-04-28,R03,5.0,daily
2015-04-29,R03,11.0,daily
2015-04-30,R03,3.0,daily
2015-05-01,R03,0.0,daily
2015-05-02,R03,0.0,daily
2015-05-03,R03,1.0,daily
2015-05-04,R03,10.0,daily
2015-05-05,R03,5.0,daily
2015-05-06,R03,0.0,daily
2015-05-07,R03,5.0,daily
2015-05-08,R03,4.0,daily
2015-05-09,R03,1.0,daily
2015-05-10,R03,1.0,daily
2015-05-11,R03,6.0,daily
2015-05-12,R03,0.0,daily
2015-05-13,R03,2.0,daily
2015-05-14,R03,0.0,daily
2015-05-15,R03,4.0,daily
2015-05-16,R03,0.0,daily
2015-05-17,R03,0.0,daily
2015-05-18,R03,2.0,daily
2015-05-19,R03,0.0,daily
2015-05-20,R03,5.0,daily
2015-05-21,R03,1.0,daily
2015-05-22,R03,0.0,daily
2015-05-23,R03,2.0,daily
2015-05-24,R03,0.0,daily
2015-05-25,R03,0.0,daily
2015-05-26,R03,22.0,daily
2015-05-27,R03,0.0,daily
2015-05-28,R03,20.0,daily
2015-05-29,R03,5.0,daily
2015-05-30,R03,4.0,daily
2015-05-31,R03,0.0,daily
2015-06-01,R03,2.0,daily
2015-06-02,R03,3.0,daily
2015-06-03,R03,6.0,daily
2015-06-04,R03,2.0,daily
2015-06-05,R03,1.0,daily
2015-06-06,R03,17.0,daily
2015-06-07,R03,22.0,daily
2015-06-08,R03,3.0,daily
2015-06-09,R03,0.0,daily
2015-06-10,R03,7.0,daily
2015-06-11,R03,1.0,daily
2015-06-12,R03,0.0,daily
2015-06-13,R03,12.0,daily
2015-06-14,R03,3.0,daily
2015-06-15,R03,6.0,daily
2015-06-16,R03,8.0,daily
2015-06-17,R03,20.0,daily
2015-06-18,R03,23.0,daily
2015-06-19,R03,10.0,daily
2015-06-20,R03,10.0,daily
2015-06-21,R03,6.0,daily
2015-06-22,R03,1.0,daily
2015-06-23,R03,5.0,daily
2015-06-24,R03,4.0,daily
2015-06-25,R03,0.0,daily
2015-06-26,R03,1.0,daily
2015-06-27,R03,1.0,daily
2015-06-28,R03,6.0,daily
2015-06-29,R03,11.0,daily
2015-06-30,R03,2.0,daily
2015-07-01,R03,12.0,daily
2015-07-02,R03,1.0,daily
2015-07-03,R03,8.0,daily
2015-07-04,R03,0.0,daily
2015-07-05,R03,1.0,daily
2015-07-06,R03,3.0,daily
2015-07-07,R03,3.0,daily
2015-07-08,R03,5.0,daily
2015-07-09,R03,0.0,daily
2015-07-10,R03,8.0,daily
2015-07-11,R03,2.0,daily
2015-07-12,R03,0.0,daily
2015-07-13,R03,0.0,daily
2015-07-14,R03,2.0,daily
2015-07-15,R03,1.0,daily
2015-07-16,R03,2.0,daily
2015-07-17,R03,0.0,daily
2015-07-18,R03,1.0,daily
2015-07-19,R03,1.0,daily
2015-07-20,R03,0.0,daily
2015-07-21,R03,1.0,daily
2015-07-22,R03,5.0,daily
2015-07-23,R03,0.0,daily
2015-07-24,R03,1.0,daily
2015-07-25,R03,0.0,daily
2015-07-26,R03,0.0,daily
2015-07-27,R03,0.0,daily
2015-07-28,R03,1.0,daily
2015-07-29,R03,2.0,daily
2015-07-30,R03,0.0,daily
2015-07-31,R03,0.0,daily
2015-08-01,R03,0.0,daily
2015-08-02,R03,0.0,daily
2015-08-03,R03,5.0,daily
2015-08-04,R03,0.0,daily
2015-08-05,R03,0.0,daily
2015-08-06,R03,3.0,daily
2015-08-07,R03,1.0,daily
2015-08-08,R03,0.0,daily
2015-08-09,R03,2.0,daily
2015-08-10,R03,1.0,daily
2015-08-11,R03,0.0,daily
2015-08-12,R03,1.0,daily
2015-08-13,R03,3.0,daily
2015-08-14,R03,1.0,daily
2015-08-15,R03,1.0,daily
2015-08-16,R03,0.0,daily
2015-08-17,R03,0.0,daily
2015-08-18,R03,3.0,daily
2015-08-19,R03,3.0,daily
2015-08-20,R03,0.0,daily
2015-08-21,R03,1.0,daily
2015-08-22,R03,1.0,daily
2015-08-23,R03,2.0,daily
2015-08-24,R03,0.0,daily
2015-08-25,R03,1.0,daily
2015-08-26,R03,1.0,daily
2015-08-27,R03,0.0,daily
2015-08-28,R03,0.0,daily
2015-08-29,R03,3.0,daily
2015-08-30,R03,6.0,daily
2015-08-31,R03,6.0,daily
2015-09-01,R03,0.0,daily
2015-09-02,R03,5.0,daily
2015-09-03,R03,4.0,daily
2015-09-04,R03,1.0,daily
2015-09-05,R03,6.0,daily
2015-09-06,R03,0.0,daily
2015-09-07,R03,5.0,daily
2015-09-08,R03,2.0,daily
2015-09-09,R03,2.0,daily
2015-09-10,R03,2.0,daily
2015-09-11,R03,2.0,daily
2015-09-12,R03,0.0,daily
2015-09-13,R03,11.0,daily
2015-09-14,R03,0.0,daily
2015-09-15,R03,6.0,daily
2015-09-16,R03,2.0,daily
2015-09-17,R03,1.0,daily
2015-09-18,R03,4.0,daily
2015-09-19,R03,4.0,daily
2015-09-20,R03,0.0,daily
2015-09-21,R03,0.0,daily
2015-09-22,R03,5.0,daily
2015-09-23,R03,2.0,daily
2015-09-24,R03,0.0,daily
2015-09-25,R03,1.0,daily
2015-09-26,R03,7.0,daily
2015-09-27,R03,2.0,daily
2015-09-28,R03,17.0,daily
2015-09-29,R03,0.0,daily
2015-09-30,R03,0.0,daily
2015-10-01,R03,5.0,daily
2015-10-02,R03,5.0,daily
2015-10-03,R03,7.0,daily
2015-10-04,R03,16.0,daily
2015-10-05,R03,7.0,daily
2015-10-06,R03,5.0,daily
2015-10-07,R03,5.0,daily
2015-10-08,R03,20.0,daily
2015-10-09,R03,10.0,daily
2015-10-10,R03,1.0,daily
2015-10-11,R03,3.0,daily
2015-10-12,R03,5.0,daily
2015-10-13,R03,5.0,daily
2015-10-14,R03,0.0,daily
2015-10-15,R03,9.0,daily
2015-10-16,R03,5.0,daily
2015-10-17,R03,0.0,daily
2015-10-18,R03,8.0,daily
2015-10-19,R03,17.0,daily
2015-10-20,R03,10.0,daily
2015-10-21,R03,1.0,daily
2015-10-22,R03,2.0,daily
2015-10-23,R03,6.0,daily
2015-10-24,R03,4.0,daily
2015-10-25,R03,0.0,daily
2015-10-26,R03,2.0,daily
2015-10-27,R03,8.0,daily
2015-10-28,R03,6.0,daily
2015-10-29,R03,0.0,daily
2015-10-30,R03,5.0,daily
2015-10-31,R03,7.0,daily
2015-11-01,R03,5.0,daily
2015-11-02,R03,7.0,daily
2015-11-03,R03,3.0,daily
2015-11-04,R03,3.0,daily
2015-11-05,R03,0.0,daily
2015-11-06,R03,1.0,daily
2015-11-07,R03,6.0,daily
2015-11-08,R03,13.0,daily
2015-11-09,R03,12.0,daily
2015-11-10,R03,9.0,daily
2015-11-11,R03,12.0,daily
2015-11-12,R03,20.0,daily
2015-11-13,R03,0.0,daily
2015-11-14,R03,0.0,daily
2015-11-15,R03,17.0,daily
2015-11-16,R03,3.0,daily
2015-11-17,R03,0.0,daily
2015-11-18,R03,0.0,daily
2015-11-19,R03,0.0,daily
2015-11-20,R03,10.0,daily
2015-11-21,R03,17.0,daily
2015-11-22,R03,2.0,daily
2015-11-23,R03,1.0,daily
2015-11-24,R03,1.0,daily
2015-11-25,R03,3.0,daily
2015-11-26,R03,0.0,daily
2015-11-27,R03,0.0,daily
2015-11-28,R03,10.0,daily
2015-11-29,R03,4.0,daily
2015-11-30,R03,6.0,daily
2015-12-01,R03,5.0,daily
2015-12-02,R03,0.0,daily
2015-12-03,R03,1.0,daily
2015-12-04,R03,3.0,daily
2015-12-05,R03,7.0,daily
2015-12-06,R03,3.0,daily
2015-12-07,R03,11.0,daily
2015-12-08,R03,0.0,daily
2015-12-09,R03,3.0,daily
2015-12-10,R03,9.0,daily
2015-12-11,R03,16.0,daily
2015-12-12,R03,6.0,daily
2015-12-13,R03,27.0,daily
2015-12-14,R03,21.0,daily
2015-12-15,R03,2.0,daily
2015-12-16,R03,11.0,daily
2015-12-17,R03,0.0,daily
2015-12-18,R03,2.0,daily
2015-12-19,R03,0.0,daily
2015-12-20,R03,16.0,daily
2015-12-21,R03,6.0,daily
2015-12-22,R03,13.0,daily
2015-12-23,R03,0.0,daily
2015-12-24,R03,16.0,daily
2015-12-25,R03,1.0,daily
2015-12-26,R03,0.0,daily
2015-12-27,R03,14.0,daily
2015-12-28,R03,26.0,daily
2015-12-29,R03,2.0,daily
2015-12-30,R03,4.0,daily
2015-12-31,R03,6.0,daily
2016-01-01,R03,0.0,daily
2016-01-02,R03,5.0,daily
2016-01-03,R03,5.0,daily
2016-01-04,R03,12.0,daily
2016-01-05,R03,5.0,daily
2016-01-06,R03,12.0,daily
2016-01-07,R03,0.0,daily
2016-01-08,R03,2.0,daily
2016-01-09,R03,3.0,daily
2016-01-10,R03,1.0,daily
2016-01-11,R03,0.0,daily
2016-01-12,R03,0.0,daily
2016-01-13,R03,1.0,daily
2016-01-14,R03,8.0,daily
2016-01-15,R03,10.0,daily
2016-01-16,R03,2.0,daily
2016-01-17,R03,0.0,daily
2016-01-18,R03,9.0,daily
2016-01-19,R03,0.0,daily
2016-01-20,R03,3.0,daily
2016-01-21,R03,6.0,daily
2016-01-22,R03,10.0,daily
2016-01-23,R03,6.0,daily
2016-01-24,R03,12.0,daily
2016-01-25,R03,10.0,daily
2016-01-26,R03,15.0,daily
2016-01-27,R03,5.0,daily
2016-01-28,R03,4.0,daily
2016-01-29,R03,17.0,daily
2016-01-30,R03,5.0,daily
2016-01-31,R03,6.0,daily
2016-02-01,R03,6.0,daily
2016-02-02,R03,0.0,daily
2016-02-03,R03,0.0,daily
2016-02-04,R03,4.0,daily
2016-02-05,R03,3.0,daily
2016-02-06,R03,11.0,daily
2016-02-07,R03,13.0,daily
2016-02-08,R03,23.0,daily
2016-02-09,R03,1.0,daily
2016-02-10,R03,4.0,daily
2016-02-11,R03,13.0,daily
2016-02-12,R03,20.0,daily
2016-02-13,R03,10.0,daily
2016-02-14,R03,7.0,daily
2016-02-15,R03,0.0,daily
2016-02-16,R03,9.0,daily
2016-02-17,R03,1.0,daily
2016-02-18,R03,9.0,daily
2016-02-19,R03,26.0,daily
2016-02-20,R03,8.0,daily
2016-02-21,R03,7.0,daily
2016-02-22,R03,12.0,daily
2016-02-23,R03,15.0,daily
2016-02-24,R03,5.0,daily
2016-02-25,R03,4.0,daily
2016-02-26,R03,0.0,daily
2016-02-27,R03,5.0,daily
2016-02-28,R03,26.0,daily
2016-02-29,R03,3.0,daily
2016-03-01,R03,0.0,daily
2016-03-02,R03,1.0,daily
2016-03-03,R03,9.0,daily
2016-03-04,R03,0.0,daily
2016-03-05,R03,10.0,daily
2016-03-06,R03,5.0,daily
2016-03-07,R03,6.0,daily
2016-03-08,R03,3.0,daily
2016-03-09,R03,6.0,daily
2016-03-10,R03,2.0,daily
2016-03-11,R03,18.0,daily
2016-03-12,R03,23.0,daily
2016-03-13,R03,4.0,daily
2016-03-14,R03,23.0,daily
2016-03-15,R03,18.0,daily
2016-03-16,R03,4.0,daily
2016-03-17,R03,8.0,daily
2016-03-18,R03,8.0,daily
2016-03-19,R03,5.0,daily
2016-03-20,R03,15.0,daily
2016-03-21,R03,36.0,daily
2016-03-22,R03,4.0,daily
2016-03-23,R03,0.0,daily
2016-03-24,R03,8.0,daily
2016-03-25,R03,3.0,daily
2016-03-26,R03,0.0,daily
2016-03-27,R03,1.0,daily
2016-03-28,R03,4.0,daily
2016-03-29,R03,12.0,daily
2016-03-30,R03,12.0,daily
2016-03-31,R03,5.0,daily
2016-04-01,R03,16.0,daily
2016-04-02,R03,19.0,daily
2016-04-03,R03,6.0,daily
2016-04-04,R03,11.0,daily
2016-04-05,R03,11.0,daily
2016-04-06,R03,6.0,daily
2016-04-07,R03,4.0,daily
2016-04-08,R03,3.0,daily
2016-04-09,R03,14.0,daily
2016-04-10,R03,11.0,daily
2016-04-11,R03,17.0,daily
2016-04-12,R03,2.0,daily
2016-04-13,R03,2.0,daily
2016-04-14,R03,4.0,daily
2016-04-15,R03,10.0,daily
2016-04-16,R03,8.0,daily
2016-04-17,R03,7.0,daily
2016-04-18,R03,7.0,daily
2016-04-19,R03,6.0,daily
2016-04-20,R03,15.0,daily
2016-04-21,R03,0.0,daily
2016-04-22,R03,6.0,daily
2016-04-23,R03,0.0,daily
2016-04-24,R03,6.0,daily
2016-04-25,R03,3.0,daily
2016-04-26,R03,7.0,daily
2016-04-27,R03,1.0,daily
2016-04-28,R03,12.0,daily
2016-04-29,R03,1.0,daily
2016-04-30,R03,1.0,daily
2016-05-01,R03,0.0,daily
2016-05-02,R03,5.0,daily
2016-05-03,R03,0.0,daily
2016-05-04,R03,1.0,daily
2016-05-05,R03,1.0,daily
2016-05-06,R03,1.0,daily
2016-05-07,R03,0.0,daily
2016-05-08,R03,1.0,daily
2016-05-09,R03,2.0,daily
2016-05-10,R03,2.0,daily
2016-05-11,R03,3.0,daily
2016-05-12,R03,2.0,daily
2016-05-13,R03,0.0,daily
2016-05-14,R03,21.0,daily
2016-05-15,R03,5.0,daily
2016-05-16,R03,2.0,daily
2016-05-17,R03,1.0,daily
2016-05-18,R03,1.0,daily
2016-05-19,R03,16.0,daily
2016-05-20,R03,9.0,daily
2016-05-21,R03,17.0,daily
2016-05-22,R03,0.0,daily
2016-05-23,R03,7.0,daily
2016-05-24,R03,3.0,daily
2016-05-25,R03,0.0,daily
2016-05-26,R03,0.0,daily
2016-05-27,R03,2.0,daily
2016-05-28,R03,4.0,daily
2016-05-29,R03,5.0,daily
2016-05-30,R03,7.0,daily
2016-05-31,R03,13.0,daily
2016-06-01,R03,7.0,daily
2016-06-02,R03,4.0,daily
2016-06-03,R03,1.0,daily
2016-06-04,R03,0.0,daily
2016-06-05,R03,3.0,daily
2016-06-06,R03,6.0,daily
2016-06-07,R03,10.0,daily
2016-06-08,R03,5.0,daily
2016-06-09,R03,1.0,daily
2016-06-10,R03,0.0,daily
2016-06-11,R03,10.0,daily
2016-06-12,R03,4.0,daily
2016-06-13,R03,1.0,daily
2016-06-14,R03,2.0,daily
2016-06-15,R03,1.0,daily
2016-06-16,R03,22.0,daily
2016-06-17,R03,4.0,daily
2016-06-18,R03,5.0,daily
2016-06-19,R03,7.0,daily
2016-06-20,R03,8.0,daily
2016-06-21,R03,7.0,daily
2016-06-22,R03,2.0,daily
2016-06-23,R03,1.0,daily
2016-06-24,R03,1.0,daily
2016-06-25,R03,1.0,daily
2016-06-26,R03,2.0,daily
2016-06-27,R03,9.0,daily
2016-06-28,R03,2.0,daily
2016-06-29,R03,1.0,daily
2016-06-30,R03,0.0,daily
2016-07-01,R03,20.0,daily
2016-07-02,R03,2.0,daily
2016-07-03,R03,11.0,daily
2016-07-04,R03,7.0,daily
2016-07-05,R03,0.0,daily
2016-07-06,R03,8.0,daily
2016-07-07,R03,0.0,daily
2016-07-08,R03,0.0,daily
2016-07-09,R03,0.0,daily
2016-07-10,R03,0.0,daily
2016-07-11,R03,4.0,daily
2016-07-12,R03,3.0,daily
2016-07-13,R03,3.0,daily
2016-07-14,R03,3.0,daily
2016-07-15,R03,0.0,daily
2016-07-16,R03,1.0,daily
2016-07-17,R03,7.0,daily
2016-07-18,R03,3.0,daily
2016-07-19,R03,1.0,daily
2016-07-20,R03,5.0,daily
2016-07-21,R03,1.0,daily
2016-07-22,R03,0.0,daily
2016-07-23,R03,0.0,daily
2016-07-24,R03,0.0,daily
2016-07-25,R03,4.0,daily
2016-07-26,R03,0.0,daily
2016-07-27,R03,9.0,daily
2016-07-28,R03,5.0,daily
2016-07-29,R03,11.0,daily
2016-07-30,R03,1.0,daily
2016-07-31,R03,0.0,daily
2016-08-01,R03,1.0,daily
2016-08-02,R03,1.0,daily
2016-08-03,R03,13.0,daily
2016-08-04,R03,17.0,daily
2016-08-05,R03,24.0,daily
2016-08-06,R03,1.0,daily
2016-08-07,R03,5.0,daily
2016-08-08,R03,1.0,daily
2016-08-09,R03,2.0,daily
2016-08-10,R03,3.0,daily
2016-08-11,R03,0.0,daily
2016-08-12,R03,0.0,daily
2016-08-13,R03,0.0,daily
2016-08-14,R03,7.0,daily
2016-08-15,R03,0.0,daily
2016-08-16,R03,11.0,daily
2016-08-17,R03,5.0,daily
2016-08-18,R03,0.0,daily
2016-08-19,R03,0.0,daily
2016-08-20,R03,0.0,daily
2016-08-21,R03,1.0,daily
2016-08-22,R03,0.0,daily
2016-08-23,R03,0.0,daily
2016-08-24,R03,0.0,daily
2016-08-25,R03,4.0,daily
2016-08-26,R03,0.0,daily
2016-08-27,R03,11.0,daily
2016-08-28,R03,6.0,daily
2016-08-29,R03,1.0,daily
2016-08-30,R03,1.0,daily
2016-08-31,R03,1.0,daily
2016-09-01,R03,0.0,daily
2016-09-02,R03,5.0,daily
2016-09-03,R03,4.0,daily
2016-09-04,R03,4.0,daily
2016-09-05,R03,2.0,daily
2016-09-06,R03,0.0,daily
2016-09-07,R03,0.0,daily
2016-09-08,R03,0.0,daily
2016-09-09,R03,10.0,daily
2016-09-10,R03,4.0,daily
2016-09-11,R03,10.0,daily
2016-09-12,R03,8.0,daily
2016-09-13,R03,2.0,daily
2016-09-14,R03,8.0,daily
2016-09-15,R03,3.0,daily
2016-09-16,R03,3.0,daily
2016-09-17,R03,5.0,daily
2016-09-18,R03,8.0,daily
2016-09-19,R03,0.0,daily
2016-09-20,R03,4.0,daily
2016-09-21,R03,3.0,daily
2016-09-22,R03,4.0,daily
2016-09-23,R03,7.0,daily
2016-09-24,R03,1.0,daily
2016-09-25,R03,10.0,daily
2016-09-26,R03,4.0,daily
2016-09-27,R03,1.0,daily
2016-09-28,R03,0.0,daily
2016-09-29,R03,1.0,daily
2016-09-30,R03,10.0,daily
2016-10-01,R03,4.0,daily
2016-10-02,R03,18.0,daily
2016-10-03,R03,17.0,daily
2016-10-04,R03,10.0,daily
2016-10-05,R03,1.0,daily
2016-10-06,R03,3.0,daily
2016-10-07,R03,0.0,daily
2016-10-08,R03,6.0,daily
2016-10-09,R03,9.0,daily
2016-10-10,R03,3.0,daily
2016-10-11,R03,8.0,daily
2016-10-12,R03,17.0,daily
2016-10-13,R03,3.0,daily
2016-10-14,R03,9.0,daily
2016-10-15,R03,13.0,daily
2016-10-16,R03,6.0,daily
2016-10-17,R03,9.0,daily
2016-10-18,R03,7.0,daily
2016-10-19,R03,2.0,daily
2016-10-20,R03,2.0,daily
2016-10-21,R03,6.0,daily
2016-10-22,R03,10.0,daily
2016-10-23,R03,11.0,daily
2016-10-24,R03,2.0,daily
2016-10-25,R03,7.0,daily
2016-10-26,R03,2.0,daily
2016-10-27,R03,4.0,daily
2016-10-28,R03,5.0,daily
2016-10-29,R03,9.0,daily
2016-10-30,R03,0.0,daily
2016-10-31,R03,17.0,daily
2016-11-01,R03,6.0,daily
2016-11-02,R03,2.0,daily
2016-11-03,R03,0.0,daily
2016-11-04,R03,6.0,daily
2016-11-05,R03,0.0,daily
2016-11-06,R03,11.0,daily
2016-11-07,R03,5.0,daily
2016-11-08,R03,8.0,daily
2016-11-09,R03,4.0,daily
2016-11-10,R03,12.0,daily
2016-11-11,R03,1.0,daily
2016-11-12,R03,1.0,daily
2016-11-13,R03,5.0,daily
2016-11-14,R03,1.0,daily
2016-11-15,R03,5.0,daily
2016-11-16,R03,10.0,daily
2016-11-17,R03,1.0,daily
2016-11-18,R03,2.0,daily
2016-11-19,R03,3.0,daily
2016-11-20,R03,0.0,daily
2016-11-21,R03,13.0,daily
2016-11-22,R03,7.0,daily
2016-11-23,R03,0.0,daily
2016-11-24,R03,10.0,daily
2016-11-25,R03,5.0,daily
2016-11-26,R03,12.0,daily
2016-11-27,R03,1.0,daily
2016-11-28,R03,12.0,daily
2016-11-29,R03,0.0,daily
2016-11-30,R03,7.0,daily
2016-12-01,R03,9.0,daily
2016-12-02,R03,26.0,daily
2016-12-03,R03,1.0,daily
2016-12-04,R03,0.0,daily
2016-12-05,R03,13.0,daily
2016-12-06,R03,20.0,daily
2016-12-07,R03,7.0,daily
2016-12-08,R03,2.0,daily
2016-12-09,R03,0.0,daily
2016-12-10,R03,15.0,daily
2016-12-11,R03,14.0,daily
2016-12-12,R03,21.0,daily
2016-12-13,R03,18.0,daily
2016-12-14,R03,10.0,daily
2016-12-15,R03,5.0,daily
2016-12-16,R03,23.0,daily
2016-12-17,R03,6.0,daily
2016-12-18,R03,5.0,daily
2016-12-19,R03,0.0,daily
2016-12-20,R03,1.0,daily
2016-12-21,R03,6.0,daily
2016-12-22,R03,5.0,daily
2016-12-23,R03,8.0,daily
2016-12-24,R03,2.0,daily
2016-12-25,R03,9.0,daily
2016-12-26,R03,2.0,daily
2016-12-27,R03,13.0,daily
2016-12-28,R03,13.0,daily
2016-12-29,R03,6.0,daily
2016-12-30,R03,3.0,daily
2016-12-31,R03,12.0,daily
2017-01-01,R03,6.25,daily
2017-01-02,R03,3.125,daily
2017-01-03,R03,7.03125,daily
2017-01-04,R03,5.0,daily
2017-01-05,R03,11.25,daily
2017-01-06,R03,15.41666667,daily
2017-01-07,R03,2.5,daily
2017-01-08,R03,3.333333333,daily
2017-01-09,R03,1.666666667,daily
2017-01-10,R03,7.5,daily
2017-01-11,R03,1.666666667,daily
2017-01-12,R03,4.583333333,daily
2017-01-13,R03,3.333333333,daily
2017-01-14,R03,5.416666667,daily
2017-01-15,R03,7.5,daily
2017-01-16,R03,7.083333333,daily
2017-01-17,R03,3.75,daily
2017-01-18,R03,5.833333333,daily
2017-01-19,R03,2.5,daily
2017-01-20,R03,12.5,daily
2017-01-21,R03,4.583333333,daily
2017-01-22,R03,9.166666667,daily
2017-01-23,R03,2.5,daily
2017-01-24,R03,10.0,daily
2017-01-25,R03,13.75,daily
2017-01-26,R03,8.333333333,daily
2017-01-27,R03,9.583333333,daily
2017-01-28,R03,1.666666667,daily
2017-01-29,R03,9.583333333,daily
2017-01-30,R03,7.083333333,daily
2017-01-31,R03,2.916666667,daily
2017-02-01,R03,8.333333333,daily
2017-02-02,R03,0.416666667,daily
2017-02-03,R03,7.083333333,daily
2017-02-04,R03,7.5,daily
2017-02-05,R03,11.0,daily
2017-02-06,R03,5.0,daily
2017-02-07,R03,7.0,daily
2017-02-08,R03,10.0,daily
2017-02-09,R03,0.0,daily
2017-02-10,R03,2.0,daily
2017-02-11,R03,1.0,daily
2017-02-12,R03,2.0,daily
2017-02-13,R03,0.0,daily
2017-02-14,R03,1.0,daily
2017-02-15,R03,1.0,daily
2017-02-16,R03,0.0,daily
2017-02-17,R03,8.0,daily
2017-02-18,R03,0.0,daily
2017-02-19,R03,8.0,daily
2017-02-20,R03,1.0,daily
2017-02-21,R03,8.0,daily
2017-02-22,R03,5.0,daily
2017-02-23,R03,8.0,daily
2017-02-24,R03,7.0,daily
2017-02-25,R03,2.0,daily
2017-02-26,R03,5.0,daily
2017-02-27,R03,7.0,daily
2017-02-28,R03,18.0,daily
2017-03-01,R03,5.0,daily
2017-03-02,R03,1.0,daily
2017-03-03,R03,6.0,daily
2017-03-04,R03,5.0,daily
2017-03-05,R03,6.0,daily
2017-03-06,R03,0.0,daily
2017-03-07,R03,0.0,daily
2017-03-08,R03,0.0,daily
2017-03-09,R03,0.0,daily
2017-03-10,R03,0.0,daily
2017-03-11,R03,5.0,daily
2017-03-12,R03,15.0,daily
2017-03-13,R03,10.0,daily
2017-03-14,R03,5.0,daily
2017-03-15,R03,0.0,daily
2017-03-16,R03,1.0,daily
2017-03-17,R03,3.0,daily
2017-03-18,R03,1.0,daily
2017-03-19,R03,5.0,daily
2017-03-20,R03,7.0,daily
2017-03-21,R03,1.0,daily
2017-03-22,R03,2.0,daily
2017-03-23,R03,6.0,daily
2017-03-24,R03,5.0,daily
2017-03-25,R03,0.0,daily
2017-03-26,R03,10.0,daily
2017-03-27,R03,1.0,daily
2017-03-28,R03,0.0,daily
2017-03-29,R03,7.0,daily
2017-03-30,R03,0.0,daily
2017-03-31,R03,2.0,daily
2017-04-01,R03,1.0,daily
2017-04-02,R03,9.0,daily
2017-04-03,R03,20.0,daily
2017-04-04,R03,5.0,daily
2017-04-05,R03,6.0,daily
2017-04-06,R03,0.0,daily
2017-04-07,R03,5.0,daily
2017-04-08,R03,11.0,daily
2017-04-09,R03,0.0,daily
2017-04-10,R03,4.0,daily
2017-04-11,R03,11.0,daily
2017-04-12,R03,10.0,daily
2017-04-13,R03,2.0,daily
2017-04-14,R03,16.0,daily
2017-04-15,R03,15.0,daily
2017-04-16,R03,0.0,daily
2017-04-17,R03,5.0,daily
2017-04-18,R03,2.0,daily
2017-04-19,R03,0.0,daily
2017-04-20,R03,7.0,daily
2017-04-21,R03,1.875,daily
2017-04-22,R03,1.0,daily
2017-04-23,R03,1.0,daily
2017-04-24,R03,1.0,daily
2017-04-25,R03,26.0,daily
2017-04-26,R03,1.0,daily
2017-04-27,R03,0.0,daily
2017-04-28,R03,7.0,daily
2017-04-29,R03,1.0,daily
2017-04-30,R03,12.0,daily
2017-05-01,R03,0.0,daily
2017-05-02,R03,6.0,daily
2017-05-03,R03,20.0,daily
2017-05-04,R03,2.0,daily
2017-05-05,R03,12.0,daily
2017-05-06,R03,0.0,daily
2017-05-07,R03,4.0,daily
2017-05-08,R03,1.0,daily
2017-05-09,R03,2.0,daily
2017-05-10,R03,14.0,daily
2017-05-11,R03,1.0,daily
2017-05-12,R03,0.0,daily
2017-05-13,R03,1.0,daily
2017-05-14,R03,5.0,daily
2017-05-15,R03,3.0,daily
2017-05-16,R03,6.0,daily
2017-05-17,R03,0.0,daily
2017-05-18,R03,0.0,daily
2017-05-19,R03,0.0,daily
2017-05-20,R03,6.0,daily
2017-05-21,R03,12.0,daily
2017-05-22,R03,7.0,daily
2017-05-23,R03,2.0,daily
2017-05-24,R03,4.0,daily
2017-05-25,R03,2.0,daily
2017-05-26,R03,8.0,daily
2017-05-27,R03,0.0,daily
2017-05-28,R03,0.0,daily
2017-05-29,R03,4.0,daily
2017-05-30,R03,5.0,daily
2017-05-31,R03,1.0,daily
2017-06-01,R03,2.0,daily
2017-06-02,R03,5.0,daily
2017-06-03,R03,22.0,daily
2017-06-04,R03,5.0,daily
2017-06-05,R03,0.0,daily
2017-06-06,R03,6.0,daily
2017-06-07,R03,20.0,daily
2017-06-08,R03,2.0,daily
2017-06-09,R03,0.0,daily
2017-06-10,R03,7.0,daily
2017-06-11,R03,2.0,daily
2017-06-12,R03,13.0,daily
2017-06-13,R03,0.0,daily
2017-06-14,R03,5.0,daily
2017-06-15,R03,5.0,daily
2017-06-16,R03,0.0,daily
2017-06-17,R03,5.0,daily
2017-06-18,R03,12.0,daily
2017-06-19,R03,8.0,daily
2017-06-20,R03,5.0,daily
2017-06-21,R03,2.0,daily
2017-06-22,R03,8.0,daily
2017-06-23,R03,0.0,daily
2017-06-24,R03,0.0,daily
2017-06-25,R03,0.0,daily
2017-06-26,R03,0.0,daily
2017-06-27,R03,3.0,daily
2017-06-28,R03,5.0,daily
2017-06-29,R03,21.0,daily
2017-06-30,R03,0.0,daily
2017-07-01,R03,10.0,daily
2017-07-02,R03,0.0,daily
2017-07-03,R03,11.0,daily
2017-07-04,R03,0.0,daily
2017-07-05,R03,22.0,daily
2017-07-06,R03,1.0,daily
2017-07-07,R03,1.0,daily
2017-07-08,R03,1.0,daily
2017-07-09,R03,1.0,daily
2017-07-10,R03,7.0,daily
2017-07-11,R03,7.0,daily
2017-07-12,R03,3.0,daily
2017-07-13,R03,3.0,daily
2017-07-14,R03,5.0,daily
2017-07-15,R03,0.0,daily
2017-07-16,R03,0.0,daily
2017-07-17,R03,4.0,daily
2017-07-18,R03,20.0,daily
2017-07-19,R03,1.0,daily
2017-07-20,R03,2.0,daily
2017-07-21,R03,0.0,daily
2017-07-22,R03,0.0,daily
2017-07-23,R03,4.0,daily
2017-07-24,R03,0.0,daily
2017-07-25,R03,6.0,daily
2017-07-26,R03,1.0,daily
2017-07-27,R03,0.0,daily
2017-07-28,R03,0.0,daily
2017-07-29,R03,0.0,daily
2017-07-30,R03,0.0,daily
2017-07-31,R03,5.0,daily
2017-08-01,R03,1.0,daily
2017-08-02,R03,1.0,daily
2017-08-03,R03,1.0,daily
2017-08-04,R03,5.0,daily
2017-08-05,R03,0.0,daily
2017-08-06,R03,0.0,daily
2017-08-07,R03,0.0,daily
2017-08-08,R03,0.0,daily
2017-08-09,R03,2.0,daily
2017-08-10,R03,3.0,daily
2017-08-11,R03,0.0,daily
2017-08-12,R03,6.0,daily
2017-08-13,R03,1.0,daily
2017-08-14,R03,0.0,daily
2017-08-15,R03,2.0,daily
2017-08-16,R03,4.0,daily
2017-08-17,R03,1.0,daily
2017-08-18,R03,0.0,daily
2017-08-19,R03,11.0,daily
2017-08-20,R03,2.0,daily
2017-08-21,R03,0.0,daily
2017-08-22,R03,0.0,daily
2017-08-23,R03,9.0,daily
2017-08-24,R03,1.0,daily
2017-08-25,R03,0.0,daily
2017-08-26,R03,6.0,daily
2017-08-27,R03,7.0,daily
2017-08-28,R03,1.0,daily
2017-08-29,R03,11.0,daily
2017-08-30,R03,0.0,daily
2017-08-31,R03,0.0,daily
2017-09-01,R03,2.0,daily
2017-09-02,R03,1.0,daily
2017-09-03,R03,1.0,daily
2017-09-04,R03,0.0,daily
2017-09-05,R03,2.0,daily
2017-09-06,R03,3.0,daily
2017-09-07,R03,0.0,daily
2017-09-08,R03,3.0,daily
2017-09-09,R03,0.0,daily
2017-09-10,R03,0.0,daily
2017-09-11,R03,0.0,daily
2017-09-12,R03,1.0,daily
2017-09-13,R03,5.0,daily
2017-09-14,R03,9.0,daily
2017-09-15,R03,8.0,daily
2017-09-16,R03,0.0,daily
2017-09-17,R03,7.0,daily
2017-09-18,R03,1.0,daily
2017-09-19,R03,6.0,daily
2017-09-20,R03,6.0,daily
2017-09-21,R03,0.0,daily
2017-09-22,R03,0.0,daily
2017-09-23,R03,0.0,daily
2017-09-24,R03,6.0,daily
2017-09-25,R03,26.0,daily
2017-09-26,R03,6.0,daily
2017-09-27,R03,3.0,daily
2017-09-28,R03,10.0,daily
2017-09-29,R03,5.0,daily
2017-09-30,R03,28.0,daily
2017-10-01,R03,20.0,daily
2017-10-02,R03,0.0,daily
2017-10-03,R03,5.0,daily
2017-10-04,R03,2.0,daily
2017-10-05,R03,11.0,daily
2017-10-06,R03,6.0,daily
2017-10-07,R03,10.0,daily
2017-10-08,R03,15.0,daily
2017-10-09,R03,0.0,daily
2017-10-10,R03,11.0,daily
2017-10-11,R03,6.0,daily
2017-10-12,R03,1.0,daily
2017-10-13,R03,3.0,daily
2017-10-14,R03,20.0,daily
2017-10-15,R03,11.0,daily
2017-10-16,R03,2.0,daily
2017-10-17,R03,6.0,daily
2017-10-18,R03,1.0,daily
2017-10-19,R03,13.0,daily
2017-10-20,R03,8.0,daily
2017-10-21,R03,5.0,daily
2017-10-22,R03,9.0,daily
2017-10-23,R03,28.0,daily
2017-10-24,R03,10.0,daily
2017-10-25,R03,1.0,daily
2017-10-26,R03,5.0,daily
2017-10-27,R03,21.0,daily
2017-10-28,R03,7.0,daily
2017-10-29,R03,1.0,daily
2017-10-30,R03,9.0,daily
2017-10-31,R03,0.0,daily
2017-11-01,R03,3.0,daily
2017-11-02,R03,11.0,daily
2017-11-03,R03,6.0,daily
2017-11-04,R03,1.0,daily
2017-11-05,R03,5.0,daily
2017-11-06,R03,8.0,daily
2017-11-07,R03,0.0,daily
2017-11-08,R03,5.0,daily
2017-11-09,R03,11.0,daily
2017-11-10,R03,22.0,daily
2017-11-11,R03,2.0,daily
2017-11-12,R03,3.0,daily
2017-11-13,R03,5.0,daily
2017-11-14,R03,19.0,daily
2017-11-15,R03,0.0,daily
2017-11-16,R03,1.0,daily
2017-11-17,R03,30.0,daily
2017-11-18,R03,8.0,daily
2017-11-19,R03,6.0,daily
2017-11-20,R03,2.0,daily
2017-11-21,R03,2.0,daily
2017-11-22,R03,1.0,daily
2017-11-23,R03,0.0,daily
2017-11-24,R03,2.0,daily
2017-11-25,R03,2.0,daily
2017-11-26,R03,12.0,daily
2017-11-27,R03,7.0,daily
2017-11-28,R03,8.0,daily
2017-11-29,R03,5.0,daily
2017-11-30,R03,9.0,daily
2017-12-01,R03,5.0,daily
2017-12-02,R03,0.0,daily
2017-12-03,R03,6.0,daily
2017-12-04,R03,13.0,daily
2017-12-05,R03,6.0,daily
2017-12-06,R03,6.0,daily
2017-12-07,R03,7.0,daily
2017-12-08,R03,7.0,daily
2017-12-09,R03,7.0,daily
2017-12-10,R03,18.0,daily
2017-12-11,R03,6.0,daily
2017-12-12,R03,12.0,daily
2017-12-13,R03,0.0,daily
2017-12-14,R03,0.0,daily
2017-12-15,R03,0.0,daily
2017-12-16,R03,1.0,daily
2017-12-17,R03,15.0,daily
2017-12-18,R03,8.0,daily
2017-12-19,R03,0.0,daily
2017-12-20,R03,11.0,daily
2017-12-21,R03,6.0,daily
2017-12-22,R03,1.0,daily
2017-12-23,R03,1.0,daily
2017-12-24,R03,5.0,daily
2017-12-25,R03,6.0,daily
2017-12-26,R03,9.0,daily
2017-12-27,R03,3.0,daily
2017-12-28,R03,24.0,daily
2017-12-29,R03,11.0,daily
2017-12-30,R03,10.0,daily
2017-12-31,R03,0.0,daily
2018-01-01,R03,0.0,daily
2018-01-02,R03,2.0,daily
2018-01-03,R03,10.0,daily
2018-01-04,R03,1.0,daily
2018-01-05,R03,21.0,daily
2018-01-06,R03,5.0,daily
2018-01-07,R03,0.0,daily
2018-01-08,R03,0.0,daily
2018-01-09,R03,10.0,daily
2018-01-10,R03,6.0,daily
2018-01-11,R03,5.0,daily
2018-01-12,R03,10.0,daily
2018-01-13,R03,8.0,daily
2018-01-14,R03,5.0,daily
2018-01-15,R03,15.0,daily
2018-01-16,R03,8.0,daily
2018-01-17,R03,41.0,daily
2018-01-18,R03,2.0,daily
2018-01-19,R03,3.0,daily
2018-01-20,R03,5.0,daily
2018-01-21,R03,1.0,daily
2018-01-22,R03,6.0,daily
2018-01-23,R03,5.0,daily
2018-01-24,R03,4.0,daily
2018-01-25,R03,7.0,daily
2018-01-26,R03,12.0,daily
2018-01-27,R03,3.0,daily
2018-01-28,R03,10.0,daily
2018-01-29,R03,4.0,daily
2018-01-30,R03,4.0,daily
2018-01-31,R03,6.0,daily
2018-02-01,R03,6.0,daily
2018-02-02,R03,6.0,daily
2018-02-03,R03,5.0,daily
2018-02-04,R03,3.0,daily
2018-02-05,R03,6.0,daily
2018-02-06,R03,5.0,daily
2018-02-07,R03,23.0,daily
2018-02-08,R03,1.25,daily
2018-02-09,R03,11.0,daily
2018-02-10,R03,15.0,daily
2018-02-11,R03,10.0,daily
2018-02-12,R03,1.0,daily
2018-02-13,R03,10.0,daily
2018-02-14,R03,14.0,daily
2018-02-15,R03,10.0,daily
2018-02-16,R03,0.0,daily
2018-02-17,R03,9.0,daily
2018-02-18,R03,4.0,daily
2018-02-19,R03,12.0,daily
2018-02-20,R03,2.0,daily
2018-02-21,R03,6.0,daily
2018-02-22,R03,20.0,daily
2018-02-23,R03,12.0,daily
2018-02-24,R03,8.0,daily
2018-02-25,R03,10.0,daily
2018-02-26,R03,7.0,daily
2018-02-27,R03,8.0,daily
2018-02-28,R03,0.0,daily
2018-03-01,R03,12.0,daily
2018-03-02,R03,17.0,daily
2018-03-03,R03,10.0,daily
2018-03-04,R03,14.0,daily
2018-03-05,R03,17.0,daily
2018-03-06,R03,2.0,daily
2018-03-07,R03,11.0,daily
2018-03-08,R03,0.0,daily
2018-03-09,R03,10.0,daily
2018-03-10,R03,17.0,daily
2018-03-11,R03,11.0,daily
2018-03-12,R03,13.0,daily
2018-03-13,R03,21.0,daily
2018-03-14,R03,8.0,daily
2018-03-15,R03,10.0,daily
2018-03-16,R03,2.0,daily
2018-03-17,R03,5.0,daily
2018-03-18,R03,2.0,daily
2018-03-19,R03,18.0,daily
2018-03-20,R03,15.0,daily
2018-03-21,R03,9.0,daily
2018-03-22,R03,0.0,daily
2018-03-23,R03,11.0,daily
2018-03-24,R03,2.0,daily
2018-03-25,R03,3.0,daily
2018-03-26,R03,5.0,daily
2018-03-27,R03,5.0,daily
2018-03-28,R03,6.0,daily
2018-03-29,R03,7.0,daily
2018-03-30,R03,3.0,daily
2018-03-31,R03,3.0,daily
2018-04-01,R03,22.0,daily
2018-04-02,R03,10.0,daily
2018-04-03,R03,5.0,daily
2018-04-04,R03,1.0,daily
2018-04-05,R03,16.0,daily
2018-04-06,R03,23.0,daily
2018-04-07,R03,5.0,daily
2018-04-08,R03,0.0,daily
2018-04-09,R03,10.0,daily
2018-04-10,R03,7.0,daily
2018-04-11,R03,3.0,daily
2018-04-12,R03,6.0,daily
2018-04-13,R03,23.0,daily
2018-04-14,R03,3.0,daily
2018-04-15,R03,0.0,daily
2018-04-16,R03,4.0,daily
2018-04-17,R03,6.0,daily
2018-04-18,R03,7.0,daily
2018-04-19,R03,1.0,daily
2018-04-20,R03,6.0,daily
2018-04-21,R03,4.0,daily
2018-04-22,R03,0.0,daily
2018-04-23,R03,2.0,daily
2018-04-24,R03,1.0,daily
2018-04-25,R03,30.0,daily
2018-04-26,R03,7.0,daily
2018-04-27,R03,6.0,daily
2018-04-28,R03,6.0,daily
2018-04-29,R03,14.0,daily
2018-04-30,R03,1.0,daily
2018-05-01,R03,1.0,daily
2018-05-02,R03,3.0,daily
2018-05-03,R03,16.0,daily
2018-05-04,R03,2.0,daily
2018-05-05,R03,0.0,daily
2018-05-06,R03,3.0,daily
2018-05-07,R03,7.0,daily
2018-05-08,R03,1.0,daily
2018-05-09,R03,2.0,daily
2018-05-10,R03,1.0,daily
2018-05-11,R03,2.0,daily
2018-05-12,R03,11.0,daily
2018-05-13,R03,7.0,daily
2018-05-14,R03,37.0,daily
2018-05-15,R03,5.0,daily
2018-05-16,R03,2.0,daily
2018-05-17,R03,1.0,daily
2018-05-18,R03,2.0,daily
2018-05-19,R03,0.0,daily
2018-05-20,R03,0.0,daily
2018-05-21,R03,11.0,daily
2018-05-22,R03,6.0,daily
2018-05-23,R03,0.0,daily
2018-05-24,R03,10.0,daily
2018-05-25,R03,1.0,daily
2018-05-26,R03,3.0,daily
2018-05-27,R03,0.0,daily
2018-05-28,R03,7.0,daily
2018-05-29,R03,4.0,daily
2018-05-30,R03,14.0,daily
2018-05-31,R03,8.0,daily
2018-06-01,R03,5.0,daily
2018-06-02,R03,7.0,daily
2018-06-03,R03,0.0,daily
2018-06-04,R03,6.0,daily
2018-06-05,R03,0.0,daily
2018-06-06,R03,0.0,daily
2018-06-07,R03,10.0,daily
2018-06-08,R03,2.0,daily
2018-06-09,R03,5.0,daily
2018-06-10,R03,0.0,daily
2018-06-11,R03,0.0,daily
2018-06-12,R03,1.0,daily
2018-06-13,R03,0.0,daily
2018-06-14,R03,0.0,daily
2018-06-15,R03,8.0,daily
2018-06-16,R03,2.0,daily
2018-06-17,R03,5.0,daily
2018-06-18,R03,1.0,daily
2018-06-19,R03,5.0,daily
2018-06-20,R03,11.0,daily
2018-06-21,R03,5.0,daily
2018-06-22,R03,6.0,daily
2018-06-23,R03,1.0,daily
2018-06-24,R03,0.0,daily
2018-06-25,R03,5.0,daily
2018-06-26,R03,9.0,daily
2018-06-27,R03,2.0,daily
2018-06-28,R03,5.0,daily
2018-06-29,R03,0.0,daily
2018-06-30,R03,0.0,daily
2018-07-01,R03,10.0,daily
2018-07-02,R03,3.0,daily
2018-07-03,R03,8.0,daily
2018-07-04,R03,22.0,daily
2018-07-05,R03,3.0,daily
2018-07-06,R03,0.0,daily
2018-07-07,R03,0.0,daily
2018-07-08,R03,5.0,daily
2018-07-09,R03,0.0,daily
2018-07-10,R03,2.0,daily
2018-07-11,R03,6.0,daily
2018-07-12,R03,0.0,daily
2018-07-13,R03,2.0,daily
2018-07-14,R03,0.0,daily
2018-07-15,R03,1.0,daily
2018-07-16,R03,0.0,daily
2018-07-17,R03,0.0,daily
2018-07-18,R03,12.0,daily
2018-07-19,R03,0.0,daily
2018-07-20,R03,2.0,daily
2018-07-21,R03,5.0,daily
2018-07-22,R03,5.0,daily
2018-07-23,R03,0.0,daily
2018-07-24,R03,2.0,daily
2018-07-25,R03,0.0,daily
2018-07-26,R03,1.0,daily
2018-07-27,R03,1.0,daily
2018-07-28,R03,0.0,daily
2018-07-29,R03,0.0,daily
2018-07-30,R03,0.0,daily
2018-07-31,R03,0.0,daily
2018-08-01,R03,1.0,daily
2018-08-02,R03,2.0,daily
2018-08-03,R03,0.0,daily
2018-08-04,R03,0.0,daily
2018-08-05,R03,6.0,daily
2018-08-06,R03,6.0,daily
2018-08-07,R03,1.0,daily
2018-08-08,R03,0.0,daily
2018-08-09,R03,0.0,daily
2018-08-10,R03,0.0,daily
2018-08-11,R03,5.0,daily
2018-08-12,R03,1.0,daily
2018-08-13,R03,3.0,daily
2018-08-14,R03,4.0,daily
2018-08-15,R03,0.0,daily
2018-08-16,R03,5.0,daily
2018-08-17,R03,5.0,daily
2018-08-18,R03,6.0,daily
2018-08-19,R03,5.0,daily
2018-08-20,R03,20.0,daily
2018-08-21,R03,1.0,daily
2018-08-22,R03,0.0,daily
2018-08-23,R03,23.0,daily
2018-08-24,R03,21.0,daily
2018-08-25,R03,6.0,daily
2018-08-26,R03,8.0,daily
2018-08-27,R03,1.0,daily
2018-08-28,R03,0.0,daily
2018-08-29,R03,5.0,daily
2018-08-30,R03,4.0,daily
2018-08-31,R03,20.0,daily
2018-09-01,R03,1.0,daily
2018-09-02,R03,5.0,daily
2018-09-03,R03,0.0,daily
2018-09-04,R03,3.0,daily
2018-09-05,R03,3.0,daily
2018-09-06,R03,5.0,daily
2018-09-07,R03,22.0,daily
2018-09-08,R03,10.0,daily
2018-09-09,R03,0.0,daily
2018-09-10,R03,1.0,daily
2018-09-11,R03,6.0,daily
2018-09-12,R03,5.0,daily
2018-09-13,R03,12.0,daily
2018-09-14,R03,1.0,daily
2018-09-15,R03,10.0,daily
2018-09-16,R03,7.0,daily
2018-09-17,R03,5.0,daily
2018-09-18,R03,1.0,daily
2018-09-19,R03,9.0,daily
2018-09-20,R03,0.0,daily
2018-09-21,R03,1.0,daily
2018-09-22,R03,23.0,daily
2018-09-23,R03,8.0,daily
2018-09-24,R03,9.0,daily
2018-09-25,R03,22.0,daily
2018-09-26,R03,0.0,daily
2018-09-27,R03,7.0,daily
2018-09-28,R03,5.0,daily
2018-09-29,R03,21.0,daily
2018-09-30,R03,3.0,daily
2018-10-01,R03,21.0,daily
2018-10-02,R03,6.0,daily
2018-10-03,R03,5.0,daily
2018-10-04,R03,5.0,daily
2018-10-05,R03,14.0,daily
2018-10-06,R03,3.0,daily
2018-10-07,R03,9.0,daily
2018-10-08,R03,0.0,daily
2018-10-09,R03,29.0,daily
2018-10-10,R03,20.0,daily
2018-10-11,R03,0.0,daily
2018-10-12,R03,1.0,daily
2018-10-13,R03,6.0,daily
2018-10-14,R03,0.0,daily
2018-10-15,R03,5.0,daily
2018-10-16,R03,6.0,daily
2018-10-17,R03,1.0,daily
2018-10-18,R03,10.0,daily
2018-10-19,R03,6.0,daily
2018-10-20,R03,34.0,daily
2018-10-21,R03,5.0,daily
2018-10-22,R03,28.0,daily
2018-10-23,R03,11.0,daily
2018-10-24,R03,10.0,daily
2018-10-25,R03,33.0,daily
2018-10-26,R03,14.0,daily
2018-10-27,R03,7.0,daily
2018-10-28,R03,13.0,daily
2018-10-29,R03,10.0,daily
2018-10-30,R03,13.0,daily
2018-10-31,R03,2.0,daily
2018-11-01,R03,7.0,daily
2018-11-02,R03,1.0,daily
2018-11-03,R03,0.0,daily
2018-11-04,R03,13.0,daily
2018-11-05,R03,13.0,daily
2018-11-06,R03,13.0,daily
2018-11-07,R03,8.0,daily
2018-11-08,R03,16.0,daily
2018-11-09,R03,22.0,daily
2018-11-10,R03,11.0,daily
2018-11-11,R03,10.0,daily
2018-11-12,R03,24.0,daily
2018-11-13,R03,18.0,daily
2018-11-14,R03,0.0,daily
2018-11-15,R03,29.0,daily
2018-11-16,R03,6.0,daily
2018-11-17,R03,13.0,daily
2018-11-18,R03,10.0,daily
2018-11-19,R03,3.0,daily
2018-11-20,R03,10.0,daily
2018-11-21,R03,5.0,daily
2018-11-22,R03,15.0,daily
2018-11-23,R03,24.0,daily
2018-11-24,R03,7.0,daily
2018-11-25,R03,3.0,daily
2018-11-26,R03,16.0,daily
2018-11-27,R03,5.0,daily
2018-11-28,R03,8.0,daily
2018-11-29,R03,1.0,daily
2018-11-30,R03,0.0,daily
2018-12-01,R03,13.0,daily
2018-12-02,R03,27.0,daily
2018-12-03,R03,13.0,daily
2018-12-04,R03,5.0,daily
2018-12-05,R03,15.0,daily
2018-12-06,R03,0.0,daily
2018-12-07,R03,12.0,daily
2018-12-08,R03,0.0,daily
2018-12-09,R03,11.0,daily
2018-12-10,R03,7.0,daily
2018-12-11,R03,2.0,daily
2018-12-12,R03,21.0,daily
2018-12-13,R03,6.0,daily
2018-12-14,R03,29.0,daily
2018-12-15,R03,26.0,daily
2018-12-16,R03,7.0,daily
2018-12-17,R03,22.0,daily
2018-12-18,R03,9.0,daily
2018-12-19,R03,0.0,daily
2018-12-20,R03,1.0,daily
2018-12-21,R03,13.0,daily
2018-12-22,R03,0.0,daily
2018-12-23,R03,13.0,daily
2018-12-24,R03,8.0,daily
2018-12-25,R03,21.0,daily
2018-12-26,R03,13.0,daily
2018-12-27,R03,7.0,daily
2018-12-28,R03,9.0,daily
2018-12-29,R03,7.0,daily
2018-12-30,R03,31.0,daily
2018-12-31,R03,6.0,daily
2019-01-01,R03,0.0,daily
2019-01-02,R03,9.0,daily
2019-01-03,R03,9.0,daily
2019-01-04,R03,0.0,daily
2019-01-05,R03,30.0,daily
2019-01-06,R03,0.0,daily
2019-01-07,R03,0.0,daily
2019-01-08,R03,10.0,daily
2019-01-09,R03,10.0,daily
2019-01-10,R03,13.0,daily
2019-01-11,R03,6.0,daily
2019-01-12,R03,10.0,daily
2019-01-13,R03,1.0,daily
2019-01-14,R03,18.0,daily
2019-01-15,R03,19.0,daily
2019-01-16,R03,17.0,daily
2019-01-17,R03,8.0,daily
2019-01-18,R03,24.0,daily
2019-01-19,R03,1.0,daily
2019-01-20,R03,34.0,daily
2019-01-21,R03,31.0,daily
2019-01-22,R03,7.0,daily
2019-01-23,R03,23.0,daily
2019-01-24,R03,2.0,daily
2019-01-25,R03,11.0,daily
2019-01-26,R03,13.0,daily
2019-01-27,R03,6.0,daily
2019-01-28,R03,28.0,daily
2019-01-29,R03,15.0,daily
2019-01-30,R03,11.0,daily
2019-01-31,R03,20.0,daily
2019-02-01,R03,7.0,daily
2019-02-02,R03,45.0,daily
2019-02-03,R03,5.0,daily
2019-02-04,R03,12.0,daily
2019-02-05,R03,1.0,daily
2019-02-06,R03,4.0,daily
2019-02-07,R03,22.0,daily
2019-02-08,R03,12.0,daily
2019-02-09,R03,11.0,daily
2019-02-10,R03,0.0,daily
2019-02-11,R03,5.0,daily
2019-02-12,R03,6.0,daily
2019-02-13,R03,8.0,daily
2019-02-14,R03,7.0,daily
2019-02-15,R03,3.0,daily
2019-02-16,R03,6.0,daily
2019-02-17,R03,0.0,daily
2019-02-18,R03,10.0,daily
2019-02-19,R03,6.0,daily
2019-02-20,R03,7.0,daily
2019-02-21,R03,5.0,daily
2019-02-22,R03,1.0,daily
2019-02-23,R03,0.0,daily
2019-02-24,R03,2.0,daily
2019-02-25,R03,2.0,daily
2019-02-26,R03,3.0,daily
2019-02-27,R03,1.0,daily
2019-02-28,R03,35.0,daily
2019-03-01,R03,6.0,daily
2019-03-02,R03,0.0,daily
2019-03-03,R03,10.0,daily
2019-03-04,R03,5.0,daily
2019-03-05,R03,6.0,daily
2019-03-06,R03,5.0,daily
2019-03-07,R03,0.0,daily
2019-03-08,R03,0.0,daily
2019-03-09,R03,7.0,daily
2019-03-10,R03,3.0,daily
2019-03-11,R03,11.0,daily
2019-03-12,R03,7.0,daily
2019-03-13,R03,8.0,daily
2019-03-14,R03,27.0,daily
2019-03-15,R03,20.0,daily
2019-03-16,R03,5.0,daily
2019-03-17,R03,10.0,daily
2019-03-18,R03,1.0,daily
2019-03-19,R03,2.0,daily
2019-03-20,R03,19.0,daily
2019-03-21,R03,6.0,daily
2019-03-22,R03,29.0,daily
2019-03-23,R03,1.0,daily
2019-03-24,R03,16.0,daily
2019-03-25,R03,6.0,daily
2019-03-26,R03,19.0,daily
2019-03-27,R03,0.0,daily
2019-03-28,R03,7.0,daily
2019-03-29,R03,16.0,daily
2019-03-30,R03,0.0,daily
2019-03-31,R03,5.0,daily
2019-04-01,R03,5.0,daily
2019-04-02,R03,10.0,daily
2019-04-03,R03,4.0,daily
2019-04-04,R03,13.0,daily
2019-04-05,R03,3.0,daily
2019-04-06,R03,16.0,daily
2019-04-07,R03,0.0,daily
2019-04-08,R03,4.0,daily
2019-04-09,R03,3.0,daily
2019-04-10,R03,9.0,daily
2019-04-11,R03,7.0,daily
2019-04-12,R03,6.0,daily
2019-04-13,R03,6.0,daily
2019-04-14,R03,7.0,daily
2019-04-15,R03,3.0,daily
2019-04-16,R03,1.0,daily
2019-04-17,R03,24.0,daily
2019-04-18,R03,0.0,daily
2019-04-19,R03,6.0,daily
2019-04-20,R03,0.0,daily
2019-04-21,R03,2.0,daily
2019-04-22,R03,31.0,daily
2019-04-23,R03,4.0,daily
2019-04-24,R03,12.0,daily
2019-04-25,R03,7.0,daily
2019-04-26,R03,1.0,daily
2019-04-27,R03,7.0,daily
2019-04-28,R03,0.0,daily
2019-04-29,R03,0.0,daily
2019-04-30,R03,28.0,daily
2019-05-01,R03,1.0,daily
2019-05-02,R03,3.0,daily
2019-05-03,R03,16.0,daily
2019-05-04,R03,16.0,daily
2019-05-05,R03,0.0,daily
2019-05-06,R03,9.0,daily
2019-05-07,R03,6.0,daily
2019-05-08,R03,20.0,daily
2019-05-09,R03,31.0,daily
2019-05-10,R03,26.0,daily
2019-05-11,R03,12.0,daily
2019-05-12,R03,19.0,daily
2019-05-13,R03,11.0,daily
2019-05-14,R03,11.0,daily
2019-05-15,R03,5.0,daily
2019-05-16,R03,16.29166667,daily
2019-05-17,R03,4.0,daily
2019-05-18,R03,5.0,daily
2019-05-19,R03,9.0,daily
2019-05-20,R03,13.0,daily
2019-05-21,R03,1.0,daily
2019-05-22,R03,9.0,daily
2019-05-23,R03,10.0,daily
2019-05-24,R03,5.0,daily
2019-05-25,R03,16.0,daily
2019-05-26,R03,11.0,daily
2019-05-27,R03,0.0,daily
2019-05-28,R03,5.0,daily
2019-05-29,R03,0.0,daily
2019-05-30,R03,6.0,daily
2019-05-31,R03,2.0,daily
2019-06-01,R03,8.0,daily
2019-06-02,R03,6.0,daily
2019-06-03,R03,5.0,daily
2019-06-04,R03,12.0,daily
2019-06-05,R03,1.0,daily
2019-06-06,R03,11.0,daily
2019-06-07,R03,16.0,daily
2019-06-08,R03,0.0,daily
2019-06-09,R03,0.0,daily
2019-06-10,R03,6.0,daily
2019-06-11,R03,7.0,daily
2019-06-12,R03,1.0,daily
2019-06-13,R03,2.0,daily
2019-06-14,R03,0.0,daily
2019-06-15,R03,7.0,daily
2019-06-16,R03,0.0,daily
2019-06-17,R03,2.0,daily
2019-06-18,R03,2.0,daily
2019-06-19,R03,2.0,daily
2019-06-20,R03,0.0,daily
2019-06-21,R03,4.0,daily
2019-06-22,R03,12.0,daily
2019-06-23,R03,10.0,daily
2019-06-24,R03,3.0,daily
2019-06-25,R03,0.0,daily
2019-06-26,R03,0.0,daily
2019-06-27,R03,7.0,daily
2019-06-28,R03,2.0,daily
2019-06-29,R03,5.0,daily
2019-06-30,R03,11.0,daily
2019-07-01,R03,8.0,daily
2019-07-02,R03,1.0,daily
2019-07-03,R03,1.0,daily
2019-07-04,R03,3.0,daily
2019-07-05,R03,0.0,daily
2019-07-06,R03,1.0,daily
2019-07-07,R03,3.0,daily
2019-07-08,R03,4.0,daily
2019-07-09,R03,3.0,daily
2019-07-10,R03,1.0,daily
2019-07-11,R03,0.0,daily
2019-07-12,R03,2.0,daily
2019-07-13,R03,0.0,daily
2019-07-14,R03,5.0,daily
2019-07-15,R03,0.0,daily
2019-07-16,R03,2.0,daily
2019-07-17,R03,0.0,daily
2019-07-18,R03,3.0,daily
2019-07-19,R03,3.0,daily
2019-07-20,R03,6.0,daily
2019-07-21,R03,1.0,daily
2019-07-22,R03,0.0,daily
2019-07-23,R03,7.0,daily
2019-07-24,R03,2.0,daily
2019-07-25,R03,11.0,daily
2019-07-26,R03,8.0,daily
2019-07-27,R03,2.0,daily
2019-07-28,R03,0.0,daily
2019-07-29,R03,1.0,daily
2019-07-30,R03,33.0,daily
2019-07-31,R03,4.0,daily
2019-08-01,R03,1.0,daily
2019-08-02,R03,6.0,daily
2019-08-03,R03,1.0,daily
2019-08-04,R03,2.0,daily
2019-08-05,R03,5.0,daily
2019-08-06,R03,6.0,daily
2019-08-07,R03,21.0,daily
2019-08-08,R03,31.0,daily
2019-08-09,R03,1.0,daily
2019-08-10,R03,0.0,daily
2019-08-11,R03,2.0,daily
2019-08-12,R03,5.0,daily
2019-08-13,R03,2.0,daily
2019-08-14,R03,0.0,daily
2019-08-15,R03,11.0,daily
2019-08-16,R03,10.0,daily
2019-08-17,R03,0.0,daily
2019-08-18,R03,7.0,daily
2019-08-19,R03,0.0,daily
2019-08-20,R03,2.0,daily
2019-08-21,R03,5.0,daily
2019-08-22,R03,10.0,daily
2019-08-23,R03,4.0,daily
2019-08-24,R03,0.0,daily
2019-08-25,R03,3.0,daily
2019-08-26,R03,3.0,daily
2019-08-27,R03,0.0,daily
2019-08-28,R03,0.0,daily
2019-08-29,R03,1.0,daily
2019-08-30,R03,2.0,daily
2019-08-31,R03,4.0,daily
2019-09-01,R03,5.0,daily
2019-09-02,R03,1.0,daily
2019-09-03,R03,1.0,daily
2019-09-04,R03,3.0,daily
2019-09-05,R03,1.0,daily
2019-09-06,R03,0.0,daily
2019-09-07,R03,6.0,daily
2019-09-08,R03,3.0,daily
2019-09-09,R03,5.0,daily
2019-09-10,R03,1.0,daily
2019-09-11,R03,5.0,daily
2019-09-12,R03,10.0,daily
2019-09-13,R03,5.0,daily
2019-09-14,R03,2.0,daily
2019-09-15,R03,2.0,daily
2019-09-16,R03,0.0,daily
2019-09-17,R03,6.0,daily
2019-09-18,R03,2.0,daily
2019-09-19,R03,3.0,daily
2019-09-20,R03,1.0,daily
2019-09-21,R03,6.0,daily
2019-09-22,R03,8.0,daily
2019-09-23,R03,1.0,daily
2019-09-24,R03,1.0,daily
2019-09-25,R03,1.416666667,daily
2019-09-26,R03,31.0,daily
2019-09-27,R03,2.0,daily
2019-09-28,R03,1.0,daily
2019-09-29,R03,3.0,daily
2019-09-30,R03,5.0,daily
2019-10-01,R03,17.0,daily
2019-10-02,R03,0.0,daily
2019-10-03,R03,2.0,daily
2019-10-04,R03,1.0,daily
2019-10-05,R03,0.0,daily
2019-10-06,R03,5.0,daily
2019-10-07,R03,10.0,daily
2019-10-08,R03,2.0,daily
2014-01-02,R06,2.0,daily
2014-01-03,R06,4.0,daily
2014-01-04,R06,1.0,daily
2014-01-05,R06,0.0,daily
2014-01-06,R06,2.0,daily
2014-01-07,R06,0.0,daily
2014-01-08,R06,0.0,daily
2014-01-09,R06,2.0,daily
2014-01-10,R06,2.0,daily
2014-01-11,R06,0.2,daily
2014-01-12,R06,1.0,daily
2014-01-13,R06,1.0,daily
2014-01-14,R06,2.0,daily
2014-01-15,R06,3.0,daily
2014-01-16,R06,0.0,daily
2014-01-17,R06,3.0,daily
2014-01-18,R06,2.0,daily
2014-01-19,R06,1.0,daily
2014-01-20,R06,3.0,daily
2014-01-21,R06,1.0,daily
2014-01-22,R06,2.0,daily
2014-01-23,R06,3.0,daily
2014-01-24,R06,0.0,daily
2014-01-25,R06,1.0,daily
2014-01-26,R06,0.0,daily
2014-01-27,R06,3.0,daily
2014-01-28,R06,5.0,daily
2014-01-29,R06,2.0,daily
2014-01-30,R06,2.0,daily
2014-01-31,R06,0.0,daily
2014-02-01,R06,0.0,daily
2014-02-02,R06,0.0,daily
2014-02-03,R06,0.0,daily
2014-02-04,R06,2.0,daily
2014-02-05,R06,1.0,daily
2014-02-06,R06,2.0,daily
2014-02-07,R06,0.0,daily
2014-02-08,R06,1.0,daily
2014-02-09,R06,0.0,daily
2014-02-10,R06,1.0,daily
2014-02-11,R06,2.2,daily
2014-02-12,R06,0.0,daily
2014-02-13,R06,1.0,daily
2014-02-14,R06,6.0,daily
2014-02-15,R06,5.0,daily
2014-02-16,R06,1.0,daily
2014-02-17,R06,0.0,daily
2014-02-18,R06,5.0,daily
2014-02-19,R06,1.0,daily
2014-02-20,R06,1.0,daily
2014-02-21,R06,0.0,daily
2014-02-22,R06,0.0,daily
2014-02-23,R06,0.0,daily
2014-02-24,R06,3.0,daily
2014-02-25,R06,2.0,daily
2014-02-26,R06,1.0,daily
2014-02-27,R06,1.0,daily
2014-02-28,R06,0.0,daily
2014-03-01,R06,2.1,daily
2014-03-02,R06,1.0,daily
2014-03-03,R06,2.2,daily
2014-03-04,R06,4.0,daily
2014-03-05,R06,0.0,daily
2014-03-06,R06,1.0,daily
2014-03-07,R06,2.0,daily
2014-03-08,R06,0.0,daily
2014-03-09,R06,0.0,daily
2014-03-10,R06,2.0,daily
2014-03-11,R06,5.0,daily
2014-03-12,R06,2.0,daily
2014-03-13,R06,2.0,daily
2014-03-14,R06,2.0,daily
2014-03-15,R06,2.0,daily
2014-03-16,R06,4.0,daily
2014-03-17,R06,1.0,daily
2014-03-18,R06,4.0,daily
2014-03-19,R06,2.0,daily
2014-03-20,R06,4.2,daily
2014-03-21,R06,1.0,daily
2014-03-22,R06,8.4,daily
2014-03-23,R06,3.0,daily
2014-03-24,R06,3.5,daily
2014-03-25,R06,1.0,daily
2014-03-26,R06,0.0,daily
2014-03-27,R06,5.0,daily
2014-03-28,R06,5.0,daily
2014-03-29,R06,3.0,daily
2014-03-30,R06,7.0,daily
2014-03-31,R06,6.0,daily
2014-04-01,R06,1.0,daily
2014-04-02,R06,3.0,daily
2014-04-03,R06,4.0,daily
2014-04-04,R06,2.0,daily
2014-04-05,R06,3.0,daily
2014-04-06,R06,1.0,daily
2014-04-07,R06,1.0,daily
2014-04-08,R06,4.7,daily
2014-04-09,R06,2.6,daily
2014-04-10,R06,4.0,daily
2014-04-11,R06,2.0,daily
2014-04-12,R06,4.0,daily
2014-04-13,R06,2.0,daily
2014-04-14,R06,5.0,daily
2014-04-15,R06,1.0,daily
2014-04-16,R06,4.0,daily
2014-04-17,R06,0.0,daily
2014-04-18,R06,5.0,daily
2014-04-19,R06,5.0,daily
2014-04-20,R06,0.0,daily
2014-04-21,R06,1.0,daily
2014-04-22,R06,1.0,daily
2014-04-23,R06,1.0,daily
2014-04-24,R06,2.0,daily
2014-04-25,R06,3.0,daily
2014-04-26,R06,4.0,daily
2014-04-27,R06,1.0,daily
2014-04-28,R06,2.0,daily
2014-04-29,R06,0.4,daily
2014-04-30,R06,4.0,daily
2014-05-01,R06,0.0,daily
2014-05-02,R06,2.0,daily
2014-05-03,R06,2.5,daily
2014-05-04,R06,3.0,daily
2014-05-05,R06,4.0,daily
2014-05-06,R06,5.0,daily
2014-05-07,R06,11.0,daily
2014-05-08,R06,5.0,daily
2014-05-09,R06,2.0,daily
2014-05-10,R06,5.0,daily
2014-05-11,R06,4.0,daily
2014-05-12,R06,2.0,daily
2014-05-13,R06,7.5,daily
2014-05-14,R06,3.0,daily
2014-05-15,R06,2.0,daily
2014-05-16,R06,1.0,daily
2014-05-17,R06,2.0,daily
2014-05-18,R06,1.0,daily
2014-05-19,R06,9.0,daily
2014-05-20,R06,3.6,daily
2014-05-21,R06,3.0,daily
2014-05-22,R06,4.0,daily
2014-05-23,R06,7.0,daily
2014-05-24,R06,9.0,daily
2014-05-25,R06,1.0,daily
2014-05-26,R06,5.0,daily
2014-05-27,R06,6.0,daily
2014-05-28,R06,5.1,daily
2014-05-29,R06,2.0,daily
2014-05-30,R06,5.0,daily
2014-05-31,R06,2.0,daily
2014-06-01,R06,3.0,daily
2014-06-02,R06,3.0,daily
2014-06-03,R06,3.0,daily
2014-06-04,R06,2.5,daily
2014-06-05,R06,5.0,daily
2014-06-06,R06,5.0,daily
2014-06-07,R06,7.0,daily
2014-06-08,R06,2.0,daily
2014-06-09,R06,11.0,daily
2014-06-10,R06,6.5,daily
2014-06-11,R06,9.0,daily
2014-06-12,R06,3.0,daily
2014-06-13,R06,1.0,daily
2014-06-14,R06,3.0,daily
2014-06-15,R06,3.3,daily
2014-06-16,R06,5.0,daily
2014-06-17,R06,3.0,daily
2014-06-18,R06,3.0,daily
2014-06-19,R06,1.0,daily
2014-06-20,R06,6.0,daily
2014-06-21,R06,3.0,daily
2014-06-22,R06,3.0,daily
2014-06-23,R06,3.0,daily
2014-06-24,R06,4.0,daily
2014-06-25,R06,1.0,daily
2014-06-26,R06,1.0,daily
2014-06-27,R06,3.0,daily
2014-06-28,R06,5.0,daily
2014-06-29,R06,1.0,daily
2014-06-30,R06,0.0,daily
2014-07-01,R06,2.0,daily
2014-07-02,R06,3.0,daily
2014-07-03,R06,2.0,daily
2014-07-04,R06,3.0,daily
2014-07-05,R06,0.0,daily
2014-07-06,R06,0.0,daily
2014-07-07,R06,4.0,daily
2014-07-08,R06,1.0,daily
2014-07-09,R06,2.2,daily
2014-07-10,R06,4.0,daily
2014-07-11,R06,1.0,daily
2014-07-12,R06,4.0,daily
2014-07-13,R06,0.0,daily
2014-07-14,R06,2.0,daily
2014-07-15,R06,1.3,daily
2014-07-16,R06,0.0,daily
2014-07-17,R06,1.0,daily
2014-07-18,R06,4.0,daily
2014-07-19,R06,6.0,daily
2014-07-20,R06,0.1,daily
2014-07-21,R06,2.0,daily
2014-07-22,R06,2.0,daily
2014-07-23,R06,3.0,daily
2014-07-24,R06,2.0,daily
2014-07-25,R06,2.0,daily
2014-07-26,R06,4.0,daily
2014-07-27,R06,1.0,daily
2014-07-28,R06,2.0,daily
2014-07-29,R06,5.0,daily
2014-07-30,R06,4.5,daily
2014-07-31,R06,1.0,daily
2014-08-01,R06,1.0,daily
2014-08-02,R06,3.0,daily
2014-08-03,R06,0.0,daily
2014-08-04,R06,4.0,daily
2014-08-05,R06,0.0,daily
2014-08-06,R06,1.0,daily
2014-08-07,R06,2.0,daily
2014-08-08,R06,2.0,daily
2014-08-09,R06,5.9,daily
2014-08-10,R06,2.0,daily
2014-08-11,R06,2.0,daily
2014-08-12,R06,4.6,daily
2014-08-13,R06,7.0,daily
2014-08-14,R06,6.0,daily
2014-08-15,R06,2.0,daily
2014-08-16,R06,1.0,daily
2014-08-17,R06,1.0,daily
2014-08-18,R06,2.0,daily
2014-08-19,R06,1.1,daily
2014-08-20,R06,1.0,daily
2014-08-21,R06,2.2,daily
2014-08-22,R06,1.0,daily
2014-08-23,R06,4.0,daily
2014-08-24,R06,0.0,daily
2014-08-25,R06,0.0,daily
2014-08-26,R06,3.0,daily
2014-08-27,R06,3.0,daily
2014-08-28,R06,0.0,daily
2014-08-29,R06,3.0,daily
2014-08-30,R06,4.0,daily
2014-08-31,R06,2.0,daily
2014-09-01,R06,5.5,daily
2014-09-02,R06,3.0,daily
2014-09-03,R06,3.0,daily
2014-09-04,R06,1.0,daily
2014-09-05,R06,2.0,daily
2014-09-06,R06,3.1,daily
2014-09-07,R06,1.0,daily
2014-09-08,R06,4.0,daily
2014-09-09,R06,1.2,daily
2014-09-10,R06,1.0,daily
2014-09-11,R06,0.0,daily
2014-09-12,R06,1.0,daily
2014-09-13,R06,3.0,daily
2014-09-14,R06,0.0,daily
2014-09-15,R06,0.0,daily
2014-09-16,R06,0.0,daily
2014-09-17,R06,4.0,daily
2014-09-18,R06,1.0,daily
2014-09-19,R06,0.0,daily
2014-09-20,R06,0.0,daily
2014-09-21,R06,3.0,daily
2014-09-22,R06,2.0,daily
2014-09-23,R06,2.0,daily
2014-09-24,R06,0.0,daily
2014-09-25,R06,5.0,daily
2014-09-26,R06,1.0,daily
2014-09-27,R06,4.0,daily
2014-09-28,R06,2.0,daily
2014-09-29,R06,4.0,daily
2014-09-30,R06,2.0,daily
2014-10-01,R06,2.0,daily
2014-10-02,R06,1.0,daily
2014-10-03,R06,2.0,daily
2014-10-04,R06,0.0,daily
2014-10-05,R06,3.0,daily
2014-10-06,R06,1.0,daily
2014-10-07,R06,0.0,daily
2014-10-08,R06,2.0,daily
2014-10-09,R06,0.0,daily
2014-10-10,R06,0.5,daily
2014-10-11,R06,5.0,daily
2014-10-12,R06,2.0,daily
2014-10-13,R06,2.0,daily
2014-10-14,R06,0.0,daily
2014-10-15,R06,4.0,daily
2014-10-16,R06,2.1875,daily
2014-10-17,R06,2.0,daily
2014-10-18,R06,2.0,daily
2014-10-19,R06,1.0,daily
2014-10-20,R06,1.0,daily
2014-10-21,R06,1.0,daily
2014-10-22,R06,1.0,daily
2014-10-23,R06,0.0,daily
2014-10-24,R06,1.0,daily
2014-10-25,R06,5.0,daily
2014-10-26,R06,1.0,daily
2014-10-27,R06,0.0,daily
2014-10-28,R06,2.0,daily
2014-10-29,R06,1.0,daily
2014-10-30,R06,0.0,daily
2014-10-31,R06,2.0,daily
2014-11-01,R06,1.0,daily
2014-11-02,R06,1.0,daily
2014-11-03,R06,1.0,daily
2014-11-04,R06,1.0,daily
2014-11-05,R06,0.0,daily
2014-11-06,R06,0.0,daily
2014-11-07,R06,1.0,daily
2014-11-08,R06,2.2,daily
2014-11-09,R06,1.0,daily
2014-11-10,R06,1.0,daily
2014-11-11,R06,2.0,daily
2014-11-12,R06,0.0,daily
2014-11-13,R06,2.2,daily
2014-11-14,R06,3.0,daily
2014-11-15,R06,2.0,daily
2014-11-16,R06,0.0,daily
2014-11-17,R06,0.2,daily
2014-11-18,R06,1.0,daily
2014-11-19,R06,4.0,daily
2014-11-20,R06,0.0,daily
2014-11-21,R06,1.0,daily
2014-11-22,R06,1.4,daily
2014-11-23,R06,1.1,daily
2014-11-24,R06,2.1,daily
2014-11-25,R06,3.0,daily
2014-11-26,R06,2.0,daily
2014-11-27,R06,3.0,daily
2014-11-28,R06,1.0,daily
2014-11-29,R06,5.0,daily
2014-11-30,R06,2.0,daily
2014-12-01,R06,2.0,daily
2014-12-02,R06,1.0,daily
2014-12-03,R06,3.2,daily
2014-12-04,R06,0.0,daily
2014-12-05,R06,2.2,daily
2014-12-06,R06,1.0,daily
2014-12-07,R06,0.0,daily
2014-12-08,R06,0.0,daily
2014-12-09,R06,2.0,daily
2014-12-10,R06,0.0,daily
2014-12-11,R06,0.0,daily
2014-12-12,R06,0.0,daily
2014-12-13,R06,0.0,daily
2014-12-14,R06,1.0,daily
2014-12-15,R06,1.0,daily
2014-12-16,R06,1.0,daily
2014-12-17,R06,0.0,daily
2014-12-18,R06,0.0,daily
2014-12-19,R06,0.0,daily
2014-12-20,R06,3.0,daily
2014-12-21,R06,1.0,daily
2014-12-22,R06,4.0,daily
2014-12-23,R06,0.0,daily
2014-12-24,R06,2.0,daily
2014-12-25,R06,2.0,daily
2014-12-26,R06,0.0,daily
2014-12-27,R06,3.0,daily
2014-12-28,R06,1.0,daily
2014-12-29,R06,0.0,daily
2014-12-30,R06,2.0,daily
2014-12-31,R06,1.0,daily
2015-01-01,R06,0.0,daily
2015-01-02,R06,2.0,daily
2015-01-03,R06,4.0,daily
2015-01-04,R06,1.0,daily
2015-01-05,R06,3.0,daily
2015-01-06,R06,0.0,daily
2015-01-07,R06,0.0,daily
2015-01-08,R06,2.0,daily
2015-01-09,R06,2.0,daily
2015-01-10,R06,1.0,daily
2015-01-11,R06,2.0,daily
2015-01-12,R06,1.0,daily
2015-01-13,R06,2.0,daily
2015-01-14,R06,0.0,daily
2015-01-15,R06,2.0,daily
2015-01-16,R06,2.0,daily
2015-01-17,R06,0.0,daily
2015-01-18,R06,2.0,daily
2015-01-19,R06,2.0,daily
2015-01-20,R06,1.0,daily
2015-01-21,R06,1.0,daily
2015-01-22,R06,1.0,daily
2015-01-23,R06,2.0,daily
2015-01-24,R06,1.0,daily
2015-01-25,R06,0.0,daily
2015-01-26,R06,0.0,daily
2015-01-27,R06,0.0,daily
2015-01-28,R06,3.0,daily
2015-01-29,R06,3.0,daily
2015-01-30,R06,0.0,daily
2015-01-31,R06,2.0,daily
2015-02-01,R06,1.0,daily
2015-02-02,R06,2.0,daily
2015-02-03,R06,5.0,daily
2015-02-04,R06,0.0,daily
2015-02-05,R06,1.0,daily
2015-02-06,R06,1.0,daily
2015-02-07,R06,2.0,daily
2015-02-08,R06,0.0,daily
2015-02-09,R06,1.0,daily
2015-02-10,R06,3.0,daily
2015-02-11,R06,2.0,daily
2015-02-12,R06,0.0,daily
2015-02-13,R06,1.0,daily
2015-02-14,R06,4.0,daily
2015-02-15,R06,2.0,daily
2015-02-16,R06,0.0,daily
2015-02-17,R06,1.0,daily
2015-02-18,R06,0.0,daily
2015-02-19,R06,3.0,daily
2015-02-20,R06,6.0,daily
2015-02-21,R06,3.0,daily
2015-02-22,R06,1.0,daily
2015-02-23,R06,0.0,daily
2015-02-24,R06,2.0,daily
2015-02-25,R06,2.0,daily
2015-02-26,R06,1.0,daily
2015-02-27,R06,0.0,daily
2015-02-28,R06,3.0,daily
2015-03-01,R06,4.0,daily
2015-03-02,R06,3.0,daily
2015-03-03,R06,4.0,daily
2015-03-04,R06,1.0,daily
2015-03-05,R06,0.0,daily
2015-03-06,R06,1.0,daily
2015-03-07,R06,0.0,daily
2015-03-08,R06,1.0,daily
2015-03-09,R06,1.0,daily
2015-03-10,R06,3.0,daily
2015-03-11,R06,0.0,daily
2015-03-12,R06,3.0,daily
2015-03-13,R06,0.0,daily
2015-03-14,R06,3.0,daily
2015-03-15,R06,3.0,daily
2015-03-16,R06,1.0,daily
2015-03-17,R06,0.0,daily
2015-03-18,R06,2.0,daily
2015-03-19,R06,0.0,daily
2015-03-20,R06,1.0,daily
2015-03-21,R06,2.0,daily
2015-03-22,R06,0.0,daily
2015-03-23,R06,2.0,daily
2015-03-24,R06,4.0,daily
2015-03-25,R06,1.0,daily
2015-03-26,R06,5.0,daily
2015-03-27,R06,1.0,daily
2015-03-28,R06,2.0,daily
2015-03-29,R06,2.0,daily
2015-03-30,R06,0.0,daily
2015-03-31,R06,4.0,daily
2015-04-01,R06,1.0,daily
2015-04-02,R06,5.0,daily
2015-04-03,R06,4.0,daily
2015-04-04,R06,6.0,daily
2015-04-05,R06,1.0,daily
2015-04-06,R06,2.0,daily
2015-04-07,R06,1.0,daily
2015-04-08,R06,4.0,daily
2015-04-09,R06,1.0,daily
2015-04-10,R06,5.0,daily
2015-04-11,R06,6.0,daily
2015-04-12,R06,0.0,daily
2015-04-13,R06,7.0,daily
2015-04-14,R06,2.0,daily
2015-04-15,R06,2.0,daily
2015-04-16,R06,4.0,daily
2015-04-17,R06,5.0,daily
2015-04-18,R06,4.0,daily
2015-04-19,R06,2.0,daily
2015-04-20,R06,3.0,daily
2015-04-21,R06,6.0,daily
2015-04-22,R06,2.0,daily
2015-04-23,R06,4.0,daily
2015-04-24,R06,5.0,daily
2015-04-25,R06,3.0,daily
2015-04-26,R06,1.0,daily
2015-04-27,R06,10.0,daily
2015-04-28,R06,6.0,daily
2015-04-29,R06,3.0,daily
2015-04-30,R06,7.0,daily
2015-05-01,R06,4.7,daily
2015-05-02,R06,5.0,daily
2015-05-03,R06,6.0,daily
2015-05-04,R06,3.3,daily
2015-05-05,R06,2.5,daily
2015-05-06,R06,6.0,daily
2015-05-07,R06,10.0,daily
2015-05-08,R06,1.0,daily
2015-05-09,R06,6.0,daily
2015-05-10,R06,10.0,daily
2015-05-11,R06,4.0,daily
2015-05-12,R06,8.0,daily
2015-05-13,R06,4.5,daily
2015-05-14,R06,5.0,daily
2015-05-15,R06,3.2,daily
2015-05-16,R06,4.0,daily
2015-05-17,R06,8.0,daily
2015-05-18,R06,2.2,daily
2015-05-19,R06,3.0,daily
2015-05-20,R06,6.0,daily
2015-05-21,R06,3.3,daily
2015-05-22,R06,7.0,daily
2015-05-23,R06,7.0,daily
2015-05-24,R06,1.3,daily
2015-05-25,R06,3.0,daily
2015-05-26,R06,10.0,daily
2015-05-27,R06,1.0,daily
2015-05-28,R06,3.0,daily
2015-05-29,R06,3.0,daily
2015-05-30,R06,8.0,daily
2015-05-31,R06,10.5,daily
2015-06-01,R06,3.0,daily
2015-06-02,R06,6.0,daily
2015-06-03,R06,2.0,daily
2015-06-04,R06,2.0,daily
2015-06-05,R06,7.0,daily
2015-06-06,R06,2.0,daily
2015-06-07,R06,6.0,daily
2015-06-08,R06,7.0,daily
2015-06-09,R06,4.6,daily
2015-06-10,R06,2.0,daily
2015-06-11,R06,3.0,daily
2015-06-12,R06,5.0,daily
2015-06-13,R06,4.0,daily
2015-06-14,R06,2.0,daily
2015-06-15,R06,9.0,daily
2015-06-16,R06,5.0,daily
2015-06-17,R06,2.0,daily
2015-06-18,R06,3.6,daily
2015-06-19,R06,6.3,daily
2015-06-20,R06,7.0,daily
2015-06-21,R06,2.0,daily
2015-06-22,R06,5.0,daily
2015-06-23,R06,5.0,daily
2015-06-24,R06,3.0,daily
2015-06-25,R06,3.0,daily
2015-06-26,R06,4.0,daily
2015-06-27,R06,2.0,daily
2015-06-28,R06,6.0,daily
2015-06-29,R06,3.0,daily
2015-06-30,R06,4.3,daily
2015-07-01,R06,10.0,daily
2015-07-02,R06,2.0,daily
2015-07-03,R06,4.0,daily
2015-07-04,R06,3.0,daily
2015-07-05,R06,4.0,daily
2015-07-06,R06,3.0,daily
2015-07-07,R06,7.0,daily
2015-07-08,R06,3.0,daily
2015-07-09,R06,5.0,daily
2015-07-10,R06,6.0,daily
2015-07-11,R06,10.0,daily
2015-07-12,R06,6.5,daily
2015-07-13,R06,3.0,daily
2015-07-14,R06,2.0,daily
2015-07-15,R06,9.0,daily
2015-07-16,R06,4.0,daily
2015-07-17,R06,2.3,daily
2015-07-18,R06,3.0,daily
2015-07-19,R06,3.0,daily
2015-07-20,R06,2.0,daily
2015-07-21,R06,4.0,daily
2015-07-22,R06,3.0,daily
2015-07-23,R06,2.0,daily
2015-07-24,R06,10.0,daily
2015-07-25,R06,4.0,daily
2015-07-26,R06,0.0,daily
2015-07-27,R06,1.5,daily
2015-07-28,R06,3.0,daily
2015-07-29,R06,1.0,daily
2015-07-30,R06,4.0,daily
2015-07-31,R06,6.0,daily
2015-08-01,R06,2.0,daily
2015-08-02,R06,2.0,daily
2015-08-03,R06,1.0,daily
2015-08-04,R06,4.0,daily
2015-08-05,R06,1.0,daily
2015-08-06,R06,2.0,daily
2015-08-07,R06,6.0,daily
2015-08-08,R06,0.7,daily
2015-08-09,R06,3.0,daily
2015-08-10,R06,5.0,daily
2015-08-11,R06,4.0,daily
2015-08-12,R06,1.0,daily
2015-08-13,R06,3.0,daily
2015-08-14,R06,4.0,daily
2015-08-15,R06,1.0,daily
2015-08-16,R06,2.0,daily
2015-08-17,R06,2.0,daily
2015-08-18,R06,1.0,daily
2015-08-19,R06,3.0,daily
2015-08-20,R06,0.0,daily
2015-08-21,R06,4.0,daily
2015-08-22,R06,6.0,daily
2015-08-23,R06,2.0,daily
2015-08-24,R06,1.0,daily
2015-08-25,R06,3.0,daily
2015-08-26,R06,6.0,daily
2015-08-27,R06,3.0,daily
2015-08-28,R06,3.0,daily
2015-08-29,R06,2.0,daily
2015-08-30,R06,4.0,daily
2015-08-31,R06,2.0,daily
2015-09-01,R06,3.0,daily
2015-09-02,R06,5.0,daily
2015-09-03,R06,2.0,daily
2015-09-04,R06,2.0,daily
2015-09-05,R06,4.0,daily
2015-09-06,R06,3.0,daily
2015-09-07,R06,2.0,daily
2015-09-08,R06,4.0,daily
2015-09-09,R06,2.0,daily
2015-09-10,R06,2.0,daily
2015-09-11,R06,2.0,daily
2015-09-12,R06,2.0,daily
2015-09-13,R06,3.0,daily
2015-09-14,R06,0.0,daily
2015-09-15,R06,5.0,daily
2015-09-16,R06,1.0,daily
2015-09-17,R06,2.0,daily
2015-09-18,R06,3.0,daily
2015-09-19,R06,5.0,daily
2015-09-20,R06,2.0,daily
2015-09-21,R06,2.0,daily
2015-09-22,R06,5.0,daily
2015-09-23,R06,1.0,daily
2015-09-24,R06,0.0,daily
2015-09-25,R06,3.0,daily
2015-09-26,R06,2.0,daily
2015-09-27,R06,1.0,daily
2015-09-28,R06,2.0,daily
2015-09-29,R06,0.0,daily
2015-09-30,R06,1.0,daily
2015-10-01,R06,2.0,daily
2015-10-02,R06,1.0,daily
2015-10-03,R06,2.0,daily
2015-10-04,R06,2.0,daily
2015-10-05,R06,5.0,daily
2015-10-06,R06,4.0,daily
2015-10-07,R06,2.0,daily
2015-10-08,R06,0.0,daily
2015-10-09,R06,2.0,daily
2015-10-10,R06,0.0,daily
2015-10-11,R06,5.0,daily
2015-10-12,R06,3.0,daily
2015-10-13,R06,1.0,daily
2015-10-14,R06,1.0,daily
2015-10-15,R06,1.0,daily
2015-10-16,R06,1.0,daily
2015-10-17,R06,1.0,daily
2015-10-18,R06,8.0,daily
2015-10-19,R06,0.0,daily
2015-10-20,R06,5.0,daily
2015-10-21,R06,4.0,daily
2015-10-22,R06,2.0,daily
2015-10-23,R06,2.0,daily
2015-10-24,R06,2.0,daily
2015-10-25,R06,4.0,daily
2015-10-26,R06,2.0,daily
2015-10-27,R06,3.0,daily
2015-10-28,R06,2.0,daily
2015-10-29,R06,1.0,daily
2015-10-30,R06,3.0,daily
2015-10-31,R06,1.0,daily
2015-11-01,R06,0.0,daily
2015-11-02,R06,2.0,daily
2015-11-03,R06,0.0,daily
2015-11-04,R06,4.0,daily
2015-11-05,R06,2.0,daily
2015-11-06,R06,0.0,daily
2015-11-07,R06,1.0,daily
2015-11-08,R06,1.0,daily
2015-11-09,R06,1.0,daily
2015-11-10,R06,2.0,daily
2015-11-11,R06,3.0,daily
2015-11-12,R06,0.0,daily
2015-11-13,R06,0.0,daily
2015-11-14,R06,1.0,daily
2015-11-15,R06,0.0,daily
2015-11-16,R06,2.0,daily
2015-11-17,R06,2.0,daily
2015-11-18,R06,2.0,daily
2015-11-19,R06,0.0,daily
2015-11-20,R06,3.0,daily
2015-11-21,R06,3.0,daily
2015-11-22,R06,1.0,daily
2015-11-23,R06,2.0,daily
2015-11-24,R06,5.0,daily
2015-11-25,R06,3.0,daily
2015-11-26,R06,0.0,daily
2015-11-27,R06,0.0,daily
2015-11-28,R06,1.0,daily
2015-11-29,R06,0.0,daily
2015-11-30,R06,3.0,daily
2015-12-01,R06,1.0,daily
2015-12-02,R06,0.0,daily
2015-12-03,R06,1.0,daily
2015-12-04,R06,1.0,daily
2015-12-05,R06,2.33,daily
2015-12-06,R06,1.0,daily
2015-12-07,R06,6.0,daily
2015-12-08,R06,0.0,daily
2015-12-09,R06,1.0,daily
2015-12-10,R06,2.1,daily
2015-12-11,R06,1.0,daily
2015-12-12,R06,1.0,daily
2015-12-13,R06,0.0,daily
2015-12-14,R06,1.0,daily
2015-12-15,R06,1.0,daily
2015-12-16,R06,0.0,daily
2015-12-17,R06,2.0,daily
2015-12-18,R06,1.0,daily
2015-12-19,R06,0.0,daily
2015-12-20,R06,1.0,daily
2015-12-21,R06,0.4,daily
2015-12-22,R06,1.0,daily
2015-12-23,R06,0.0,daily
2015-12-24,R06,0.0,daily
2015-12-25,R06,1.0,daily
2015-12-26,R06,4.3,daily
2015-12-27,R06,4.6,daily
2015-12-28,R06,1.0,daily
2015-12-29,R06,3.0,daily
2015-12-30,R06,2.0,daily
2015-12-31,R06,1.0,daily
2016-01-01,R06,0.0,daily
2016-01-02,R06,5.0,daily
2016-01-03,R06,1.0,daily
2016-01-04,R06,1.0,daily
2016-01-05,R06,1.0,daily
2016-01-06,R06,2.0,daily
2016-01-07,R06,0.0,daily
2016-01-08,R06,2.0,daily
2016-01-09,R06,3.0,daily
2016-01-10,R06,0.0,daily
2016-01-11,R06,4.0,daily
2016-01-12,R06,0.0,daily
2016-01-13,R06,2.0,daily
2016-01-14,R06,2.0,daily
2016-01-15,R06,2.0,daily
2016-01-16,R06,1.0,daily
2016-01-17,R06,1.0,daily
2016-01-18,R06,2.0,daily
2016-01-19,R06,3.0,daily
2016-01-20,R06,2.0,daily
2016-01-21,R06,5.0,daily
2016-01-22,R06,0.0,daily
2016-01-23,R06,2.0,daily
2016-01-24,R06,3.0,daily
2016-01-25,R06,1.5,daily
2016-01-26,R06,0.0,daily
2016-01-27,R06,2.0,daily
2016-01-28,R06,3.0,daily
2016-01-29,R06,2.0,daily
2016-01-30,R06,2.0,daily
2016-01-31,R06,2.0,daily
2016-02-01,R06,1.0,daily
2016-02-02,R06,1.0,daily
2016-02-03,R06,0.0,daily
2016-02-04,R06,4.0,daily
2016-02-05,R06,1.0,daily
2016-02-06,R06,2.0,daily
2016-02-07,R06,1.0,daily
2016-02-08,R06,1.0,daily
2016-02-09,R06,2.0,daily
2016-02-10,R06,2.0,daily
2016-02-11,R06,4.0,daily
2016-02-12,R06,1.0,daily
2016-02-13,R06,2.0,daily
2016-02-14,R06,4.0,daily
2016-02-15,R06,0.0,daily
2016-02-16,R06,3.0,daily
2016-02-17,R06,0.0,daily
2016-02-18,R06,1.0,daily
2016-02-19,R06,1.0,daily
2016-02-20,R06,3.0,daily
2016-02-21,R06,4.0,daily
2016-02-22,R06,4.0,daily
2016-02-23,R06,3.0,daily
2016-02-24,R06,1.0,daily
2016-02-25,R06,3.0,daily
2016-02-26,R06,1.0,daily
2016-02-27,R06,2.0,daily
2016-02-28,R06,5.0,daily
2016-02-29,R06,1.0,daily
2016-03-01,R06,2.0,daily
2016-03-02,R06,0.0,daily
2016-03-03,R06,4.0,daily
2016-03-04,R06,0.0,daily
2016-03-05,R06,5.0,daily
2016-03-06,R06,7.0,daily
2016-03-07,R06,1.0,daily
2016-03-08,R06,3.0,daily
2016-03-09,R06,4.0,daily
2016-03-10,R06,2.0,daily
2016-03-11,R06,1.0,daily
2016-03-12,R06,1.0,daily
2016-03-13,R06,0.34,daily
2016-03-14,R06,1.0,daily
2016-03-15,R06,3.0,daily
2016-03-16,R06,4.0,daily
2016-03-17,R06,5.0,daily
2016-03-18,R06,3.0,daily
2016-03-19,R06,5.0,daily
2016-03-20,R06,5.0,daily
2016-03-21,R06,7.0,daily
2016-03-22,R06,2.0,daily
2016-03-23,R06,3.0,daily
2016-03-24,R06,2.0,daily
2016-03-25,R06,3.0,daily
2016-03-26,R06,5.0,daily
2016-03-27,R06,4.0,daily
2016-03-28,R06,4.5,daily
2016-03-29,R06,1.0,daily
2016-03-30,R06,5.0,daily
2016-03-31,R06,5.0,daily
2016-04-01,R06,10.5,daily
2016-04-02,R06,7.4,daily
2016-04-03,R06,11.0,daily
2016-04-04,R06,2.0,daily
2016-04-05,R06,12.0,daily
2016-04-06,R06,3.0,daily
2016-04-07,R06,8.2,daily
2016-04-08,R06,4.4,daily
2016-04-09,R06,3.0,daily
2016-04-10,R06,8.0,daily
2016-04-11,R06,6.0,daily
2016-04-12,R06,5.0,daily
2016-04-13,R06,3.0,daily
2016-04-14,R06,6.0,daily
2016-04-15,R06,4.2,daily
2016-04-16,R06,8.5,daily
2016-04-17,R06,7.2,daily
2016-04-18,R06,7.0,daily
2016-04-19,R06,4.0,daily
2016-04-20,R06,3.0,daily
2016-04-21,R06,2.3,daily
2016-04-22,R06,1.0,daily
2016-04-23,R06,4.5,daily
2016-04-24,R06,5.0,daily
2016-04-25,R06,2.5,daily
2016-04-26,R06,2.0,daily
2016-04-27,R06,2.0,daily
2016-04-28,R06,12.0,daily
2016-04-29,R06,3.2,daily
2016-04-30,R06,4.5,daily
2016-05-01,R06,0.0,daily
2016-05-02,R06,2.0,daily
2016-05-03,R06,2.0,daily
2016-05-04,R06,2.0,daily
2016-05-05,R06,2.0,daily
2016-05-06,R06,3.0,daily
2016-05-07,R06,10.0,daily
2016-05-08,R06,11.0,daily
2016-05-09,R06,5.0,daily
2016-05-10,R06,3.5,daily
2016-05-11,R06,2.0,daily
2016-05-12,R06,0.0,daily
2016-05-13,R06,5.0,daily
2016-05-14,R06,1.0,daily
2016-05-15,R06,4.0,daily
2016-05-16,R06,3.0,daily
2016-05-17,R06,3.2,daily
2016-05-18,R06,5.0,daily
2016-05-19,R06,3.0,daily
2016-05-20,R06,5.0,daily
2016-05-21,R06,5.0,daily
2016-05-22,R06,10.0,daily
2016-05-23,R06,4.0,daily
2016-05-24,R06,2.0,daily
2016-05-25,R06,1.2,daily
2016-05-26,R06,9.0,daily
2016-05-27,R06,6.0,daily
2016-05-28,R06,9.0,daily
2016-05-29,R06,9.2,daily
2016-05-30,R06,8.0,daily
2016-05-31,R06,2.0,daily
2016-06-01,R06,5.0,daily
2016-06-02,R06,1.0,daily
2016-06-03,R06,7.0,daily
2016-06-04,R06,4.0,daily
2016-06-05,R06,4.0,daily
2016-06-06,R06,6.0,daily
2016-06-07,R06,3.0,daily
2016-06-08,R06,6.0,daily
2016-06-09,R06,4.2,daily
2016-06-10,R06,5.0,daily
2016-06-11,R06,8.0,daily
2016-06-12,R06,6.0,daily
2016-06-13,R06,2.0,daily
2016-06-14,R06,3.0,daily
2016-06-15,R06,6.0,daily
2016-06-16,R06,3.0,daily
2016-06-17,R06,4.0,daily
2016-06-18,R06,4.0,daily
2016-06-19,R06,15.0,daily
2016-06-20,R06,6.0,daily
2016-06-21,R06,5.6,daily
2016-06-22,R06,2.0,daily
2016-06-23,R06,3.0,daily
2016-06-24,R06,2.0,daily
2016-06-25,R06,4.0,daily
2016-06-26,R06,3.0,daily
2016-06-27,R06,2.0,daily
2016-06-28,R06,7.0,daily
2016-06-29,R06,2.0,daily
2016-06-30,R06,2.0,daily
2016-07-01,R06,7.0,daily
2016-07-02,R06,3.0,daily
2016-07-03,R06,5.0,daily
2016-07-04,R06,6.0,daily
2016-07-05,R06,3.0,daily
2016-07-06,R06,4.0,daily
2016-07-07,R06,2.0,daily
2016-07-08,R06,4.3,daily
2016-07-09,R06,2.0,daily
2016-07-10,R06,3.0,daily
2016-07-11,R06,6.2,daily
2016-07-12,R06,4.0,daily
2016-07-13,R06,2.0,daily
2016-07-14,R06,5.0,daily
2016-07-15,R06,3.33,daily
2016-07-16,R06,8.0,daily
2016-07-17,R06,4.0,daily
2016-07-18,R06,4.0,daily
2016-07-19,R06,2.0,daily
2016-07-20,R06,5.0,daily
2016-07-21,R06,2.0,daily
2016-07-22,R06,2.0,daily
2016-07-23,R06,5.0,daily
2016-07-24,R06,2.0,daily
2016-07-25,R06,4.0,daily
2016-07-26,R06,2.0,daily
2016-07-27,R06,2.0,daily
2016-07-28,R06,3.0,daily
2016-07-29,R06,2.0,daily
2016-07-30,R06,6.0,daily
2016-07-31,R06,4.0,daily
2016-08-01,R06,6.0,daily
2016-08-02,R06,1.0,daily
2016-08-03,R06,3.0,daily
2016-08-04,R06,4.0,daily
2016-08-05,R06,1.3,daily
2016-08-06,R06,2.0,daily
2016-08-07,R06,3.0,daily
2016-08-08,R06,4.0,daily
2016-08-09,R06,4.0,daily
2016-08-10,R06,2.0,daily
2016-08-11,R06,2.0,daily
2016-08-12,R06,2.0,daily
2016-08-13,R06,5.0,daily
2016-08-14,R06,0.0,daily
2016-08-15,R06,2.0,daily
2016-08-16,R06,3.5,daily
2016-08-17,R06,5.0,daily
2016-08-18,R06,1.0,daily
2016-08-19,R06,4.0,daily
2016-08-20,R06,6.0,daily
2016-08-21,R06,1.0,daily
2016-08-22,R06,6.0,daily
2016-08-23,R06,1.2,daily
2016-08-24,R06,3.0,daily
2016-08-25,R06,5.0,daily
2016-08-26,R06,0.0,daily
2016-08-27,R06,0.0,daily
2016-08-28,R06,2.0,daily
2016-08-29,R06,1.3,daily
2016-08-30,R06,0.0,daily
2016-08-31,R06,5.0,daily
2016-09-01,R06,3.0,daily
2016-09-02,R06,2.0,daily
2016-09-03,R06,4.0,daily
2016-09-04,R06,5.0,daily
2016-09-05,R06,4.0,daily
2016-09-06,R06,3.0,daily
2016-09-07,R06,3.0,daily
2016-09-08,R06,0.0,daily
2016-09-09,R06,3.0,daily
2016-09-10,R06,3.0,daily
2016-09-11,R06,4.0,daily
2016-09-12,R06,4.0,daily
2016-09-13,R06,0.0,daily
2016-09-14,R06,2.0,daily
2016-09-15,R06,1.0,daily
2016-09-16,R06,0.0,daily
2016-09-17,R06,4.1,daily
2016-09-18,R06,1.0,daily
2016-09-19,R06,1.0,daily
2016-09-20,R06,1.0,daily
2016-09-21,R06,2.0,daily
2016-09-22,R06,3.0,daily
2016-09-23,R06,1.0,daily
2016-09-24,R06,1.0,daily
2016-09-25,R06,2.0,daily
2016-09-26,R06,1.0,daily
2016-09-27,R06,3.0,daily
2016-09-28,R06,4.0,daily
2016-09-29,R06,1.2,daily
2016-09-30,R06,3.0,daily
2016-10-01,R06,2.0,daily
2016-10-02,R06,3.0,daily
2016-10-03,R06,3.0,daily
2016-10-04,R06,2.5,daily
2016-10-05,R06,1.0,daily
2016-10-06,R06,0.0,daily
2016-10-07,R06,1.0,daily
2016-10-08,R06,5.0,daily
2016-10-09,R06,1.0,daily
2016-10-10,R06,1.0,daily
2016-10-11,R06,1.0,daily
2016-10-12,R06,2.0,daily
2016-10-13,R06,2.3,daily
2016-10-14,R06,1.0,daily
2016-10-15,R06,1.0,daily
2016-10-16,R06,5.0,daily
2016-10-17,R06,1.0,daily
2016-10-18,R06,3.1,daily
2016-10-19,R06,1.0,daily
2016-10-20,R06,2.0,daily
2016-10-21,R06,2.0,daily
2016-10-22,R06,4.0,daily
2016-10-23,R06,2.0,daily
2016-10-24,R06,1.0,daily
2016-10-25,R06,0.0,daily
2016-10-26,R06,1.0,daily
2016-10-27,R06,0.0,daily
2016-10-28,R06,0.0,daily
2016-10-29,R06,5.0,daily
2016-10-30,R06,2.0,daily
2016-10-31,R06,5.0,daily
2016-11-01,R06,3.0,daily
2016-11-02,R06,3.0,daily
2016-11-03,R06,1.0,daily
2016-11-04,R06,4.2,daily
2016-11-05,R06,2.0,daily
2016-11-06,R06,5.0,daily
2016-11-07,R06,1.0,daily
2016-11-08,R06,3.0,daily
2016-11-09,R06,0.0,daily
2016-11-10,R06,3.4,daily
2016-11-11,R06,1.0,daily
2016-11-12,R06,1.2,daily
2016-11-13,R06,1.0,daily
2016-11-14,R06,1.0,daily
2016-11-15,R06,1.0,daily
2016-11-16,R06,1.0,daily
2016-11-17,R06,1.4,daily
2016-11-18,R06,2.0,daily
2016-11-19,R06,2.0,daily
2016-11-20,R06,2.0,daily
2016-11-21,R06,3.0,daily
2016-11-22,R06,2.0,daily
2016-11-23,R06,1.0,daily
2016-11-24,R06,3.0,daily
2016-11-25,R06,1.0,daily
2016-11-26,R06,2.0,daily
2016-11-27,R06,0.0,daily
2016-11-28,R06,0.0,daily
2016-11-29,R06,0.0,daily
2016-11-30,R06,0.0,daily
2016-12-01,R06,0.0,daily
2016-12-02,R06,0.2,daily
2016-12-03,R06,4.0,daily
2016-12-04,R06,0.0,daily
2016-12-05,R06,2.0,daily
2016-12-06,R06,1.0,daily
2016-12-07,R06,3.0,daily
2016-12-08,R06,0.0,daily
2016-12-09,R06,2.0,daily
2016-12-10,R06,2.0,daily
2016-12-11,R06,1.0,daily
2016-12-12,R06,4.0,daily
2016-12-13,R06,0.0,daily
2016-12-14,R06,1.2,daily
2016-12-15,R06,1.0,daily
2016-12-16,R06,1.0,daily
2016-12-17,R06,1.0,daily
2016-12-18,R06,1.0,daily
2016-12-19,R06,0.0,daily
2016-12-20,R06,0.0,daily
2016-12-21,R06,2.5,daily
2016-12-22,R06,0.0,daily
2016-12-23,R06,2.0,daily
2016-12-24,R06,1.0,daily
2016-12-25,R06,1.0,daily
2016-12-26,R06,2.0,daily
2016-12-27,R06,0.0,daily
2016-12-28,R06,0.0,daily
2016-12-29,R06,2.0,daily
2016-12-30,R06,0.0,daily
2016-12-31,R06,0.0,daily
2017-01-01,R06,0.625,daily
2017-01-02,R06,3.125,daily
2017-01-03,R06,1.875,daily
2017-01-04,R06,2.916666667,daily
2017-01-05,R06,2.5,daily
2017-01-06,R06,2.5,daily
2017-01-07,R06,0.0,daily
2017-01-08,R06,1.666666667,daily
2017-01-09,R06,2.083333333,daily
2017-01-10,R06,0.833333333,daily
2017-01-11,R06,2.916666667,daily
2017-01-12,R06,1.666666667,daily
2017-01-13,R06,1.333333333,daily
2017-01-14,R06,2.083333333,daily
2017-01-15,R06,1.25,daily
2017-01-16,R06,2.083333333,daily
2017-01-17,R06,2.5,daily
2017-01-18,R06,0.833333333,daily
2017-01-19,R06,3.333333333,daily
2017-01-20,R06,2.5,daily
2017-01-21,R06,2.916666667,daily
2017-01-22,R06,1.666666667,daily
2017-01-23,R06,1.666666667,daily
2017-01-24,R06,2.916666667,daily
2017-01-25,R06,2.291666667,daily
2017-01-26,R06,0.0,daily
2017-01-27,R06,1.25,daily
2017-01-28,R06,1.25,daily
2017-01-29,R06,3.333333333,daily
2017-01-30,R06,4.166666667,daily
2017-01-31,R06,1.666666667,daily
2017-02-01,R06,2.083333333,daily
2017-02-02,R06,0.833333333,daily
2017-02-03,R06,0.833333333,daily
2017-02-04,R06,3.75,daily
2017-02-05,R06,1.1,daily
2017-02-06,R06,0.0,daily
2017-02-07,R06,2.0,daily
2017-02-08,R06,2.0,daily
2017-02-09,R06,1.0,daily
2017-02-10,R06,0.0,daily
2017-02-11,R06,3.0,daily
2017-02-12,R06,1.0,daily
2017-02-13,R06,0.0,daily
2017-02-14,R06,1.0,daily
2017-02-15,R06,1.0,daily
2017-02-16,R06,3.0,daily
2017-02-17,R06,1.2,daily
2017-02-18,R06,3.1,daily
2017-02-19,R06,1.0,daily
2017-02-20,R06,3.0,daily
2017-02-21,R06,1.0,daily
2017-02-22,R06,0.0,daily
2017-02-23,R06,2.0,daily
2017-02-24,R06,1.0,daily
2017-02-25,R06,0.0,daily
2017-02-26,R06,1.2,daily
2017-02-27,R06,2.0,daily
2017-02-28,R06,0.0,daily
2017-03-01,R06,2.0,daily
2017-03-02,R06,2.0,daily
2017-03-03,R06,4.0,daily
2017-03-04,R06,4.5,daily
2017-03-05,R06,5.0,daily
2017-03-06,R06,3.0,daily
2017-03-07,R06,2.0,daily
2017-03-08,R06,3.0,daily
2017-03-09,R06,2.5,daily
2017-03-10,R06,1.0,daily
2017-03-11,R06,3.5,daily
2017-03-12,R06,2.0,daily
2017-03-13,R06,0.0,daily
2017-03-14,R06,1.0,daily
2017-03-15,R06,0.0,daily
2017-03-16,R06,3.0,daily
2017-03-17,R06,3.0,daily
2017-03-18,R06,1.0,daily
2017-03-19,R06,3.0,daily
2017-03-20,R06,3.0,daily
2017-03-21,R06,5.3,daily
2017-03-22,R06,2.0,daily
2017-03-23,R06,3.5,daily
2017-03-24,R06,6.3,daily
2017-03-25,R06,4.0,daily
2017-03-26,R06,8.0,daily
2017-03-27,R06,4.0,daily
2017-03-28,R06,6.0,daily
2017-03-29,R06,4.5,daily
2017-03-30,R06,2.0,daily
2017-03-31,R06,6.0,daily
2017-04-01,R06,3.0,daily
2017-04-02,R06,12.4,daily
2017-04-03,R06,3.0,daily
2017-04-04,R06,5.5,daily
2017-04-05,R06,1.0,daily
2017-04-06,R06,1.0,daily
2017-04-07,R06,5.0,daily
2017-04-08,R06,6.0,daily
2017-04-09,R06,1.0,daily
2017-04-10,R06,4.0,daily
2017-04-11,R06,1.0,daily
2017-04-12,R06,4.0,daily
2017-04-13,R06,5.0,daily
2017-04-14,R06,4.0,daily
2017-04-15,R06,5.2,daily
2017-04-16,R06,0.0,daily
2017-04-17,R06,1.0,daily
2017-04-18,R06,2.0,daily
2017-04-19,R06,1.0,daily
2017-04-20,R06,2.0,daily
2017-04-21,R06,3.0,daily
2017-04-22,R06,2.0,daily
2017-04-23,R06,5.0,daily
2017-04-24,R06,5.0,daily
2017-04-25,R06,5.0,daily
2017-04-26,R06,8.3,daily
2017-04-27,R06,10.0,daily
2017-04-28,R06,7.0,daily
2017-04-29,R06,8.0,daily
2017-04-30,R06,2.0,daily
2017-05-01,R06,1.0,daily
2017-05-02,R06,5.0,daily
2017-05-03,R06,2.0,daily
2017-05-04,R06,4.1,daily
2017-05-05,R06,3.0,daily
2017-05-06,R06,6.0,daily
2017-05-07,R06,4.0,daily
2017-05-08,R06,5.6,daily
2017-05-09,R06,3.0,daily
2017-05-10,R06,7.0,daily
2017-05-11,R06,10.0,daily
2017-05-12,R06,6.0,daily
2017-05-13,R06,7.0,daily
2017-05-14,R06,2.1,daily
2017-05-15,R06,7.0,daily
2017-05-16,R06,7.0,daily
2017-05-17,R06,2.0,daily
2017-05-18,R06,3.0,daily
2017-05-19,R06,10.0,daily
2017-05-20,R06,6.0,daily
2017-05-21,R06,4.0,daily
2017-05-22,R06,11.0,daily
2017-05-23,R06,7.0,daily
2017-05-24,R06,4.71,daily
2017-05-25,R06,4.3,daily
2017-05-26,R06,2.0,daily
2017-05-27,R06,10.0,daily
2017-05-28,R06,3.0,daily
2017-05-29,R06,5.0,daily
2017-05-30,R06,5.0,daily
2017-05-31,R06,5.0,daily
2017-06-01,R06,2.0,daily
2017-06-02,R06,3.0,daily
2017-06-03,R06,2.0,daily
2017-06-04,R06,4.0,daily
2017-06-05,R06,8.0,daily
2017-06-06,R06,7.5,daily
2017-06-07,R06,7.0,daily
2017-06-08,R06,4.2,daily
2017-06-09,R06,6.0,daily
2017-06-10,R06,3.0,daily
2017-06-11,R06,3.0,daily
2017-06-12,R06,12.0,daily
2017-06-13,R06,9.1,daily
2017-06-14,R06,3.0,daily
2017-06-15,R06,6.5,daily
2017-06-16,R06,5.44,daily
2017-06-17,R06,5.0,daily
2017-06-18,R06,3.33,daily
2017-06-19,R06,3.0,daily
2017-06-20,R06,8.63,daily
2017-06-21,R06,5.4,daily
2017-06-22,R06,11.0,daily
2017-06-23,R06,1.2,daily
2017-06-24,R06,1.0,daily
2017-06-25,R06,4.6,daily
2017-06-26,R06,3.0,daily
2017-06-27,R06,6.0,daily
2017-06-28,R06,3.0,daily
2017-06-29,R06,5.0,daily
2017-06-30,R06,6.0,daily
2017-07-01,R06,4.0,daily
2017-07-02,R06,4.0,daily
2017-07-03,R06,0.0,daily
2017-07-04,R06,6.0,daily
2017-07-05,R06,6.0,daily
2017-07-06,R06,1.0,daily
2017-07-07,R06,0.0,daily
2017-07-08,R06,3.0,daily
2017-07-09,R06,4.0,daily
2017-07-10,R06,3.0,daily
2017-07-11,R06,2.0,daily
2017-07-12,R06,0.0,daily
2017-07-13,R06,2.0,daily
2017-07-14,R06,3.0,daily
2017-07-15,R06,2.0,daily
2017-07-16,R06,1.0,daily
2017-07-17,R06,3.0,daily
2017-07-18,R06,4.0,daily
2017-07-19,R06,6.0,daily
2017-07-20,R06,2.0,daily
2017-07-21,R06,3.0,daily
2017-07-22,R06,2.0,daily
2017-07-23,R06,5.0,daily
2017-07-24,R06,3.0,daily
2017-07-25,R06,0.1,daily
2017-07-26,R06,1.0,daily
2017-07-27,R06,1.0,daily
2017-07-28,R06,3.0,daily
2017-07-29,R06,4.0,daily
2017-07-30,R06,1.0,daily
2017-07-31,R06,2.0,daily
2017-08-01,R06,1.0,daily
2017-08-02,R06,4.0,daily
2017-08-03,R06,3.0,daily
2017-08-04,R06,2.0,daily
2017-08-05,R06,2.0,daily
2017-08-06,R06,3.0,daily
2017-08-07,R06,0.0,daily
2017-08-08,R06,4.2,daily
2017-08-09,R06,2.2,daily
2017-08-10,R06,1.1,daily
2017-08-11,R06,0.0,daily
2017-08-12,R06,2.0,daily
2017-08-13,R06,1.0,daily
2017-08-14,R06,2.0,daily
2017-08-15,R06,3.0,daily
2017-08-16,R06,2.0,daily
2017-08-17,R06,1.5,daily
2017-08-18,R06,3.0,daily
2017-08-19,R06,2.0,daily
2017-08-20,R06,1.0,daily
2017-08-21,R06,0.0,daily
2017-08-22,R06,2.0,daily
2017-08-23,R06,3.0,daily
2017-08-24,R06,3.0,daily
2017-08-25,R06,1.0,daily
2017-08-26,R06,2.0,daily
2017-08-27,R06,1.0,daily
2017-08-28,R06,3.0,daily
2017-08-29,R06,2.1,daily
2017-08-30,R06,2.0,daily
2017-08-31,R06,1.0,daily
2017-09-01,R06,0.0,daily
2017-09-02,R06,3.0,daily
2017-09-03,R06,3.0,daily
2017-09-04,R06,3.0,daily
2017-09-05,R06,1.3,daily
2017-09-06,R06,3.0,daily
2017-09-07,R06,2.0,daily
2017-09-08,R06,4.0,daily
2017-09-09,R06,4.0,daily
2017-09-10,R06,4.2,daily
2017-09-11,R06,2.0,daily
2017-09-12,R06,2.2,daily
2017-09-13,R06,0.0,daily
2017-09-14,R06,5.0,daily
2017-09-15,R06,3.0,daily
2017-09-16,R06,1.2,daily
2017-09-17,R06,5.0,daily
2017-09-18,R06,2.0,daily
2017-09-19,R06,9.0,daily
2017-09-20,R06,0.0,daily
2017-09-21,R06,1.0,daily
2017-09-22,R06,3.0,daily
2017-09-23,R06,2.0,daily
2017-09-24,R06,1.0,daily
2017-09-25,R06,1.0,daily
2017-09-26,R06,1.0,daily
2017-09-27,R06,0.0,daily
2017-09-28,R06,0.0,daily
2017-09-29,R06,1.0,daily
2017-09-30,R06,0.0,daily
2017-10-01,R06,1.0,daily
2017-10-02,R06,0.0,daily
2017-10-03,R06,2.0,daily
2017-10-04,R06,1.0,daily
2017-10-05,R06,2.0,daily
2017-10-06,R06,2.0,daily
2017-10-07,R06,1.0,daily
2017-10-08,R06,4.0,daily
2017-10-09,R06,0.0,daily
2017-10-10,R06,3.0,daily
2017-10-11,R06,2.5,daily
2017-10-12,R06,2.0,daily
2017-10-13,R06,4.0,daily
2017-10-14,R06,0.0,daily
2017-10-15,R06,2.0,daily
2017-10-16,R06,2.0,daily
2017-10-17,R06,1.0,daily
2017-10-18,R06,1.0,daily
2017-10-19,R06,0.0,daily
2017-10-20,R06,0.0,daily
2017-10-21,R06,4.0,daily
2017-10-22,R06,2.0,daily
2017-10-23,R06,1.0,daily
2017-10-24,R06,1.0,daily
2017-10-25,R06,1.0,daily
2017-10-26,R06,2.3,daily
2017-10-27,R06,2.0,daily
2017-10-28,R06,3.0,daily
2017-10-29,R06,2.2,daily
2017-10-30,R06,1.0,daily
2017-10-31,R06,1.0,daily
2017-11-01,R06,1.0,daily
2017-11-02,R06,3.0,daily
2017-11-03,R06,1.0,daily
2017-11-04,R06,3.2,daily
2017-11-05,R06,2.0,daily
2017-11-06,R06,1.0,daily
2017-11-07,R06,1.5,daily
2017-11-08,R06,1.0,daily
2017-11-09,R06,1.0,daily
2017-11-10,R06,2.0,daily
2017-11-11,R06,0.0,daily
2017-11-12,R06,2.0,daily
2017-11-13,R06,0.2,daily
2017-11-14,R06,1.0,daily
2017-11-15,R06,1.0,daily
2017-11-16,R06,1.0,daily
2017-11-17,R06,2.0,daily
2017-11-18,R06,1.2,daily
2017-11-19,R06,2.5,daily
2017-11-20,R06,0.0,daily
2017-11-21,R06,1.0,daily
2017-11-22,R06,1.0,daily
2017-11-23,R06,3.0,daily
2017-11-24,R06,0.0,daily
2017-11-25,R06,0.0,daily
2017-11-26,R06,2.0,daily
2017-11-27,R06,3.0,daily
2017-11-28,R06,3.0,daily
2017-11-29,R06,3.0,daily
2017-11-30,R06,3.0,daily
2017-12-01,R06,2.0,daily
2017-12-02,R06,1.5,daily
2017-12-03,R06,2.0,daily
2017-12-04,R06,3.0,daily
2017-12-05,R06,2.0,daily
2017-12-06,R06,1.0,daily
2017-12-07,R06,1.0,daily
2017-12-08,R06,2.0,daily
2017-12-09,R06,2.0,daily
2017-12-10,R06,2.0,daily
2017-12-11,R06,1.0,daily
2017-12-12,R06,2.0,daily
2017-12-13,R06,1.0,daily
2017-12-14,R06,3.0,daily
2017-12-15,R06,1.0,daily
2017-12-16,R06,2.0,daily
2017-12-17,R06,2.0,daily
2017-12-18,R06,0.0,daily
2017-12-19,R06,0.0,daily
2017-12-20,R06,2.0,daily
2017-12-21,R06,0.0,daily
2017-12-22,R06,1.6,daily
2017-12-23,R06,1.0,daily
2017-12-24,R06,1.0,daily
2017-12-25,R06,2.0,daily
2017-12-26,R06,2.0,daily
2017-12-27,R06,0.0,daily
2017-12-28,R06,1.0,daily
2017-12-29,R06,2.0,daily
2017-12-30,R06,3.0,daily
2017-12-31,R06,1.0,daily
2018-01-01,R06,0.0,daily
2018-01-02,R06,2.0,daily
2018-01-03,R06,3.0,daily
2018-01-04,R06,2.0,daily
2018-01-05,R06,1.0,daily
2018-01-06,R06,8.0,daily
2018-01-07,R06,0.0,daily
2018-01-08,R06,1.0,daily
2018-01-09,R06,1.0,daily
2018-01-10,R06,2.0,daily
2018-01-11,R06,0.0,daily
2018-01-12,R06,0.0,daily
2018-01-13,R06,1.0,daily
2018-01-14,R06,1.0,daily
2018-01-15,R06,2.0,daily
2018-01-16,R06,0.0,daily
2018-01-17,R06,2.0,daily
2018-01-18,R06,1.0,daily
2018-01-19,R06,1.0,daily
2018-01-20,R06,0.0,daily
2018-01-21,R06,3.5,daily
2018-01-22,R06,1.0,daily
2018-01-23,R06,1.0,daily
2018-01-24,R06,1.0,daily
2018-01-25,R06,3.0,daily
2018-01-26,R06,1.0,daily
2018-01-27,R06,4.0,daily
2018-01-28,R06,2.0,daily
2018-01-29,R06,1.0,daily
2018-01-30,R06,3.0,daily
2018-01-31,R06,1.0,daily
2018-02-01,R06,3.0,daily
2018-02-02,R06,4.4,daily
2018-02-03,R06,2.0,daily
2018-02-04,R06,3.0,daily
2018-02-05,R06,0.66,daily
2018-02-06,R06,1.0,daily
2018-02-07,R06,0.0,daily
2018-02-08,R06,0.0,daily
2018-02-09,R06,0.0,daily
2018-02-10,R06,3.0,daily
2018-02-11,R06,2.0,daily
2018-02-12,R06,1.0,daily
2018-02-13,R06,3.0,daily
2018-02-14,R06,0.0,daily
2018-02-15,R06,0.0,daily
2018-02-16,R06,1.0,daily
2018-02-17,R06,0.0,daily
2018-02-18,R06,1.0,daily
2018-02-19,R06,2.0,daily
2018-02-20,R06,3.0,daily
2018-02-21,R06,1.0,daily
2018-02-22,R06,0.0,daily
2018-02-23,R06,0.0,daily
2018-02-24,R06,3.0,daily
2018-02-25,R06,2.0,daily
2018-02-26,R06,1.0,daily
2018-02-27,R06,1.0,daily
2018-02-28,R06,1.0,daily
2018-03-01,R06,1.0,daily
2018-03-02,R06,5.5,daily
2018-03-03,R06,4.0,daily
2018-03-04,R06,1.0,daily
2018-03-05,R06,1.0,daily
2018-03-06,R06,1.0,daily
2018-03-07,R06,1.4,daily
2018-03-08,R06,4.0,daily
2018-03-09,R06,0.0,daily
2018-03-10,R06,6.0,daily
2018-03-11,R06,3.0,daily
2018-03-12,R06,8.0,daily
2018-03-13,R06,5.0,daily
2018-03-14,R06,4.0,daily
2018-03-15,R06,0.0,daily
2018-03-16,R06,1.0,daily
2018-03-17,R06,4.0,daily
2018-03-18,R06,2.0,daily
2018-03-19,R06,1.0,daily
2018-03-20,R06,5.0,daily
2018-03-21,R06,0.0,daily
2018-03-22,R06,1.0,daily
2018-03-23,R06,8.5,daily
2018-03-24,R06,0.0,daily
2018-03-25,R06,2.0,daily
2018-03-26,R06,3.3,daily
2018-03-27,R06,2.0,daily
2018-03-28,R06,1.5,daily
2018-03-29,R06,3.3,daily
2018-03-30,R06,2.0,daily
2018-03-31,R06,4.0,daily
2018-04-01,R06,5.0,daily
2018-04-02,R06,10.0,daily
2018-04-03,R06,3.5,daily
2018-04-04,R06,8.0,daily
2018-04-05,R06,3.0,daily
2018-04-06,R06,5.0,daily
2018-04-07,R06,7.0,daily
2018-04-08,R06,0.0,daily
2018-04-09,R06,6.0,daily
2018-04-10,R06,10.0,daily
2018-04-11,R06,11.0,daily
2018-04-12,R06,4.5,daily
2018-04-13,R06,4.0,daily
2018-04-14,R06,12.0,daily
2018-04-15,R06,6.0,daily
2018-04-16,R06,3.0,daily
2018-04-17,R06,6.0,daily
2018-04-18,R06,1.0,daily
2018-04-19,R06,7.0,daily
2018-04-20,R06,9.0,daily
2018-04-21,R06,6.2,daily
2018-04-22,R06,6.5,daily
2018-04-23,R06,9.0,daily
2018-04-24,R06,12.0,daily
2018-04-25,R06,9.0,daily
2018-04-26,R06,5.0,daily
2018-04-27,R06,4.0,daily
2018-04-28,R06,7.0,daily
2018-04-29,R06,10.4,daily
2018-04-30,R06,7.0,daily
2018-05-01,R06,8.0,daily
2018-05-02,R06,9.0,daily
2018-05-03,R06,10.0,daily
2018-05-04,R06,10.5,daily
2018-05-05,R06,7.0,daily
2018-05-06,R06,13.5,daily
2018-05-07,R06,3.0,daily
2018-05-08,R06,9.0,daily
2018-05-09,R06,5.0,daily
2018-05-10,R06,6.0,daily
2018-05-11,R06,10.0,daily
2018-05-12,R06,8.0,daily
2018-05-13,R06,10.0,daily
2018-05-14,R06,3.0,daily
2018-05-15,R06,7.0,daily
2018-05-16,R06,8.0,daily
2018-05-17,R06,4.0,daily
2018-05-18,R06,2.4,daily
2018-05-19,R06,5.0,daily
2018-05-20,R06,10.0,daily
2018-05-21,R06,5.0,daily
2018-05-22,R06,6.0,daily
2018-05-23,R06,7.0,daily
2018-05-24,R06,1.0,daily
2018-05-25,R06,2.0,daily
2018-05-26,R06,5.0,daily
2018-05-27,R06,11.0,daily
2018-05-28,R06,6.0,daily
2018-05-29,R06,6.0,daily
2018-05-30,R06,10.0,daily
2018-05-31,R06,5.64,daily
2018-06-01,R06,3.0,daily
2018-06-02,R06,9.0,daily
2018-06-03,R06,2.0,daily
2018-06-04,R06,6.0,daily
2018-06-05,R06,7.0,daily
2018-06-06,R06,2.0,daily
2018-06-07,R06,2.0,daily
2018-06-08,R06,4.4,daily
2018-06-09,R06,0.0,daily
2018-06-10,R06,3.0,daily
2018-06-11,R06,6.0,daily
2018-06-12,R06,7.4,daily
2018-06-13,R06,2.0,daily
2018-06-14,R06,2.0,daily
2018-06-15,R06,2.0,daily
2018-06-16,R06,7.0,daily
2018-06-17,R06,4.0,daily
2018-06-18,R06,6.0,daily
2018-06-19,R06,3.0,daily
2018-06-20,R06,2.6,daily
2018-06-21,R06,10.5,daily
2018-06-22,R06,5.5,daily
2018-06-23,R06,2.0,daily
2018-06-24,R06,3.0,daily
2018-06-25,R06,2.0,daily
2018-06-26,R06,4.4,daily
2018-06-27,R06,3.0,daily
2018-06-28,R06,2.0,daily
2018-06-29,R06,4.0,daily
2018-06-30,R06,4.0,daily
2018-07-01,R06,4.0,daily
2018-07-02,R06,7.0,daily
2018-07-03,R06,3.0,daily
2018-07-04,R06,7.0,daily
2018-07-05,R06,1.0,daily
2018-07-06,R06,6.0,daily
2018-07-07,R06,5.5,daily
2018-07-08,R06,4.0,daily
2018-07-09,R06,3.0,daily
2018-07-10,R06,4.0,daily
2018-07-11,R06,2.0,daily
2018-07-12,R06,3.0,daily
2018-07-13,R06,3.0,daily
2018-07-14,R06,1.4,daily
2018-07-15,R06,7.0,daily
2018-07-16,R06,3.0,daily
2018-07-17,R06,6.0,daily
2018-07-18,R06,6.0,daily
2018-07-19,R06,3.0,daily
2018-07-20,R06,4.0,daily
2018-07-21,R06,1.0,daily
2018-07-22,R06,6.0,daily
2018-07-23,R06,5.3,daily
2018-07-24,R06,2.0,daily
2018-07-25,R06,2.0,daily
2018-07-26,R06,4.0,daily
2018-07-27,R06,6.0,daily
2018-07-28,R06,3.0,daily
2018-07-29,R06,3.0,daily
2018-07-30,R06,4.0,daily
2018-07-31,R06,3.0,daily
2018-08-01,R06,7.0,daily
2018-08-02,R06,5.0,daily
2018-08-03,R06,1.0,daily
2018-08-04,R06,8.0,daily
2018-08-05,R06,1.3,daily
2018-08-06,R06,2.0,daily
2018-08-07,R06,3.0,daily
2018-08-08,R06,2.0,daily
2018-08-09,R06,2.0,daily
2018-08-10,R06,2.0,daily
2018-08-11,R06,10.0,daily
2018-08-12,R06,2.0,daily
2018-08-13,R06,2.0,daily
2018-08-14,R06,5.0,daily
2018-08-15,R06,1.0,daily
2018-08-16,R06,5.0,daily
2018-08-17,R06,1.0,daily
2018-08-18,R06,0.0,daily
2018-08-19,R06,6.0,daily
2018-08-20,R06,3.0,daily
2018-08-21,R06,4.0,daily
2018-08-22,R06,4.0,daily
2018-08-23,R06,3.0,daily
2018-08-24,R06,4.0,daily
2018-08-25,R06,2.5,daily
2018-08-26,R06,4.3,daily
2018-08-27,R06,1.0,daily
2018-08-28,R06,3.0,daily
2018-08-29,R06,3.0,daily
2018-08-30,R06,2.0,daily
2018-08-31,R06,4.0,daily
2018-09-01,R06,2.0,daily
2018-09-02,R06,2.0,daily
2018-09-03,R06,4.0,daily
2018-09-04,R06,2.0,daily
2018-09-05,R06,2.0,daily
2018-09-06,R06,0.0,daily
2018-09-07,R06,7.7,daily
2018-09-08,R06,1.0,daily
2018-09-09,R06,5.0,daily
2018-09-10,R06,2.0,daily
2018-09-11,R06,4.0,daily
2018-09-12,R06,0.0,daily
2018-09-13,R06,2.0,daily
2018-09-14,R06,2.0,daily
2018-09-15,R06,4.4,daily
2018-09-16,R06,3.0,daily
2018-09-17,R06,0.0,daily
2018-09-18,R06,5.0,daily
2018-09-19,R06,7.0,daily
2018-09-20,R06,5.0,daily
2018-09-21,R06,3.0,daily
2018-09-22,R06,3.0,daily
2018-09-23,R06,5.0,daily
2018-09-24,R06,2.0,daily
2018-09-25,R06,2.0,daily
2018-09-26,R06,3.0,daily
2018-09-27,R06,3.0,daily
2018-09-28,R06,3.0,daily
2018-09-29,R06,1.0,daily
2018-09-30,R06,3.0,daily
2018-10-01,R06,3.0,daily
2018-10-02,R06,0.0,daily
2018-10-03,R06,4.0,daily
2018-10-04,R06,0.0,daily
2018-10-05,R06,1.0,daily
2018-10-06,R06,0.1,daily
2018-10-07,R06,1.0,daily
2018-10-08,R06,3.0,daily
2018-10-09,R06,1.0,daily
2018-10-10,R06,2.0,daily
2018-10-11,R06,1.0,daily
2018-10-12,R06,6.0,daily
2018-10-13,R06,3.0,daily
2018-10-14,R06,6.0,daily
2018-10-15,R06,6.0,daily
2018-10-16,R06,0.0,daily
2018-10-17,R06,4.0,daily
2018-10-18,R06,5.0,daily
2018-10-19,R06,4.0,daily
2018-10-20,R06,5.0,daily
2018-10-21,R06,1.0,daily
2018-10-22,R06,1.3,daily
2018-10-23,R06,3.0,daily
2018-10-24,R06,1.5,daily
2018-10-25,R06,3.0,daily
2018-10-26,R06,1.0,daily
2018-10-27,R06,2.0,daily
2018-10-28,R06,3.0,daily
2018-10-29,R06,3.0,daily
2018-10-30,R06,1.0,daily
2018-10-31,R06,2.0,daily
2018-11-01,R06,0.0,daily
2018-11-02,R06,3.3,daily
2018-11-03,R06,2.0,daily
2018-11-04,R06,1.0,daily
2018-11-05,R06,2.3,daily
2018-11-06,R06,2.5,daily
2018-11-07,R06,0.0,daily
2018-11-08,R06,2.0,daily
2018-11-09,R06,0.0,daily
2018-11-10,R06,1.1,daily
2018-11-11,R06,1.0,daily
2018-11-12,R06,1.0,daily
2018-11-13,R06,3.0,daily
2018-11-14,R06,0.0,daily
2018-11-15,R06,0.0,daily
2018-11-16,R06,0.4,daily
2018-11-17,R06,2.0,daily
2018-11-18,R06,1.0,daily
2018-11-19,R06,0.0,daily
2018-11-20,R06,3.0,daily
2018-11-21,R06,1.0,daily
2018-11-22,R06,2.0,daily
2018-11-23,R06,3.0,daily
2018-11-24,R06,0.3,daily
2018-11-25,R06,2.0,daily
2018-11-26,R06,3.0,daily
2018-11-27,R06,2.0,daily
2018-11-28,R06,4.0,daily
2018-11-29,R06,3.0,daily
2018-11-30,R06,2.5,daily
2018-12-01,R06,2.0,daily
2018-12-02,R06,8.0,daily
2018-12-03,R06,1.0,daily
2018-12-04,R06,3.0,daily
2018-12-05,R06,2.0,daily
2018-12-06,R06,0.0,daily
2018-12-07,R06,3.0,daily
2018-12-08,R06,0.0,daily
2018-12-09,R06,0.0,daily
2018-12-10,R06,1.0,daily
2018-12-11,R06,5.5,daily
2018-12-12,R06,0.0,daily
2018-12-13,R06,0.0,daily
2018-12-14,R06,1.0,daily
2018-12-15,R06,2.3,daily
2018-12-16,R06,1.0,daily
2018-12-17,R06,2.0,daily
2018-12-18,R06,2.0,daily
2018-12-19,R06,0.0,daily
2018-12-20,R06,0.0,daily
2018-12-21,R06,1.0,daily
2018-12-22,R06,0.0,daily
2018-12-23,R06,4.0,daily
2018-12-24,R06,1.0,daily
2018-12-25,R06,2.0,daily
2018-12-26,R06,2.0,daily
2018-12-27,R06,0.0,daily
2018-12-28,R06,0.0,daily
2018-12-29,R06,2.0,daily
2018-12-30,R06,3.3,daily
2018-12-31,R06,4.0,daily
2019-01-01,R06,0.0,daily
2019-01-02,R06,2.0,daily
2019-01-03,R06,0.0,daily
2019-01-04,R06,1.0,daily
2019-01-05,R06,1.0,daily
2019-01-06,R06,3.0,daily
2019-01-07,R06,0.0,daily
2019-01-08,R06,2.0,daily
2019-01-09,R06,1.0,daily
2019-01-10,R06,1.0,daily
2019-01-11,R06,0.0,daily
2019-01-12,R06,0.0,daily
2019-01-13,R06,2.0,daily
2019-01-14,R06,0.0,daily
2019-01-15,R06,1.0,daily
2019-01-16,R06,5.0,daily
2019-01-17,R06,1.0,daily
2019-01-18,R06,2.0,daily
2019-01-19,R06,3.0,daily
2019-01-20,R06,1.0,daily
2019-01-21,R06,0.0,daily
2019-01-22,R06,0.0,daily
2019-01-23,R06,2.0,daily
2019-01-24,R06,3.0,daily
2019-01-25,R06,1.0,daily
2019-01-26,R06,1.0,daily
2019-01-27,R06,2.0,daily
2019-01-28,R06,3.0,daily
2019-01-29,R06,0.0,daily
2019-01-30,R06,1.3,daily
2019-01-31,R06,2.0,daily
2019-02-01,R06,3.0,daily
2019-02-02,R06,0.0,daily
2019-02-03,R06,4.4,daily
2019-02-04,R06,2.0,daily
2019-02-05,R06,4.0,daily
2019-02-06,R06,1.5,daily
2019-02-07,R06,1.0,daily
2019-02-08,R06,5.0,daily
2019-02-09,R06,1.0,daily
2019-02-10,R06,1.2,daily
2019-02-11,R06,3.0,daily
2019-02-12,R06,0.5,daily
2019-02-13,R06,2.0,daily
2019-02-14,R06,3.0,daily
2019-02-15,R06,2.0,daily
2019-02-16,R06,3.0,daily
2019-02-17,R06,3.1,daily
2019-02-18,R06,0.0,daily
2019-02-19,R06,3.0,daily
2019-02-20,R06,3.0,daily
2019-02-21,R06,2.0,daily
2019-02-22,R06,2.0,daily
2019-02-23,R06,1.3,daily
2019-02-24,R06,2.0,daily
2019-02-25,R06,3.0,daily
2019-02-26,R06,3.0,daily
2019-02-27,R06,7.5,daily
2019-02-28,R06,3.0,daily
2019-03-01,R06,2.0,daily
2019-03-02,R06,5.0,daily
2019-03-03,R06,0.4,daily
2019-03-04,R06,2.0,daily
2019-03-05,R06,5.3,daily
2019-03-06,R06,3.0,daily
2019-03-07,R06,4.0,daily
2019-03-08,R06,4.3,daily
2019-03-09,R06,5.0,daily
2019-03-10,R06,9.0,daily
2019-03-11,R06,3.0,daily
2019-03-12,R06,2.0,daily
2019-03-13,R06,4.0,daily
2019-03-14,R06,6.0,daily
2019-03-15,R06,5.0,daily
2019-03-16,R06,7.0,daily
2019-03-17,R06,5.0,daily
2019-03-18,R06,9.0,daily
2019-03-19,R06,8.0,daily
2019-03-20,R06,5.0,daily
2019-03-21,R06,5.0,daily
2019-03-22,R06,6.0,daily
2019-03-23,R06,5.0,daily
2019-03-24,R06,10.0,daily
2019-03-25,R06,6.0,daily
2019-03-26,R06,9.0,daily
2019-03-27,R06,9.0,daily
2019-03-28,R06,1.0,daily
2019-03-29,R06,9.2,daily
2019-03-30,R06,6.1,daily
2019-03-31,R06,9.2,daily
2019-04-01,R06,5.0,daily
2019-04-02,R06,8.0,daily
2019-04-03,R06,9.3,daily
2019-04-04,R06,15.0,daily
2019-04-05,R06,4.0,daily
2019-04-06,R06,9.3,daily
2019-04-07,R06,7.0,daily
2019-04-08,R06,3.0,daily
2019-04-09,R06,5.0,daily
2019-04-10,R06,8.0,daily
2019-04-11,R06,8.0,daily
2019-04-12,R06,7.0,daily
2019-04-13,R06,4.0,daily
2019-04-14,R06,5.5,daily
2019-04-15,R06,5.0,daily
2019-04-16,R06,3.0,daily
2019-04-17,R06,5.0,daily
2019-04-18,R06,0.0,daily
2019-04-19,R06,2.0,daily
2019-04-20,R06,6.0,daily
2019-04-21,R06,12.2,daily
2019-04-22,R06,9.0,daily
2019-04-23,R06,2.0,daily
2019-04-24,R06,2.0,daily
2019-04-25,R06,5.4,daily
2019-04-26,R06,11.0,daily
2019-04-27,R06,7.0,daily
2019-04-28,R06,0.0,daily
2019-04-29,R06,3.0,daily
2019-04-30,R06,8.4,daily
2019-05-01,R06,3.0,daily
2019-05-02,R06,9.0,daily
2019-05-03,R06,8.0,daily
2019-05-04,R06,9.0,daily
2019-05-05,R06,5.0,daily
2019-05-06,R06,3.0,daily
2019-05-07,R06,5.0,daily
2019-05-08,R06,0.0,daily
2019-05-09,R06,4.0,daily
2019-05-10,R06,2.0,daily
2019-05-11,R06,5.0,daily
2019-05-12,R06,5.0,daily
2019-05-13,R06,3.0,daily
2019-05-14,R06,3.0,daily
2019-05-15,R06,3.0,daily
2019-05-16,R06,5.0,daily
2019-05-17,R06,2.2,daily
2019-05-18,R06,3.0,daily
2019-05-19,R06,4.2,daily
2019-05-20,R06,5.0,daily
2019-05-21,R06,7.0,daily
2019-05-22,R06,5.0,daily
2019-05-23,R06,6.0,daily
2019-05-24,R06,3.0,daily
2019-05-25,R06,2.0,daily
2019-05-26,R06,6.0,daily
2019-05-27,R06,2.0,daily
2019-05-28,R06,6.0,daily
2019-05-29,R06,3.0,daily
2019-05-30,R06,4.0,daily
2019-05-31,R06,5.0,daily
2019-06-01,R06,4.0,daily
2019-06-02,R06,4.0,daily
2019-06-03,R06,10.0,daily
2019-06-04,R06,5.0,daily
2019-06-05,R06,2.0,daily
2019-06-06,R06,4.0,daily
2019-06-07,R06,0.0,daily
2019-06-08,R06,2.1,daily
2019-06-09,R06,5.0,daily
2019-06-10,R06,12.0,daily
2019-06-11,R06,6.0,daily
2019-06-12,R06,7.0,daily
2019-06-13,R06,9.0,daily
2019-06-14,R06,6.0,daily
2019-06-15,R06,8.0,daily
2019-06-16,R06,9.0,daily
2019-06-17,R06,2.34,daily
2019-06-18,R06,12.1,daily
2019-06-19,R06,5.5,daily
2019-06-20,R06,4.0,daily
2019-06-21,R06,6.0,daily
2019-06-22,R06,5.0,daily
2019-06-23,R06,1.0,daily
2019-06-24,R06,7.0,daily
2019-06-25,R06,3.0,daily
2019-06-26,R06,5.0,daily
2019-06-27,R06,2.0,daily
2019-06-28,R06,3.0,daily
2019-06-29,R06,2.0,daily
2019-06-30,R06,5.0,daily
2019-07-01,R06,4.0,daily
2019-07-02,R06,4.3,daily
2019-07-03,R06,4.0,daily
2019-07-04,R06,6.5,daily
2019-07-05,R06,2.0,daily
2019-07-06,R06,3.0,daily
2019-07-07,R06,5.0,daily
2019-07-08,R06,4.0,daily
2019-07-09,R06,2.0,daily
2019-07-10,R06,4.0,daily
2019-07-11,R06,3.0,daily
2019-07-12,R06,2.0,daily
2019-07-13,R06,5.0,daily
2019-07-14,R06,1.0,daily
2019-07-15,R06,7.0,daily
2019-07-16,R06,4.0,daily
2019-07-17,R06,2.0,daily
2019-07-18,R06,3.0,daily
2019-07-19,R06,7.0,daily
2019-07-20,R06,2.0,daily
2019-07-21,R06,3.0,daily
2019-07-22,R06,6.0,daily
2019-07-23,R06,2.4,daily
2019-07-24,R06,1.0,daily
2019-07-25,R06,2.0,daily
2019-07-26,R06,3.0,daily
2019-07-27,R06,3.4,daily
2019-07-28,R06,0.6,daily
2019-07-29,R06,2.0,daily
2019-07-30,R06,5.0,daily
2019-07-31,R06,2.0,daily
2019-08-01,R06,2.0,daily
2019-08-02,R06,1.0,daily
2019-08-03,R06,3.4,daily
2019-08-04,R06,4.3,daily
2019-08-05,R06,0.0,daily
2019-08-06,R06,6.0,daily
2019-08-07,R06,3.0,daily
2019-08-08,R06,3.0,daily
2019-08-09,R06,5.0,daily
2019-08-10,R06,0.0,daily
2019-08-11,R06,3.0,daily
2019-08-12,R06,3.5,daily
2019-08-13,R06,1.0,daily
2019-08-14,R06,3.0,daily
2019-08-15,R06,2.0,daily
2019-08-16,R06,7.0,daily
2019-08-17,R06,2.5,daily
2019-08-18,R06,4.0,daily
2019-08-19,R06,4.0,daily
2019-08-20,R06,3.0,daily
2019-08-21,R06,3.0,daily
2019-08-22,R06,3.0,daily
2019-08-23,R06,2.0,daily
2019-08-24,R06,5.5,daily
2019-08-25,R06,0.0,daily
2019-08-26,R06,3.0,daily
2019-08-27,R06,5.0,daily
2019-08-28,R06,2.0,daily
2019-08-29,R06,2.0,daily
2019-08-30,R06,5.1,daily
2019-08-31,R06,6.0,daily
2019-09-01,R06,4.0,daily
2019-09-02,R06,9.0,daily
2019-09-03,R06,2.0,daily
2019-09-04,R06,3.0,daily
2019-09-05,R06,8.0,daily
2019-09-06,R06,1.5,daily
2019-09-07,R06,2.0,daily
2019-09-08,R06,3.0,daily
2019-09-09,R06,2.0,daily
2019-09-10,R06,1.0,daily
2019-09-11,R06,2.5,daily
2019-09-12,R06,4.0,daily
2019-09-13,R06,5.0,daily
2019-09-14,R06,10.0,daily
2019-09-15,R06,6.0,daily
2019-09-16,R06,2.0,daily
2019-09-17,R06,2.0,daily
2019-09-18,R06,2.0,daily
2019-09-19,R06,4.0,daily
2019-09-20,R06,3.0,daily
2019-09-21,R06,4.0,daily
2019-09-22,R06,4.0,daily
2019-09-23,R06,4.0,daily
2019-09-24,R06,6.0,daily
2019-09-25,R06,4.0,daily
2019-09-26,R06,0.0,daily
2019-09-27,R06,4.0,daily
2019-09-28,R06,3.0,daily
2019-09-29,R06,2.1,daily
2019-09-30,R06,2.0,daily
2019-10-01,R06,1.5,daily
2019-10-02,R06,1.1,daily
2019-10-03,R06,2.0,daily
2019-10-04,R06,1.0,daily
2019-10-05,R06,0.33,daily
2019-10-06,R06,4.2,daily
2019-10-07,R06,1.0,daily
2019-10-08,R06,0.0,daily
